date,country,new_cases,new_deaths,new_recoveries,cumulative_cases,cumulative_deaths
2020-01-01,USA,272550,3572,255469,272550,3572
2020-01-02,USA,266674,3495,249962,539224,7067
2020-01-03,USA,254904,3336,238929,794128,10403
2020-01-04,USA,272437,3568,255363,1066565,13971
2020-01-05,USA,263200,3446,246705,1329765,17417
2020-01-06,USA,267265,3501,250516,1597030,20918
2020-01-07,USA,281181,3683,263560,1878211,24601
2020-01-08,USA,255010,3334,239029,2133221,27935
2020-01-09,USA,261459,3423,245073,2394680,31358
2020-01-10,USA,282111,3695,264431,2676791,35053
2020-01-11,USA,279474,3657,261960,2956265,38710
2020-01-12,USA,303160,3971,284161,3259425,42681
2020-01-13,USA,288794,3779,270695,3548219,46460
2020-01-14,USA,284911,3729,267056,3833130,50189
2020-01-15,USA,333320,4367,312431,4166450,54556
2020-01-16,USA,310973,4070,291485,4477423,58626
2020-01-17,USA,319526,4185,299502,4796949,62811
2020-01-18,USA,299374,3917,280612,5096323,66728
2020-01-19,USA,317305,4159,297420,5413628,70887
2020-01-20,USA,331814,4344,311019,5745442,75231
2020-01-21,USA,314529,4119,294818,6059971,79350
2020-01-22,USA,343778,4502,322234,6403749,83852
2020-01-23,USA,330845,4334,310111,6734594,88186
2020-01-24,USA,339657,4445,318371,7074251,92631
2020-01-25,USA,337744,4423,316578,7411995,97054
2020-01-26,USA,384272,5031,360190,7796267,102085
2020-01-27,USA,354873,4644,332633,8151140,106729
2020-01-28,USA,339504,4448,318228,8490644,111177
2020-01-29,USA,376623,4931,353020,8867267,116108
2020-01-30,USA,342678,4488,321203,9209945,120596
2020-01-31,USA,371942,4871,348633,9581887,125467
2020-02-01,USA,334793,4383,313812,9916680,129850
2020-02-02,USA,349304,4578,327413,10265984,134428
2020-02-03,USA,380776,4986,356913,10646760,139414
2020-02-04,USA,393922,5155,369235,11040682,144569
2020-02-05,USA,385921,5053,361736,11426603,149622
2020-02-06,USA,383077,5017,359070,11809680,154639
2020-02-07,USA,382041,5004,358099,12191721,159643
2020-02-08,USA,361508,4732,338853,12553229,164375
2020-02-09,USA,378628,4960,354900,12931857,169335
2020-02-10,USA,385971,5051,361783,13317828,174386
2020-02-11,USA,418282,5480,392069,13736110,179866
2020-02-12,USA,406261,5317,380801,14142371,185183
2020-02-13,USA,366031,4793,343092,14508402,189976
2020-02-14,USA,409877,5370,384190,14918279,195346
2020-02-15,USA,397361,5204,372459,15315640,200550
2020-02-16,USA,393112,5149,368476,15708752,205699
2020-02-17,USA,420999,5514,394615,16129751,211213
2020-02-18,USA,431160,5649,404140,16560911,216862
2020-02-19,USA,430594,5641,403609,16991505,222503
2020-02-20,USA,395424,5177,370643,17386929,227680
2020-02-21,USA,407548,5338,382007,17794477,233018
2020-02-22,USA,421920,5522,395479,18216397,238540
2020-02-23,USA,436330,5714,408986,18652727,244254
2020-02-24,USA,406931,5330,381429,19059658,249584
2020-02-25,USA,413819,5419,387885,19473477,255003
2020-02-26,USA,395222,5176,370454,19868699,260179
2020-02-27,USA,393869,5157,369186,20262568,265336
2020-02-28,USA,436418,5717,409068,20698986,271053
2020-02-29,USA,448188,5869,420101,21147174,276922
2020-03-01,USA,418450,5479,392226,21565624,282401
2020-03-02,USA,441172,5779,413524,22006796,288180
2020-03-03,USA,427711,5598,400907,22434507,293778
2020-03-04,USA,406482,5324,381008,22840989,299102
2020-03-05,USA,427428,5595,400642,23268417,304697
2020-03-06,USA,451811,5919,423497,23720228,310616
2020-03-07,USA,418395,5478,392175,24138623,316094
2020-03-08,USA,451395,5911,423107,24590018,322005
2020-03-09,USA,363275,4758,340509,24953293,326763
2020-03-10,USA,434478,5686,407250,25387771,332449
2020-03-11,USA,418332,5477,392116,25806103,337926
2020-03-12,USA,409397,5363,383741,26215500,343289
2020-03-13,USA,416508,5456,390406,26632008,348745
2020-03-14,USA,372408,4877,349070,27004416,353622
2020-03-15,USA,407778,5337,382223,27412194,358959
2020-03-16,USA,418356,5480,392138,27830550,364439
2020-03-17,USA,439907,5762,412339,28270457,370201
2020-03-18,USA,397587,5207,372671,28668044,375408
2020-03-19,USA,390169,5112,365718,29058213,380520
2020-03-20,USA,394803,5169,370061,29453016,385689
2020-03-21,USA,421693,5521,395266,29874709,391210
2020-03-22,USA,408026,5338,382455,30282735,396548
2020-03-23,USA,388957,5095,364581,30671692,401643
2020-03-24,USA,407780,5341,382225,31079472,406984
2020-03-25,USA,397459,5201,372551,31476931,412185
2020-03-26,USA,412485,5398,386635,31889416,417583
2020-03-27,USA,377516,4942,353857,32266932,422525
2020-03-28,USA,382632,5012,358653,32649564,427537
2020-03-29,USA,379115,4964,355356,33028679,432501
2020-03-30,USA,356202,4663,333879,33384881,437164
2020-03-31,USA,387553,5073,363265,33772434,442237
2020-04-01,USA,384367,5031,360279,34156801,447268
2020-04-02,USA,376975,4933,353350,34533776,452201
2020-04-03,USA,369903,4841,346722,34903679,457042
2020-04-04,USA,345358,4520,323715,35249037,461562
2020-04-05,USA,361225,4732,338587,35610262,466294
2020-04-06,USA,359994,4714,337434,35970256,471008
2020-04-07,USA,348935,4568,327068,36319191,475576
2020-04-08,USA,357821,4690,335397,36677012,480266
2020-04-09,USA,365143,4780,342260,37042155,485046
2020-04-10,USA,388554,5090,364204,37430709,490136
2020-04-11,USA,355270,4655,333006,37785979,494791
2020-04-12,USA,353802,4630,331630,38139781,499421
2020-04-13,USA,345104,4519,323477,38484885,503940
2020-04-14,USA,310515,4065,291055,38795400,508005
2020-04-15,USA,340080,4452,318767,39135480,512457
2020-04-16,USA,338603,4435,317383,39474083,516892
2020-04-17,USA,375852,4921,352298,39849935,521813
2020-04-18,USA,328492,4301,307906,40178427,526114
2020-04-19,USA,333688,4369,312776,40512115,530483
2020-04-20,USA,325218,4258,304837,40837333,534741
2020-04-21,USA,303978,3978,284928,41141311,538719
2020-04-22,USA,338196,4430,317002,41479507,543149
2020-04-23,USA,328918,4309,308305,41808425,547458
2020-04-24,USA,326525,4276,306062,42134950,551734
2020-04-25,USA,297070,3889,278453,42432020,555623
2020-04-26,USA,329996,4320,309315,42762016,559943
2020-04-27,USA,284119,3719,266313,43046135,563662
2020-04-28,USA,311618,4085,292089,43357753,567747
2020-04-29,USA,332820,4360,311962,43690573,572107
2020-04-30,USA,282508,3698,264803,43973081,575805
2020-05-01,USA,286192,3748,268257,44259273,579553
2020-05-02,USA,293328,3840,274945,44552601,583393
2020-05-03,USA,281976,3694,264305,44834577,587087
2020-05-04,USA,264459,3464,247885,45099036,590551
2020-05-05,USA,285141,3736,267271,45384177,594287
2020-05-06,USA,266731,3491,250015,45650908,597778
2020-05-07,USA,285889,3744,267972,45936797,601522
2020-05-08,USA,264181,3456,247625,46200978,604978
2020-05-09,USA,295887,3872,277344,46496865,608850
2020-05-10,USA,261690,3428,245290,46758555,612278
2020-05-11,USA,265820,3479,249161,47024375,615757
2020-05-12,USA,278953,3651,261471,47303328,619408
2020-05-13,USA,249620,3269,233976,47552948,622677
2020-05-14,USA,267005,3498,250272,47819953,626175
2020-05-15,USA,279212,3654,261714,48099165,629829
2020-05-16,USA,239314,3127,224316,48338479,632956
2020-05-17,USA,260840,3414,244493,48599319,636370
2020-05-18,USA,260087,3408,243787,48859406,639778
2020-05-19,USA,265095,3472,248482,49124501,643250
2020-05-20,USA,237885,3118,222977,49362386,646368
2020-05-21,USA,235449,3081,220693,49597835,649449
2020-05-22,USA,257242,3365,241121,49855077,652814
2020-05-23,USA,253087,3315,237226,50108164,656129
2020-05-24,USA,251256,3291,235510,50359420,659420
2020-05-25,USA,251273,3291,235526,50610693,662711
2020-05-26,USA,237560,3113,222672,50848253,665824
2020-05-27,USA,247779,3245,232251,51096032,669069
2020-05-28,USA,247605,3243,232088,51343637,672312
2020-05-29,USA,234519,3072,219822,51578156,675384
2020-05-30,USA,265090,3472,248477,51843246,678856
2020-05-31,USA,247545,3243,232031,52090791,682099
2020-06-01,USA,226875,2973,212657,52317666,685072
2020-06-02,USA,248665,3259,233081,52566331,688331
2020-06-03,USA,228645,2993,214316,52794976,691324
2020-06-04,USA,249490,3268,233855,53044466,694592
2020-06-05,USA,253703,3321,237804,53298169,697913
2020-06-06,USA,229824,3008,215421,53527993,700921
2020-06-07,USA,251134,3287,235396,53779127,704208
2020-06-08,USA,244553,3203,229227,54023680,707411
2020-06-09,USA,249556,3269,233916,54273236,710680
2020-06-10,USA,262632,3440,246173,54535868,714120
2020-06-11,USA,237190,3105,222325,54773058,717225
2020-06-12,USA,231408,3030,216906,55004466,720255
2020-06-13,USA,230170,3016,215745,55234636,723271
2020-06-14,USA,231527,3029,217017,55466163,726300
2020-06-15,USA,241006,3156,225902,55707169,729456
2020-06-16,USA,246715,3231,231253,55953884,732687
2020-06-17,USA,246654,3231,231196,56200538,735918
2020-06-18,USA,254165,3325,238237,56454703,739243
2020-06-19,USA,245080,3212,229721,56699783,742455
2020-06-20,USA,263708,3454,247182,56963491,745909
2020-06-21,USA,243558,3190,228294,57207049,749099
2020-06-22,USA,281589,3686,263942,57488638,752785
2020-06-23,USA,256774,3363,240682,57745412,756148
2020-06-24,USA,239433,3135,224428,57984845,759283
2020-06-25,USA,237923,3118,223012,58222768,762401
2020-06-26,USA,258765,3385,242548,58481533,765786
2020-06-27,USA,251170,3289,235429,58732703,769075
2020-06-28,USA,264517,3465,247940,58997220,772540
2020-06-29,USA,262917,3442,246440,59260137,775982
2020-06-30,USA,257385,3369,241255,59517522,779351
2020-07-01,USA,248854,3258,233258,59766376,782609
2020-07-02,USA,241628,3164,226485,60008004,785773
2020-07-03,USA,257171,3364,241054,60265175,789137
2020-07-04,USA,276029,3616,258730,60541204,792753
2020-07-05,USA,269230,3524,252357,60810434,796277
2020-07-06,USA,251395,3292,235640,61061829,799569
2020-07-07,USA,272178,3565,255121,61334007,803134
2020-07-08,USA,276846,3624,259496,61610853,806758
2020-07-09,USA,261325,3422,244948,61872178,810180
2020-07-10,USA,277342,3628,259961,62149520,813808
2020-07-11,USA,277868,3640,260454,62427388,817448
2020-07-12,USA,262971,3446,246491,62690359,820894
2020-07-13,USA,285799,3739,267888,62976158,824633
2020-07-14,USA,290575,3804,272365,63266733,828437
2020-07-15,USA,299938,3925,281141,63566671,832362
2020-07-16,USA,301506,3948,282611,63868177,836310
2020-07-17,USA,268439,3516,251616,64136616,839826
2020-07-18,USA,276577,3624,259244,64413193,843450
2020-07-19,USA,299587,3925,280812,64712780,847375
2020-07-20,USA,301490,3951,282596,65014270,851326
2020-07-21,USA,303420,3973,284405,65317690,855299
2020-07-22,USA,354996,4646,332749,65672686,859945
2020-07-23,USA,308038,4033,288733,65980724,863978
2020-07-24,USA,318415,4171,298460,66299139,868149
2020-07-25,USA,317562,4156,297661,66616701,872305
2020-07-26,USA,314806,4126,295077,66931507,876431
2020-07-27,USA,301789,3954,282876,67233296,880385
2020-07-28,USA,320042,4190,299985,67553338,884575
2020-07-29,USA,298046,3901,279368,67851384,888476
2020-07-30,USA,307988,4032,288687,68159372,892508
2020-07-31,USA,305691,4003,286534,68465063,896511
2020-08-01,USA,316161,4140,296347,68781224,900651
2020-08-02,USA,353028,4625,330904,69134252,905276
2020-08-03,USA,288217,3773,270155,69422469,909049
2020-08-04,USA,330302,4326,309602,69752771,913375
2020-08-05,USA,294876,3861,276396,70047647,917236
2020-08-06,USA,314486,4119,294777,70362133,921355
2020-08-07,USA,340989,4465,319620,70703122,925820
2020-08-08,USA,325662,4266,305253,71028784,930086
2020-08-09,USA,308243,4038,288926,71337027,934124
2020-08-10,USA,315230,4129,295475,71652257,938253
2020-08-11,USA,339131,4442,317878,71991388,942695
2020-08-12,USA,316970,4149,297106,72308358,946844
2020-08-13,USA,333491,4368,312591,72641849,951212
2020-08-14,USA,331543,4344,310765,72973392,955556
2020-08-15,USA,320787,4202,300684,73294179,959758
2020-08-16,USA,367950,4816,344891,73662129,964574
2020-08-17,USA,343541,4499,322012,74005670,969073
2020-08-18,USA,299797,3926,281009,74305467,972999
2020-08-19,USA,337208,4414,316075,74642675,977413
2020-08-20,USA,323466,4233,303195,74966141,981646
2020-08-21,USA,349179,4572,327296,75315320,986218
2020-08-22,USA,321911,4214,301737,75637231,990432
2020-08-23,USA,333484,4367,312585,75970715,994799
2020-08-24,USA,344016,4502,322457,76314731,999301
2020-08-25,USA,350128,4586,328186,76664859,1003887
2020-08-26,USA,315436,4129,295668,76980295,1008016
2020-08-27,USA,329862,4321,309190,77310157,1012337
2020-08-28,USA,327326,4286,306813,77637483,1016623
2020-08-29,USA,324079,4244,303769,77961562,1020867
2020-08-30,USA,364221,4769,341396,78325783,1025636
2020-08-31,USA,341016,4464,319645,78666799,1030100
2020-09-01,USA,312696,4100,293100,78979495,1034200
2020-09-02,USA,348435,4562,326599,79327930,1038762
2020-09-03,USA,367751,4818,344704,79695681,1043580
2020-09-04,USA,348841,4566,326979,80044522,1048146
2020-09-05,USA,305740,4004,286579,80350262,1052150
2020-09-06,USA,321970,4217,301792,80672232,1056367
2020-09-07,USA,349799,4581,327877,81022031,1060948
2020-09-08,USA,316278,4140,296457,81338309,1065088
2020-09-09,USA,333971,4373,313041,81672280,1069461
2020-09-10,USA,338089,4426,316901,82010369,1073887
2020-09-11,USA,309139,4053,289765,82319508,1077940
2020-09-12,USA,321808,4214,301641,82641316,1082154
2020-09-13,USA,269223,3526,252351,82910539,1085680
2020-09-14,USA,303370,3976,284358,83213909,1089656
2020-09-15,USA,314108,4111,294423,83528017,1093767
2020-09-16,USA,296686,3885,278093,83824703,1097652
2020-09-17,USA,340344,4456,319015,84165047,1102108
2020-09-18,USA,290448,3803,272246,84455495,1105911
2020-09-19,USA,304066,3981,285010,84759561,1109892
2020-09-20,USA,310947,4070,291460,85070508,1113962
2020-09-21,USA,328996,4309,308378,85399504,1118271
2020-09-22,USA,282885,3702,265157,85682389,1121973
2020-09-23,USA,320188,4195,300122,86002577,1126168
2020-09-24,USA,300502,3936,281670,86303079,1130104
2020-09-25,USA,283418,3710,265656,86586497,1133814
2020-09-26,USA,302517,3960,283558,86889014,1137774
2020-09-27,USA,296185,3879,277623,87185199,1141653
2020-09-28,USA,282063,3692,264386,87467262,1145345
2020-09-29,USA,289267,3791,271139,87756529,1149136
2020-09-30,USA,280176,3669,262618,88036705,1152805
2020-10-01,USA,284655,3728,266816,88321360,1156533
2020-10-02,USA,289650,3794,271498,88611010,1160327
2020-10-03,USA,299660,3923,280880,88910670,1164250
2020-10-04,USA,257857,3379,241697,89168527,1167629
2020-10-05,USA,301075,3943,282207,89469602,1171572
2020-10-06,USA,242926,3183,227702,89712528,1174755
2020-10-07,USA,264291,3460,247728,89976819,1178215
2020-10-08,USA,271133,3553,254141,90247952,1181768
2020-10-09,USA,264083,3459,247533,90512035,1185227
2020-10-10,USA,249415,3270,233784,90761450,1188497
2020-10-11,USA,251760,3296,235982,91013210,1191793
2020-10-12,USA,245162,3211,229798,91258372,1195004
2020-10-13,USA,240966,3153,225865,91499338,1198157
2020-10-14,USA,255602,3346,239584,91754940,1201503
2020-10-15,USA,246389,3228,230948,92001329,1204731
2020-10-16,USA,230652,3022,216197,92231981,1207753
2020-10-17,USA,246383,3232,230942,92478364,1210985
2020-10-18,USA,236184,3092,221382,92714548,1214077
2020-10-19,USA,238757,3124,223794,92953305,1217201
2020-10-20,USA,233366,3057,218741,93186671,1220258
2020-10-21,USA,213801,2797,200402,93400472,1223055
2020-10-22,USA,213687,2799,200295,93614159,1225854
2020-10-23,USA,224737,2942,210653,93838896,1228796
2020-10-24,USA,219951,2880,206167,94058847,1231676
2020-10-25,USA,210013,2752,196851,94268860,1234428
2020-10-26,USA,208248,2727,195197,94477108,1237155
2020-10-27,USA,216862,2841,203271,94693970,1239996
2020-10-28,USA,194716,2551,182513,94888686,1242547
2020-10-29,USA,202877,2653,190163,95091563,1245200
2020-10-30,USA,192345,2517,180291,95283908,1247717
2020-10-31,USA,189077,2473,177227,95472985,1250190
2020-11-01,USA,198354,2601,185923,95671339,1252791
2020-11-02,USA,192537,2521,180471,95863876,1255312
2020-11-03,USA,189203,2481,177346,96053079,1257793
2020-11-04,USA,190399,2490,178467,96243478,1260283
2020-11-05,USA,175863,2302,164842,96419341,1262585
2020-11-06,USA,178539,2339,167350,96597880,1264924
2020-11-07,USA,167019,2187,156552,96764899,1267111
2020-11-08,USA,169383,2219,158768,96934282,1269330
2020-11-09,USA,162675,2127,152480,97096957,1271457
2020-11-10,USA,161613,2119,151485,97258570,1273576
2020-11-11,USA,162661,2131,152467,97421231,1275707
2020-11-12,USA,148776,1949,139452,97570007,1277656
2020-11-13,USA,168261,2202,157716,97738268,1279858
2020-11-14,USA,142038,1860,133136,97880306,1281718
2020-11-15,USA,137925,1805,129281,98018231,1283523
2020-11-16,USA,152512,1994,142954,98170743,1285517
2020-11-17,USA,147131,1926,137910,98317874,1287443
2020-11-18,USA,143274,1876,134295,98461148,1289319
2020-11-19,USA,140680,1844,131863,98601828,1291163
2020-11-20,USA,133816,1748,125430,98735644,1292911
2020-11-21,USA,125553,1644,117684,98861197,1294555
2020-11-22,USA,129544,1694,121425,98990741,1296249
2020-11-23,USA,122418,1603,114746,99113159,1297852
2020-11-24,USA,130483,1709,122305,99243642,1299561
2020-11-25,USA,121278,1588,113677,99364920,1301149
2020-11-26,USA,115038,1508,107828,99479958,1302657
2020-11-27,USA,115968,1516,108700,99595926,1304173
2020-11-28,USA,118182,1549,110775,99714108,1305722
2020-11-29,USA,110569,1446,103639,99824677,1307168
2020-11-30,USA,107223,1401,100503,99931900,1308569
2020-12-01,USA,111265,1456,104292,100043165,1310025
2020-12-02,USA,109414,1428,102557,100152579,1311453
2020-12-03,USA,103620,1357,97126,100256199,1312810
2020-12-04,USA,102139,1337,95738,100358338,1314147
2020-12-05,USA,104148,1366,97621,100462486,1315513
2020-12-06,USA,94027,1232,88134,100556513,1316745
2020-12-07,USA,92818,1212,87001,100649331,1317957
2020-12-08,USA,94854,1240,88909,100744185,1319197
2020-12-09,USA,95962,1257,89948,100840147,1320454
2020-12-10,USA,97159,1274,91070,100937306,1321728
2020-12-11,USA,101378,1330,95024,101038684,1323058
2020-12-12,USA,97217,1275,91124,101135901,1324333
2020-12-13,USA,91357,1196,85631,101227258,1325529
2020-12-14,USA,90949,1191,85249,101318207,1326720
2020-12-15,USA,85531,1122,80170,101403738,1327842
2020-12-16,USA,89042,1165,83461,101492780,1329007
2020-12-17,USA,86998,1140,81546,101579778,1330147
2020-12-18,USA,88900,1163,83328,101668678,1331310
2020-12-19,USA,83184,1088,77971,101751862,1332398
2020-12-20,USA,88366,1157,82828,101840228,1333555
2020-12-21,USA,92111,1204,86338,101932339,1334759
2020-12-22,USA,84584,1107,79283,102016923,1335866
2020-12-23,USA,86311,1128,80902,102103234,1336994
2020-12-24,USA,87152,1140,81690,102190386,1338134
2020-12-25,USA,82263,1078,77107,102272649,1339212
2020-12-26,USA,84659,1107,79353,102357308,1340319
2020-12-27,USA,83616,1095,78375,102440924,1341414
2020-12-28,USA,83884,1098,78627,102524808,1342512
2020-12-29,USA,80232,1051,75204,102605040,1343563
2020-12-30,USA,83612,1094,78372,102688652,1344657
2020-12-31,USA,85714,1124,80342,102774366,1345781
2021-01-01,USA,89904,1173,84269,102864270,1346954
2021-01-02,USA,88114,1159,82592,102952384,1348113
2021-01-03,USA,93497,1222,87637,103045881,1349335
2021-01-04,USA,81549,1068,76438,103127430,1350403
2021-01-05,USA,88987,1163,83410,103216417,1351566
2021-01-06,USA,86586,1135,81159,103303003,1352701
2021-01-07,USA,95860,1255,89852,103398863,1353956
2021-01-08,USA,83544,1092,78308,103482407,1355048
2021-01-09,USA,84108,1103,78837,103566515,1356151
2021-01-10,USA,85937,1125,80551,103652452,1357276
2021-01-11,USA,79954,1048,74943,103732406,1358324
2021-01-12,USA,88008,1150,82492,103820414,1359474
2021-01-13,USA,87907,1151,82398,103908321,1360625
2021-01-14,USA,93128,1223,87291,104001449,1361848
2021-01-15,USA,95150,1248,89187,104096599,1363096
2021-01-16,USA,103621,1357,97127,104200220,1364453
2021-01-17,USA,100537,1315,94236,104300757,1365768
2021-01-18,USA,94472,1237,88551,104395229,1367005
2021-01-19,USA,94210,1234,88306,104489439,1368239
2021-01-20,USA,102527,1343,96101,104591966,1369582
2021-01-21,USA,94842,1239,88898,104686808,1370821
2021-01-22,USA,112527,1475,105475,104799335,1372296
2021-01-23,USA,110855,1449,103907,104910190,1373745
2021-01-24,USA,103836,1363,97328,105014026,1375108
2021-01-25,USA,98781,1292,92590,105112807,1376400
2021-01-26,USA,117230,1535,109883,105230037,1377935
2021-01-27,USA,110969,1455,104014,105341006,1379390
2021-01-28,USA,120496,1577,112944,105461502,1380967
2021-01-29,USA,106185,1391,99530,105567687,1382358
2021-01-30,USA,113831,1493,106697,105681518,1383851
2021-01-31,USA,119391,1564,111909,105800909,1385415
2021-02-01,USA,121703,1594,114076,105922612,1387009
2021-02-02,USA,120741,1577,113174,106043353,1388586
2021-02-03,USA,129583,1695,121462,106172936,1390281
2021-02-04,USA,121033,1587,113448,106293969,1391868
2021-02-05,USA,129166,1692,121071,106423135,1393560
2021-02-06,USA,133161,1745,124816,106556296,1395305
2021-02-07,USA,138141,1810,129484,106694437,1397115
2021-02-08,USA,141901,1860,133008,106836338,1398975
2021-02-09,USA,131569,1722,123323,106967907,1400697
2021-02-10,USA,130948,1715,122741,107098855,1402412
2021-02-11,USA,153498,2008,143878,107252353,1404420
2021-02-12,USA,149202,1951,139851,107401555,1406371
2021-02-13,USA,143688,1878,134683,107545243,1408249
2021-02-14,USA,163592,2140,153340,107708835,1410389
2021-02-15,USA,155276,2036,145545,107864111,1412425
2021-02-16,USA,166231,2173,155813,108030342,1414598
2021-02-17,USA,160127,2096,150092,108190469,1416694
2021-02-18,USA,178941,2340,167727,108369410,1419034
2021-02-19,USA,179351,2347,168111,108548761,1421381
2021-02-20,USA,165465,2167,155095,108714226,1423548
2021-02-21,USA,178509,2336,167322,108892735,1425884
2021-02-22,USA,178521,2340,167333,109071256,1428224
2021-02-23,USA,187675,2460,175913,109258931,1430684
2021-02-24,USA,169770,2218,159130,109428701,1432902
2021-02-25,USA,187323,2451,175583,109616024,1435353
2021-02-26,USA,193578,2535,181446,109809602,1437888
2021-02-27,USA,170180,2230,159515,109979782,1440118
2021-02-28,USA,178132,2331,166968,110157914,1442449
2021-03-01,USA,172493,2258,161683,110330407,1444707
2021-03-02,USA,192198,2514,180153,110522605,1447221
2021-03-03,USA,204652,2677,191826,110727257,1449898
2021-03-04,USA,215344,2823,201848,110942601,1452721
2021-03-05,USA,203775,2665,191004,111146376,1455386
2021-03-06,USA,222495,2918,208551,111368871,1458304
2021-03-07,USA,194059,2542,181897,111562930,1460846
2021-03-08,USA,193152,2530,181047,111756082,1463376
2021-03-09,USA,213217,2793,199855,111969299,1466169
2021-03-10,USA,220625,2888,206798,112189924,1469057
2021-03-11,USA,218747,2865,205038,112408671,1471922
2021-03-12,USA,198799,2603,186340,112607470,1474525
2021-03-13,USA,223313,2925,209318,112830783,1477450
2021-03-14,USA,212079,2777,198788,113042862,1480227
2021-03-15,USA,237098,3103,222239,113279960,1483330
2021-03-16,USA,236174,3091,221373,113516134,1486421
2021-03-17,USA,223382,2923,209383,113739516,1489344
2021-03-18,USA,230754,3023,216293,113970270,1492367
2021-03-19,USA,226573,2966,212374,114196843,1495333
2021-03-20,USA,240855,3150,225761,114437698,1498483
2021-03-21,USA,255591,3348,239573,114693289,1501831
2021-03-22,USA,234090,3068,219420,114927379,1504899
2021-03-23,USA,254732,3337,238768,115182111,1508236
2021-03-24,USA,244020,3194,228727,115426131,1511430
2021-03-25,USA,242793,3176,227577,115668924,1514606
2021-03-26,USA,253554,3320,237664,115922478,1517926
2021-03-27,USA,243666,3190,228396,116166144,1521116
2021-03-28,USA,251797,3295,236017,116417941,1524411
2021-03-29,USA,245282,3213,229910,116663223,1527624
2021-03-30,USA,288617,3783,270530,116951840,1531407
2021-03-31,USA,265096,3472,248483,117216936,1534879
2021-04-01,USA,257081,3367,240970,117474017,1538246
2021-04-02,USA,270982,3546,254000,117744999,1541792
2021-04-03,USA,268248,3515,251437,118013247,1545307
2021-04-04,USA,268352,3514,251534,118281599,1548821
2021-04-05,USA,281253,3682,263627,118562852,1552503
2021-04-06,USA,284720,3728,266877,118847572,1556231
2021-04-07,USA,268404,3516,251583,119115976,1559747
2021-04-08,USA,269062,3524,252200,119385038,1563271
2021-04-09,USA,274462,3596,257262,119659500,1566867
2021-04-10,USA,247302,3239,231804,119906802,1570106
2021-04-11,USA,259321,3395,243069,120166123,1573501
2021-04-12,USA,300864,3941,282009,120466987,1577442
2021-04-13,USA,305822,4006,286656,120772809,1581448
2021-04-14,USA,279937,3663,262393,121052746,1585111
2021-04-15,USA,292476,3832,274147,121345222,1588943
2021-04-16,USA,289454,3790,271314,121634676,1592733
2021-04-17,USA,329661,4316,309001,121964337,1597049
2021-04-18,USA,302288,3960,283344,122266625,1601009
2021-04-19,USA,284934,3733,267077,122551559,1604742
2021-04-20,USA,273474,3580,256336,122825033,1608322
2021-04-21,USA,264448,3464,247875,123089481,1611786
2021-04-22,USA,290744,3806,272523,123380225,1615592
2021-04-23,USA,277115,3632,259748,123657340,1619224
2021-04-24,USA,267629,3503,250857,123924969,1622727
2021-04-25,USA,278835,3652,261361,124203804,1626379
2021-04-26,USA,272523,3567,255444,124476327,1629946
2021-04-27,USA,312272,4094,292702,124788599,1634040
2021-04-28,USA,300458,3932,281628,125089057,1637972
2021-04-29,USA,287371,3764,269362,125376428,1641736
2021-04-30,USA,308369,4037,289044,125684797,1645773
2021-05-01,USA,287787,3768,269752,125972584,1649541
2021-05-02,USA,273832,3587,256671,126246416,1653128
2021-05-03,USA,307304,4027,288045,126553720,1657155
2021-05-04,USA,292555,3834,274221,126846275,1660989
2021-05-05,USA,269387,3524,252505,127115662,1664513
2021-05-06,USA,280596,3675,263011,127396258,1668188
2021-05-07,USA,270022,3539,253100,127666280,1671727
2021-05-08,USA,261946,3427,245530,127928226,1675154
2021-05-09,USA,293331,3842,274948,128221557,1678996
2021-05-10,USA,305877,4005,286708,128527434,1683001
2021-05-11,USA,258573,3387,242368,128786007,1686388
2021-05-12,USA,284533,3724,266701,129070540,1690112
2021-05-13,USA,266438,3486,249740,129336978,1693598
2021-05-14,USA,267311,3496,250559,129604289,1697094
2021-05-15,USA,264430,3465,247858,129868719,1700559
2021-05-16,USA,259247,3397,243000,130127966,1703956
2021-05-17,USA,269992,3536,253072,130397958,1707492
2021-05-18,USA,256537,3358,240460,130654495,1710850
2021-05-19,USA,269512,3526,252622,130924007,1714376
2021-05-20,USA,263447,3451,246937,131187454,1717827
2021-05-21,USA,259112,3391,242874,131446566,1721218
2021-05-22,USA,248507,3253,232933,131695073,1724471
2021-05-23,USA,250888,3284,235165,131945961,1727755
2021-05-24,USA,265982,3482,249313,132211943,1731237
2021-05-25,USA,260575,3411,244245,132472518,1734648
2021-05-26,USA,239741,3139,224716,132712259,1737787
2021-05-27,USA,251107,3287,235370,132963366,1741074
2021-05-28,USA,256923,3366,240822,133220289,1744440
2021-05-29,USA,224846,2946,210755,133445135,1747386
2021-05-30,USA,249587,3268,233945,133694722,1750654
2021-05-31,USA,232628,3047,218049,133927350,1753701
2021-06-01,USA,244968,3212,229616,134172318,1756913
2021-06-02,USA,226708,2966,212500,134399026,1759879
2021-06-03,USA,212150,2775,198855,134611176,1762654
2021-06-04,USA,211879,2776,198601,134823055,1765430
2021-06-05,USA,228619,2997,214291,135051674,1768427
2021-06-06,USA,228384,2990,214071,135280058,1771417
2021-06-07,USA,212734,2789,199402,135492792,1774206
2021-06-08,USA,227162,2975,212926,135719954,1777181
2021-06-09,USA,199364,2609,186870,135919318,1779790
2021-06-10,USA,213988,2800,200577,136133306,1782590
2021-06-11,USA,199107,2608,186629,136332413,1785198
2021-06-12,USA,202346,2648,189665,136534759,1787846
2021-06-13,USA,206853,2709,193889,136741612,1790555
2021-06-14,USA,194788,2554,182581,136936400,1793109
2021-06-15,USA,196851,2577,184514,137133251,1795686
2021-06-16,USA,207816,2724,194792,137341067,1798410
2021-06-17,USA,189370,2477,177502,137530437,1800887
2021-06-18,USA,200147,2620,187604,137730584,1803507
2021-06-19,USA,178542,2335,167353,137909126,1805842
2021-06-20,USA,191273,2505,179286,138100399,1808347
2021-06-21,USA,196658,2577,184333,138297057,1810924
2021-06-22,USA,158215,2072,148300,138455272,1812996
2021-06-23,USA,170540,2235,159852,138625812,1815231
2021-06-24,USA,179748,2352,168483,138805560,1817583
2021-06-25,USA,170051,2227,159394,138975611,1819810
2021-06-26,USA,172019,2251,161238,139147630,1822061
2021-06-27,USA,160965,2108,150877,139308595,1824169
2021-06-28,USA,163782,2145,153518,139472377,1826314
2021-06-29,USA,158933,2082,148973,139631310,1828396
2021-06-30,USA,166477,2178,156044,139797787,1830574
2021-07-01,USA,156378,2046,146578,139954165,1832620
2021-07-02,USA,154103,2016,144445,140108268,1834636
2021-07-03,USA,145626,1906,136499,140253894,1836542
2021-07-04,USA,142289,1863,133372,140396183,1838405
2021-07-05,USA,139923,1833,131154,140536106,1840238
2021-07-06,USA,142970,1870,134010,140679076,1842108
2021-07-07,USA,134516,1758,126086,140813592,1843866
2021-07-08,USA,136583,1793,128023,140950175,1845659
2021-07-09,USA,145561,1904,136439,141095736,1847563
2021-07-10,USA,134763,1766,126317,141230499,1849329
2021-07-11,USA,124361,1628,116567,141354860,1850957
2021-07-12,USA,131162,1718,122942,141486022,1852675
2021-07-13,USA,118591,1553,111159,141604613,1854228
2021-07-14,USA,106347,1391,99682,141710960,1855619
2021-07-15,USA,109961,1441,103069,141820921,1857060
2021-07-16,USA,102615,1343,96184,141923536,1858403
2021-07-17,USA,108696,1425,101884,142032232,1859828
2021-07-18,USA,108204,1418,101423,142140436,1861246
2021-07-19,USA,114450,1500,107277,142254886,1862746
2021-07-20,USA,104804,1371,98236,142359690,1864117
2021-07-21,USA,99567,1303,93327,142459257,1865420
2021-07-22,USA,102328,1337,95915,142561585,1866757
2021-07-23,USA,85266,1115,79922,142646851,1867872
2021-07-24,USA,94615,1237,88685,142741466,1869109
2021-07-25,USA,94707,1242,88771,142836173,1870351
2021-07-26,USA,82329,1078,77169,142918502,1871429
2021-07-27,USA,91604,1200,85863,143010106,1872629
2021-07-28,USA,85855,1123,80474,143095961,1873752
2021-07-29,USA,80531,1055,75484,143176492,1874807
2021-07-30,USA,82620,1086,77442,143259112,1875893
2021-07-31,USA,86822,1136,81381,143345934,1877029
2021-08-01,USA,76574,1001,71775,143422508,1878030
2021-08-02,USA,74753,980,70068,143497261,1879010
2021-08-03,USA,70173,913,65775,143567434,1879923
2021-08-04,USA,66877,875,62685,143634311,1880798
2021-08-05,USA,70724,925,66291,143705035,1881723
2021-08-06,USA,63172,825,59213,143768207,1882548
2021-08-07,USA,64357,843,60323,143832564,1883391
2021-08-08,USA,60805,796,56994,143893369,1884187
2021-08-09,USA,61943,807,58061,143955312,1884994
2021-08-10,USA,59710,780,55968,144015022,1885774
2021-08-11,USA,59961,779,56203,144074983,1886553
2021-08-12,USA,53899,706,50521,144128882,1887259
2021-08-13,USA,52929,693,49612,144181811,1887952
2021-08-14,USA,49484,646,46382,144231295,1888598
2021-08-15,USA,49323,647,46232,144280618,1889245
2021-08-16,USA,49815,649,46693,144330433,1889894
2021-08-17,USA,49169,641,46087,144379602,1890535
2021-08-18,USA,43775,574,41031,144423377,1891109
2021-08-19,USA,46376,605,43469,144469753,1891714
2021-08-20,USA,45945,601,43065,144515698,1892315
2021-08-21,USA,42507,555,39843,144558205,1892870
2021-08-22,USA,44081,576,41318,144602286,1893446
2021-08-23,USA,37473,490,35124,144639759,1893936
2021-08-24,USA,35351,461,33135,144675110,1894397
2021-08-25,USA,33204,435,31123,144708314,1894832
2021-08-26,USA,37865,494,35492,144746179,1895326
2021-08-27,USA,35154,460,32950,144781333,1895786
2021-08-28,USA,32791,427,30736,144814124,1896213
2021-08-29,USA,32201,418,30183,144846325,1896631
2021-08-30,USA,28933,380,27119,144875258,1897011
2021-08-31,USA,33214,435,31132,144908472,1897446
2021-09-01,USA,28740,380,26938,144937212,1897826
2021-09-02,USA,27697,360,25961,144964909,1898186
2021-09-03,USA,27530,360,25804,144992439,1898546
2021-09-04,USA,26229,343,24585,145018668,1898889
2021-09-05,USA,24964,328,23399,145043632,1899217
2021-09-06,USA,22847,298,21415,145066479,1899515
2021-09-07,USA,23457,304,21987,145089936,1899819
2021-09-08,USA,24148,318,22634,145114084,1900137
2021-09-09,USA,22679,296,21257,145136763,1900433
2021-09-10,USA,22083,290,20699,145158846,1900723
2021-09-11,USA,19176,252,17974,145178022,1900975
2021-09-12,USA,17994,235,16866,145196016,1901210
2021-09-13,USA,18093,236,16959,145214109,1901446
2021-09-14,USA,17554,229,16453,145231663,1901675
2021-09-15,USA,17748,232,16635,145249411,1901907
2021-09-16,USA,14799,195,13871,145264210,1902102
2021-09-17,USA,16722,217,15674,145280932,1902319
2021-09-18,USA,14799,194,13871,145295731,1902513
2021-09-19,USA,14016,181,13137,145309747,1902694
2021-09-20,USA,13051,168,12233,145322798,1902862
2021-09-21,USA,12099,158,11340,145334897,1903020
2021-09-22,USA,13177,168,12351,145348074,1903188
2021-09-23,USA,12182,163,11418,145360256,1903351
2021-09-24,USA,10885,140,10202,145371141,1903491
2021-09-25,USA,10431,136,9777,145381572,1903627
2021-09-26,USA,10509,139,9850,145392081,1903766
2021-09-27,USA,11096,143,10400,145403177,1903909
2021-09-28,USA,9679,122,9072,145412856,1904031
2021-09-29,USA,8682,112,8137,145421538,1904143
2021-09-30,USA,8877,114,8320,145430415,1904257
2021-10-01,USA,8483,106,7951,145438898,1904363
2021-10-02,USA,7115,93,6669,145446013,1904456
2021-10-03,USA,7847,103,7355,145453860,1904559
2021-10-04,USA,7436,99,6970,145461296,1904658
2021-10-05,USA,7443,95,6976,145468739,1904753
2021-10-06,USA,7509,95,7038,145476248,1904848
2021-10-07,USA,6936,90,6501,145483184,1904938
2021-10-08,USA,6186,80,5798,145489370,1905018
2021-10-09,USA,5654,75,5299,145495024,1905093
2021-10-10,USA,6452,87,6047,145501476,1905180
2021-10-11,USA,5469,74,5126,145506945,1905254
2021-10-12,USA,5206,68,4879,145512151,1905322
2021-10-13,USA,4956,66,4645,145517107,1905388
2021-10-14,USA,4778,61,4478,145521885,1905449
2021-10-15,USA,4477,58,4196,145526362,1905507
2021-10-16,USA,4173,52,3911,145530535,1905559
2021-10-17,USA,3981,52,3731,145534516,1905611
2021-10-18,USA,3893,51,3649,145538409,1905662
2021-10-19,USA,3611,50,3384,145542020,1905712
2021-10-20,USA,3407,44,3193,145545427,1905756
2021-10-21,USA,3381,44,3169,145548808,1905800
2021-10-22,USA,3158,41,2960,145551966,1905841
2021-10-23,USA,3273,41,3067,145555239,1905882
2021-10-24,USA,2507,31,2349,145557746,1905913
2021-10-25,USA,2901,40,2719,145560647,1905953
2021-10-26,USA,2778,34,2603,145563425,1905987
2021-10-27,USA,2223,26,2083,145565648,1906013
2021-10-28,USA,2317,31,2171,145567965,1906044
2021-10-29,USA,2197,31,2059,145570162,1906075
2021-10-30,USA,1974,24,1850,145572136,1906099
2021-10-31,USA,1938,24,1816,145574074,1906123
2021-11-01,USA,1806,24,1692,145575880,1906147
2021-11-02,USA,1976,24,1852,145577856,1906171
2021-11-03,USA,1802,22,1689,145579658,1906193
2021-11-04,USA,1736,24,1627,145581394,1906217
2021-11-05,USA,1602,22,1501,145582996,1906239
2021-11-06,USA,1381,20,1294,145584377,1906259
2021-11-07,USA,1350,15,1265,145585727,1906274
2021-11-08,USA,1346,16,1261,145587073,1906290
2021-11-09,USA,1166,15,1092,145588239,1906305
2021-11-10,USA,1219,14,1142,145589458,1906319
2021-11-11,USA,1099,15,1030,145590557,1906334
2021-11-12,USA,1033,15,968,145591590,1906349
2021-11-13,USA,1032,12,967,145592622,1906361
2021-11-14,USA,962,12,901,145593584,1906373
2021-11-15,USA,873,14,818,145594457,1906387
2021-11-16,USA,890,15,834,145595347,1906402
2021-11-17,USA,749,11,702,145596096,1906413
2021-11-18,USA,773,11,724,145596869,1906424
2021-11-19,USA,729,7,683,145597598,1906431
2021-11-20,USA,657,9,615,145598255,1906440
2021-11-21,USA,640,9,599,145598895,1906449
2021-11-22,USA,555,6,520,145599450,1906455
2021-11-23,USA,587,6,550,145600037,1906461
2021-11-24,USA,523,4,490,145600560,1906465
2021-11-25,USA,484,2,453,145601044,1906467
2021-11-26,USA,494,2,463,145601538,1906469
2021-11-27,USA,425,6,398,145601963,1906475
2021-11-28,USA,385,5,360,145602348,1906480
2021-11-29,USA,359,3,336,145602707,1906483
2021-11-30,USA,380,4,356,145603087,1906487
2021-12-01,USA,323,4,302,145603410,1906491
2021-12-02,USA,356,4,333,145603766,1906495
2021-12-03,USA,272,0,254,145604038,1906495
2021-12-04,USA,314,5,294,145604352,1906500
2021-12-05,USA,274,4,256,145604626,1906504
2021-12-06,USA,253,3,237,145604879,1906507
2021-12-07,USA,232,4,217,145605111,1906511
2021-12-08,USA,229,1,214,145605340,1906512
2021-12-09,USA,210,5,196,145605550,1906517
2021-12-10,USA,209,2,195,145605759,1906519
2021-12-11,USA,186,4,174,145605945,1906523
2021-12-12,USA,175,3,164,145606120,1906526
2021-12-13,USA,159,0,149,145606279,1906526
2021-12-14,USA,152,2,142,145606431,1906528
2021-12-15,USA,145,2,135,145606576,1906530
2021-12-16,USA,121,1,113,145606697,1906531
2021-12-17,USA,116,1,108,145606813,1906532
2021-12-18,USA,122,1,114,145606935,1906533
2021-12-19,USA,111,3,104,145607046,1906536
2021-12-20,USA,102,2,95,145607148,1906538
2021-12-21,USA,96,1,89,145607244,1906539
2021-12-22,USA,92,0,86,145607336,1906539
2021-12-23,USA,81,2,75,145607417,1906541
2021-12-24,USA,75,2,70,145607492,1906543
2021-12-25,USA,74,5,69,145607566,1906548
2021-12-26,USA,64,2,59,145607630,1906550
2021-12-27,USA,66,0,61,145607696,1906550
2021-12-28,USA,53,0,49,145607749,1906550
2021-12-29,USA,60,4,56,145607809,1906554
2021-12-30,USA,54,1,50,145607863,1906555
2020-01-01,India,1095531,18135,999418,1095531,18135
2020-01-02,India,1077700,17841,983152,2173231,35976
2020-01-03,India,1110816,18389,1013362,3284047,54365
2020-01-04,India,1196670,19810,1091684,4480717,74175
2020-01-05,India,1279464,21182,1167215,5760181,95357
2020-01-06,India,1222897,20243,1115610,6983078,115600
2020-01-07,India,1144742,18951,1044312,8127820,134551
2020-01-08,India,1263269,20914,1152441,9391089,155465
2020-01-09,India,1329003,22001,1212408,10720092,177466
2020-01-10,India,1233282,20414,1125084,11953374,197880
2020-01-11,India,1281420,21211,1168999,13234794,219091
2020-01-12,India,1308915,21670,1194082,14543709,240761
2020-01-13,India,1273696,21088,1161953,15817405,261849
2020-01-14,India,1386910,22962,1265234,17204315,284811
2020-01-15,India,1352635,22393,1233966,18556950,307204
2020-01-16,India,1407121,23292,1283672,19964071,330496
2020-01-17,India,1333471,22075,1216484,21297542,352571
2020-01-18,India,1381503,22873,1260302,22679045,375444
2020-01-19,India,1480837,24516,1350921,24159882,399960
2020-01-20,India,1418880,23489,1294400,25578762,423449
2020-01-21,India,1588504,26298,1449142,27167266,449747
2020-01-22,India,1448884,23983,1321771,28616150,473730
2020-01-23,India,1511168,25015,1378591,30127318,498745
2020-01-24,India,1580503,26162,1441843,31707821,524907
2020-01-25,India,1417350,23465,1293004,33125171,548372
2020-01-26,India,1405078,23262,1281809,34530249,571634
2020-01-27,India,1436965,23788,1310898,35967214,595422
2020-01-28,India,1669385,27634,1522928,37636599,623056
2020-01-29,India,1540853,25508,1405672,39177452,648564
2020-01-30,India,1803067,29848,1644882,40980519,678412
2020-01-31,India,1566794,25936,1429337,42547313,704348
2020-02-01,India,1640645,27161,1496709,44187958,731509
2020-02-02,India,1765020,29218,1610172,45952978,760727
2020-02-03,India,1816981,30076,1657575,47769959,790803
2020-02-04,India,1835142,30377,1674143,49605101,821180
2020-02-05,India,1776845,29412,1620960,51381946,850592
2020-02-06,India,1773567,29361,1617970,53155513,879953
2020-02-07,India,1748681,28949,1595267,54904194,908902
2020-02-08,India,1775674,29396,1619892,56679868,938298
2020-02-09,India,1672157,27683,1525456,58352025,965981
2020-02-10,India,1658773,27463,1513247,60010798,993444
2020-02-11,India,1738800,28784,1586253,61749598,1022228
2020-02-12,India,1733358,28696,1581288,63482956,1050924
2020-02-13,India,1717128,28423,1566482,65200084,1079347
2020-02-14,India,1826681,30243,1666424,67026765,1109590
2020-02-15,India,1857737,30752,1694755,68884502,1140342
2020-02-16,India,1788296,29603,1631406,70672798,1169945
2020-02-17,India,1919397,31774,1751006,72592195,1201719
2020-02-18,India,1691419,27998,1543029,74283614,1229717
2020-02-19,India,1782394,29507,1626022,76066008,1259224
2020-02-20,India,1740650,28816,1587940,77806658,1288040
2020-02-21,India,1641458,27173,1497451,79448116,1315213
2020-02-22,India,1807505,29920,1648930,81255621,1345133
2020-02-23,India,1808045,29936,1649423,83063666,1375069
2020-02-24,India,1960682,32460,1788669,85024348,1407529
2020-02-25,India,1883487,31186,1718246,86907835,1438715
2020-02-26,India,1734919,28719,1582712,88642754,1467434
2020-02-27,India,2000457,33119,1824954,90643211,1500553
2020-02-28,India,1944304,32189,1773728,92587515,1532742
2020-02-29,India,1887003,31238,1721454,94474518,1563980
2020-03-01,India,1813582,30026,1654474,96288100,1594006
2020-03-02,India,1746578,28913,1593348,98034678,1622919
2020-03-03,India,1800199,29801,1642265,99834877,1652720
2020-03-04,India,1933420,32000,1763799,101768297,1684720
2020-03-05,India,2005053,33194,1829147,103773350,1717914
2020-03-06,India,1971954,32642,1798952,105745304,1750556
2020-03-07,India,1783827,29530,1627329,107529131,1780086
2020-03-08,India,1723662,28533,1572443,109252793,1808619
2020-03-09,India,1835605,30387,1674565,111088398,1839006
2020-03-10,India,1658329,27454,1512842,112746727,1866460
2020-03-11,India,1844478,30535,1682660,114591205,1896995
2020-03-12,India,1797290,29755,1639611,116388495,1926750
2020-03-13,India,1763631,29199,1608905,118152126,1955949
2020-03-14,India,1656768,27426,1511418,119808894,1983375
2020-03-15,India,1840573,30469,1679097,121649467,2013844
2020-03-16,India,1740600,28817,1587895,123390067,2042661
2020-03-17,India,1677331,27770,1530176,125067398,2070431
2020-03-18,India,1519607,25158,1386290,126587005,2095589
2020-03-19,India,1764499,29209,1609697,128351504,2124798
2020-03-20,India,1914889,31701,1746893,130266393,2156499
2020-03-21,India,1896129,31390,1729779,132162522,2187889
2020-03-22,India,1702202,28181,1552866,133864724,2216070
2020-03-23,India,1680768,27823,1533312,135545492,2243893
2020-03-24,India,1763912,29198,1609162,137309404,2273091
2020-03-25,India,1628175,26955,1485333,138937579,2300046
2020-03-26,India,1729295,28623,1577582,140666874,2328669
2020-03-27,India,1757969,29101,1603740,142424843,2357770
2020-03-28,India,1785523,29557,1628877,144210366,2387327
2020-03-29,India,1662836,27526,1516953,145873202,2414853
2020-03-30,India,1642886,27196,1498753,147516088,2442049
2020-03-31,India,1575731,26088,1437490,149091819,2468137
2020-04-01,India,1568449,25967,1430847,150660268,2494104
2020-04-02,India,1605447,26577,1464599,152265715,2520681
2020-04-03,India,1640918,27167,1496958,153906633,2547848
2020-04-04,India,1671584,27670,1524934,155578217,2575518
2020-04-05,India,1521895,25192,1388377,157100112,2600710
2020-04-06,India,1689714,27974,1541473,158789826,2628684
2020-04-07,India,1537808,25459,1402894,160327634,2654143
2020-04-08,India,1543677,25554,1408248,161871311,2679697
2020-04-09,India,1474314,24404,1344970,163345625,2704101
2020-04-10,India,1333620,22080,1216620,164679245,2726181
2020-04-11,India,1569907,25986,1432177,166249152,2752167
2020-04-12,India,1544054,25560,1408592,167793206,2777727
2020-04-13,India,1454050,24072,1326484,169247256,2801799
2020-04-14,India,1465178,24259,1336636,170712434,2826058
2020-04-15,India,1482969,24551,1352866,172195403,2850609
2020-04-16,India,1319172,21839,1203439,173514575,2872448
2020-04-17,India,1378729,22823,1257771,174893304,2895271
2020-04-18,India,1457000,24121,1329175,176350304,2919392
2020-04-19,India,1299499,21513,1185492,177649803,2940905
2020-04-20,India,1391649,23035,1269558,179041452,2963940
2020-04-21,India,1264543,20936,1153603,180305995,2984876
2020-04-22,India,1372875,22729,1252431,181678870,3007605
2020-04-23,India,1324251,21924,1208073,183003121,3029529
2020-04-24,India,1205730,19960,1099950,184208851,3049489
2020-04-25,India,1372242,22715,1251853,185581093,3072204
2020-04-26,India,1234746,20436,1126420,186815839,3092640
2020-04-27,India,1215653,20125,1109002,188031492,3112765
2020-04-28,India,1264756,20940,1153797,189296248,3133705
2020-04-29,India,1308560,21665,1193758,190604808,3155370
2020-04-30,India,1160751,19217,1058917,191765559,3174587
2020-05-01,India,1212061,20065,1105725,192977620,3194652
2020-05-02,India,1219513,20191,1112523,194197133,3214843
2020-05-03,India,1220493,20207,1113417,195417626,3235050
2020-05-04,India,1175722,19463,1072574,196593348,3254513
2020-05-05,India,1130278,18713,1031117,197723626,3273226
2020-05-06,India,1090456,18051,994789,198814082,3291277
2020-05-07,India,1128647,18685,1029629,199942729,3309962
2020-05-08,India,1050737,17392,958554,200993466,3327354
2020-05-09,India,936661,15503,854486,201930127,3342857
2020-05-10,India,1107356,18334,1010206,203037483,3361191
2020-05-11,India,1119109,18528,1020928,204156592,3379719
2020-05-12,India,932941,15446,851093,205089533,3395165
2020-05-13,India,992592,16432,905510,206082125,3411597
2020-05-14,India,1065007,17626,971572,207147132,3429223
2020-05-15,India,1125941,18639,1027161,208273073,3447862
2020-05-16,India,1010084,16722,921468,209283157,3464584
2020-05-17,India,961095,15909,876777,210244252,3480493
2020-05-18,India,977001,16172,891287,211221253,3496665
2020-05-19,India,1041910,17251,950502,212263163,3513916
2020-05-20,India,932889,15443,851045,213196052,3529359
2020-05-21,India,915330,15154,835027,214111382,3544513
2020-05-22,India,920340,15237,839597,215031722,3559750
2020-05-23,India,888581,14708,810624,215920303,3574458
2020-05-24,India,928956,15379,847457,216849259,3589837
2020-05-25,India,988048,16359,901365,217837307,3606196
2020-05-26,India,919237,15221,838591,218756544,3621417
2020-05-27,India,884425,14641,806833,219640969,3636058
2020-05-28,India,874182,14471,797489,220515151,3650529
2020-05-29,India,810133,13412,739059,221325284,3663941
2020-05-30,India,909274,15053,829502,222234558,3678994
2020-05-31,India,859762,14236,784334,223094320,3693230
2020-06-01,India,848003,14036,773606,223942323,3707266
2020-06-02,India,984127,16291,897788,224926450,3723557
2020-06-03,India,854424,14142,779464,225780874,3737699
2020-06-04,India,803968,13307,733435,226584842,3751006
2020-06-05,India,811519,13435,740323,227396361,3764441
2020-06-06,India,870607,14414,794227,228266968,3778855
2020-06-07,India,822397,13613,750247,229089365,3792468
2020-06-08,India,754074,12485,687918,229843439,3804953
2020-06-09,India,844667,13985,770563,230688106,3818938
2020-06-10,India,776071,12851,707985,231464177,3831789
2020-06-11,India,873334,14458,796715,232337511,3846247
2020-06-12,India,837382,13861,763917,233174893,3860108
2020-06-13,India,773025,12795,705206,233947918,3872903
2020-06-14,India,837659,13865,764170,234785577,3886768
2020-06-15,India,786707,13026,717688,235572284,3899794
2020-06-16,India,814450,13480,742997,236386734,3913274
2020-06-17,India,797386,13203,727430,237184120,3926477
2020-06-18,India,743322,12303,678109,237927442,3938780
2020-06-19,India,749181,12401,683454,238676623,3951181
2020-06-20,India,812051,13443,740808,239488674,3964624
2020-06-21,India,757828,12544,691342,240246502,3977168
2020-06-22,India,753906,12482,687765,241000408,3989650
2020-06-23,India,731696,12116,667503,241732104,4001766
2020-06-24,India,783853,12975,715084,242515957,4014741
2020-06-25,India,846139,14006,771906,243362096,4028747
2020-06-26,India,725783,12014,662109,244087879,4040761
2020-06-27,India,767537,12707,700200,244855416,4053468
2020-06-28,India,820869,13589,748853,245676285,4067057
2020-06-29,India,764006,12650,696978,246440291,4079707
2020-06-30,India,784961,12997,716095,247225252,4092704
2020-07-01,India,727520,12041,663693,247952772,4104745
2020-07-02,India,785738,13008,716804,248738510,4117753
2020-07-03,India,763166,12637,696212,249501676,4130390
2020-07-04,India,809697,13403,738661,250311373,4143793
2020-07-05,India,819020,13558,747166,251130393,4157351
2020-07-06,India,875050,14485,798280,252005443,4171836
2020-07-07,India,799010,13226,728912,252804453,4185062
2020-07-08,India,791099,13093,721695,253595552,4198155
2020-07-09,India,788053,13043,718916,254383605,4211198
2020-07-10,India,768824,12727,701374,255152429,4223925
2020-07-11,India,798225,13217,728195,255950654,4237142
2020-07-12,India,775718,12840,707663,256726372,4249982
2020-07-13,India,796510,13184,726631,257522882,4263166
2020-07-14,India,844669,13986,770565,258367551,4277152
2020-07-15,India,755130,12498,688881,259122681,4289650
2020-07-16,India,843392,13958,769400,259966073,4303608
2020-07-17,India,853483,14127,778606,260819556,4317735
2020-07-18,India,798896,13224,728808,261618452,4330959
2020-07-19,India,721009,11932,657754,262339461,4342891
2020-07-20,India,784965,12994,716099,263124426,4355885
2020-07-21,India,865286,14326,789373,263989712,4370211
2020-07-22,India,814700,13484,743225,264804412,4383695
2020-07-23,India,777787,12876,709550,265582199,4396571
2020-07-24,India,801022,13261,730747,266383221,4409832
2020-07-25,India,859502,14228,784096,267242723,4424060
2020-07-26,India,850526,14080,775908,268093249,4438140
2020-07-27,India,821010,13592,748981,268914259,4451732
2020-07-28,India,818661,13551,746839,269732920,4465283
2020-07-29,India,820550,13587,748562,270553470,4478870
2020-07-30,India,801153,13265,730867,271354623,4492135
2020-07-31,India,910861,15081,830950,272265484,4507216
2020-08-01,India,832002,13775,759009,273097486,4520991
2020-08-02,India,900044,14897,821082,273997530,4535888
2020-08-03,India,915860,15163,835510,274913390,4551051
2020-08-04,India,896364,14840,817725,275809754,4565891
2020-08-05,India,837813,13866,764310,276647567,4579757
2020-08-06,India,876082,14503,799222,277523649,4594260
2020-08-07,India,860059,14238,784605,278383708,4608498
2020-08-08,India,824339,13650,752018,279208047,4622148
2020-08-09,India,879526,14561,802364,280087573,4636709
2020-08-10,India,816367,13513,744746,280903940,4650222
2020-08-11,India,921036,15251,840232,281824976,4665473
2020-08-12,India,850936,14087,776282,282675912,4679560
2020-08-13,India,881586,14594,804243,283557498,4694154
2020-08-14,India,886685,14678,808895,284444183,4708832
2020-08-15,India,864312,14305,788485,285308495,4723137
2020-08-16,India,902568,14941,823384,286211063,4738078
2020-08-17,India,857043,14189,781853,287068106,4752267
2020-08-18,India,917057,15181,836602,287985163,4767448
2020-08-19,India,820303,13580,748336,288805466,4781028
2020-08-20,India,885607,14659,807911,289691073,4795687
2020-08-21,India,965785,15988,881055,290656858,4811675
2020-08-22,India,836589,13850,763194,291493447,4825525
2020-08-23,India,850822,14085,776178,292344269,4839610
2020-08-24,India,903141,14948,823907,293247410,4854558
2020-08-25,India,888085,14701,810172,294135495,4869259
2020-08-26,India,895083,14821,816556,295030578,4884080
2020-08-27,India,900452,14905,821454,295931030,4898985
2020-08-28,India,905921,14997,826443,296836951,4913982
2020-08-29,India,925624,15323,844418,297762575,4929305
2020-08-30,India,893625,14797,815226,298656200,4944102
2020-08-31,India,863657,14300,787887,299519857,4958402
2020-09-01,India,901871,14932,822748,300421728,4973334
2020-09-02,India,953368,15781,869728,301375096,4989115
2020-09-03,India,862831,14284,787133,302237927,5003399
2020-09-04,India,824113,13644,751812,303062040,5017043
2020-09-05,India,911685,15091,831701,303973725,5032134
2020-09-06,India,856023,14169,780923,304829748,5046303
2020-09-07,India,765104,12669,697980,305594852,5058972
2020-09-08,India,891542,14758,813326,306486394,5073730
2020-09-09,India,829248,13731,756497,307315642,5087461
2020-09-10,India,844774,13987,770661,308160416,5101448
2020-09-11,India,859010,14221,783648,309019426,5115669
2020-09-12,India,849173,14058,774674,309868599,5129727
2020-09-13,India,866846,14347,790796,310735445,5144074
2020-09-14,India,814814,13489,743329,311550259,5157563
2020-09-15,India,849826,14071,775269,312400085,5171634
2020-09-16,India,813309,13465,741956,313213394,5185099
2020-09-17,India,849522,14064,774992,314062916,5199163
2020-09-18,India,839392,13899,765751,314902308,5213062
2020-09-19,India,771389,12769,703714,315673697,5225831
2020-09-20,India,847629,14031,773265,316521326,5239862
2020-09-21,India,777140,12865,708960,317298466,5252727
2020-09-22,India,824980,13659,752603,318123446,5266386
2020-09-23,India,801642,13267,731313,318925088,5279653
2020-09-24,India,853080,14123,778238,319778168,5293776
2020-09-25,India,766544,12691,699294,320544712,5306467
2020-09-26,India,755561,12507,689274,321300273,5318974
2020-09-27,India,761895,12615,695053,322062168,5331589
2020-09-28,India,744677,12329,679345,322806845,5343918
2020-09-29,India,779488,12908,711102,323586333,5356826
2020-09-30,India,682721,11300,622825,324269054,5368126
2020-10-01,India,697092,11541,635935,324966146,5379667
2020-10-02,India,689941,11419,629411,325656087,5391086
2020-10-03,India,756029,12512,689701,326412116,5403598
2020-10-04,India,775616,12836,707570,327187732,5416434
2020-10-05,India,703473,11647,641756,327891205,5428081
2020-10-06,India,693824,11486,632954,328585029,5439567
2020-10-07,India,694625,11498,633684,329279654,5451065
2020-10-08,India,724352,11988,660803,330004006,5463053
2020-10-09,India,645492,10684,588862,330649498,5473737
2020-10-10,India,677073,11208,617672,331326571,5484945
2020-10-11,India,693488,11482,632647,332020059,5496427
2020-10-12,India,669695,11086,610941,332689754,5507513
2020-10-13,India,651463,10785,594309,333341217,5518298
2020-10-14,India,669209,11077,610498,334010426,5529375
2020-10-15,India,544174,9012,496433,334554600,5538387
2020-10-16,India,642147,10628,585810,335196747,5549015
2020-10-17,India,592882,9813,540867,335789629,5558828
2020-10-18,India,549374,9093,501176,336339003,5567921
2020-10-19,India,611749,10128,558079,336950752,5578049
2020-10-20,India,628659,10405,573506,337579411,5588454
2020-10-21,India,576006,9536,525472,338155417,5597990
2020-10-22,India,598960,9916,546412,338754377,5607906
2020-10-23,India,608868,10078,555451,339363245,5617984
2020-10-24,India,591672,9795,539763,339954917,5627779
2020-10-25,India,591751,9794,539836,340546668,5637573
2020-10-26,India,558639,9246,509629,341105307,5646819
2020-10-27,India,532417,8814,485707,341637724,5655633
2020-10-28,India,480376,7949,438232,342118100,5663582
2020-10-29,India,507700,8400,463158,342625800,5671982
2020-10-30,India,484549,8022,442039,343110349,5680004
2020-10-31,India,551807,9137,503396,343662156,5689141
2020-11-01,India,485406,8034,442820,344147562,5697175
2020-11-02,India,484671,8022,442150,344632233,5705197
2020-11-03,India,486814,8061,444105,345119047,5713258
2020-11-04,India,466874,7726,425914,345585921,5720984
2020-11-05,India,496853,8222,453263,346082774,5729206
2020-11-06,India,436258,7223,397984,346519032,5736429
2020-11-07,India,446904,7398,407696,346965936,5743827
2020-11-08,India,418848,6936,382102,347384784,5750763
2020-11-09,India,399268,6605,364239,347784052,5757368
2020-11-10,India,407210,6738,371485,348191262,5764106
2020-11-11,India,411966,6820,375823,348603228,5770926
2020-11-12,India,396795,6569,361983,349000023,5777495
2020-11-13,India,384578,6368,350838,349384601,5783863
2020-11-14,India,363831,6023,331911,349748432,5789886
2020-11-15,India,382843,6338,349255,350131275,5796224
2020-11-16,India,349232,5780,318593,350480507,5802004
2020-11-17,India,385070,6377,351287,350865577,5808381
2020-11-18,India,365922,6055,333819,351231499,5814436
2020-11-19,India,331904,5495,302785,351563403,5819931
2020-11-20,India,346263,5730,315884,351909666,5825661
2020-11-21,India,332545,5506,303370,352242211,5831167
2020-11-22,India,344936,5708,314674,352587147,5836875
2020-11-23,India,355998,5895,324765,352943145,5842770
2020-11-24,India,297152,4919,271082,353240297,5847689
2020-11-25,India,324160,5369,295721,353564457,5853058
2020-11-26,India,314328,5203,286751,353878785,5858261
2020-11-27,India,322037,5332,293784,354200822,5863593
2020-11-28,India,309712,5125,282540,354510534,5868718
2020-11-29,India,290136,4802,264682,354800670,5873520
2020-11-30,India,291927,4833,266315,355092597,5878353
2020-12-01,India,280388,4638,255789,355372985,5882991
2020-12-02,India,302999,5013,276416,355675984,5888004
2020-12-03,India,283517,4694,258643,355959501,5892698
2020-12-04,India,305602,5058,278791,356265103,5897756
2020-12-05,India,274267,4539,250205,356539370,5902295
2020-12-06,India,261695,4330,238736,356801065,5906625
2020-12-07,India,247425,4094,225718,357048490,5910719
2020-12-08,India,240420,3980,219327,357288910,5914699
2020-12-09,India,240312,3979,219229,357529222,5918678
2020-12-10,India,261352,4322,238423,357790574,5923000
2020-12-11,India,261500,4331,238558,358052074,5927331
2020-12-12,India,232354,3849,211969,358284428,5931180
2020-12-13,India,260958,4315,238063,358545386,5935495
2020-12-14,India,241465,3999,220281,358786851,5939494
2020-12-15,India,247095,4092,225417,359033946,5943586
2020-12-16,India,262953,4353,239883,359296899,5947939
2020-12-17,India,252402,4175,230258,359549301,5952114
2020-12-18,India,236770,3921,215997,359786071,5956035
2020-12-19,India,227976,3773,207975,360014047,5959808
2020-12-20,India,211872,3508,193284,360225919,5963316
2020-12-21,India,227919,3777,207923,360453838,5967093
2020-12-22,India,233131,3859,212678,360686969,5970952
2020-12-23,India,223409,3696,203809,360910378,5974648
2020-12-24,India,233057,3857,212610,361143435,5978505
2020-12-25,India,235279,3893,214637,361378714,5982398
2020-12-26,India,231720,3836,211390,361610434,5986234
2020-12-27,India,226904,3754,206997,361837338,5989988
2020-12-28,India,236875,3920,216093,362074213,5993908
2020-12-29,India,240660,3981,219546,362314873,5997889
2020-12-30,India,223335,3697,203741,362538208,6001586
2020-12-31,India,253899,4203,231624,362792107,6005789
2021-01-01,India,237138,3920,216333,363029245,6009709
2021-01-02,India,239879,3971,218834,363269124,6013680
2021-01-03,India,249729,4134,227820,363518853,6017814
2021-01-04,India,245746,4066,224186,363764599,6021880
2021-01-05,India,256500,4250,233996,364021099,6026130
2021-01-06,India,250486,4148,228510,364271585,6030278
2021-01-07,India,241606,3997,220409,364513191,6034275
2021-01-08,India,256277,4244,233793,364769468,6038519
2021-01-09,India,239853,3973,218810,365009321,6042492
2021-01-10,India,258662,4282,235969,365267983,6046774
2021-01-11,India,259880,4303,237080,365527863,6051077
2021-01-12,India,260802,4318,237921,365788665,6055395
2021-01-13,India,265243,4386,241972,366053908,6059781
2021-01-14,India,245094,4057,223591,366299002,6063838
2021-01-15,India,266800,4416,243393,366565802,6068254
2021-01-16,India,279570,4631,255043,366845372,6072885
2021-01-17,India,284661,4713,259687,367130033,6077598
2021-01-18,India,271970,4501,248109,367402003,6082099
2021-01-19,India,309603,5125,282441,367711606,6087224
2021-01-20,India,283002,4687,258173,367994608,6091911
2021-01-21,India,315193,5217,287540,368309801,6097128
2021-01-22,India,312118,5165,284735,368621919,6102293
2021-01-23,India,300682,4977,274302,368922601,6107270
2021-01-24,India,344067,5697,313881,369266668,6112967
2021-01-25,India,302275,5005,275756,369568943,6117972
2021-01-26,India,342095,5663,312082,369911038,6123635
2021-01-27,India,349466,5785,318806,370260504,6129420
2021-01-28,India,327355,5418,298635,370587859,6134838
2021-01-29,India,368761,6104,336409,370956620,6140942
2021-01-30,India,346553,5735,316149,371303173,6146677
2021-01-31,India,362420,5999,330624,371665593,6152676
2021-02-01,India,368454,6102,336129,372034047,6158778
2021-02-02,India,367819,6087,335549,372401866,6164865
2021-02-03,India,392306,6493,357888,372794172,6171358
2021-02-04,India,399087,6604,364074,373193259,6177962
2021-02-05,India,356644,5901,325355,373549903,6183863
2021-02-06,India,423835,7016,386651,373973738,6190879
2021-02-07,India,371394,6147,338811,374345132,6197026
2021-02-08,India,433646,7182,395601,374778778,6204208
2021-02-09,India,443396,7339,404496,375222174,6211547
2021-02-10,India,403932,6689,368494,375626106,6218236
2021-02-11,India,425890,7052,388526,376051996,6225288
2021-02-12,India,418030,6920,381355,376470026,6232208
2021-02-13,India,445413,7378,406336,376915439,6239586
2021-02-14,India,451032,7467,411462,377366471,6247053
2021-02-15,India,484166,8018,441689,377850637,6255071
2021-02-16,India,505034,8363,460726,378355671,6263434
2021-02-17,India,515665,8537,470425,378871336,6271971
2021-02-18,India,476353,7887,434562,379347689,6279858
2021-02-19,India,493076,8164,449817,379840765,6288022
2021-02-20,India,463862,7676,423166,380304627,6295698
2021-02-21,India,494006,8178,450666,380798633,6303876
2021-02-22,India,548271,9078,500170,381346904,6312954
2021-02-23,India,574284,9510,523901,381921188,6322464
2021-02-24,India,506397,8381,461970,382427585,6330845
2021-02-25,India,531841,8805,485182,382959426,6339650
2021-02-26,India,555728,9200,506973,383515154,6348850
2021-02-27,India,572770,9481,522520,384087924,6358331
2021-02-28,India,550050,9106,501793,384637974,6367437
2021-03-01,India,593986,9833,541874,385231960,6377270
2021-03-02,India,576061,9537,525522,385808021,6386807
2021-03-03,India,597983,9902,545521,386406004,6396709
2021-03-04,India,623344,10320,568657,387029348,6407029
2021-03-05,India,615296,10186,561315,387644644,6417215
2021-03-06,India,609793,10098,556295,388254437,6427313
2021-03-07,India,628191,10401,573079,388882628,6437714
2021-03-08,India,637040,10545,581151,389519668,6448259
2021-03-09,India,636042,10527,580241,390155710,6458786
2021-03-10,India,647648,10719,590829,390803358,6469505
2021-03-11,India,717275,11876,654347,391520633,6481381
2021-03-12,India,691012,11438,630388,392211645,6492819
2021-03-13,India,670014,11090,611232,392881659,6503909
2021-03-14,India,711854,11783,649402,393593513,6515692
2021-03-15,India,684005,11322,623996,394277518,6527014
2021-03-16,India,744509,12327,679192,395022027,6539341
2021-03-17,India,723938,11984,660426,395745965,6551325
2021-03-18,India,714385,11823,651711,396460350,6563148
2021-03-19,India,741809,12280,676729,397202159,6575428
2021-03-20,India,675220,11178,615982,397877379,6586606
2021-03-21,India,698182,11557,636929,398575561,6598163
2021-03-22,India,702244,11627,640635,399277805,6609790
2021-03-23,India,759043,12565,692451,400036848,6622355
2021-03-24,India,826213,13680,753728,400863061,6636035
2021-03-25,India,852451,14113,777664,401715512,6650148
2021-03-26,India,797957,13211,727951,402513469,6663359
2021-03-27,India,799048,13225,728946,403312517,6676584
2021-03-28,India,714859,11834,652143,404027376,6688418
2021-03-29,India,770046,12747,702489,404797422,6701165
2021-03-30,India,765865,12676,698674,405563287,6713841
2021-03-31,India,777918,12880,709670,406341205,6726721
2021-04-01,India,801437,13266,731126,407142642,6739987
2021-04-02,India,794238,13147,724558,407936880,6753134
2021-04-03,India,737458,12206,672760,408674338,6765340
2021-04-04,India,854074,14140,779145,409528412,6779480
2021-04-05,India,783509,12967,714770,410311921,6792447
2021-04-06,India,842304,13945,768407,411154225,6806392
2021-04-07,India,923330,15287,842325,412077555,6821679
2021-04-08,India,801947,13277,731591,412879502,6834956
2021-04-09,India,737565,12211,672857,413617067,6847167
2021-04-10,India,835860,13839,762529,414452927,6861006
2021-04-11,India,898227,14868,819424,415351154,6875874
2021-04-12,India,938186,15534,855877,416289340,6891408
2021-04-13,India,804727,13321,734127,417094067,6904729
2021-04-14,India,881506,14593,804170,417975573,6919322
2021-04-15,India,842549,13947,768631,418818122,6933269
2021-04-16,India,860280,14242,784806,419678402,6947511
2021-04-17,India,981491,16247,895383,420659893,6963758
2021-04-18,India,803370,13299,732889,421463263,6977057
2021-04-19,India,881230,14586,803918,422344493,6991643
2021-04-20,India,891873,14767,813628,423236366,7006410
2021-04-21,India,919929,15230,839222,424156295,7021640
2021-04-22,India,877660,14529,800661,425033955,7036169
2021-04-23,India,887427,14690,809572,425921382,7050859
2021-04-24,India,857187,14191,781985,426778569,7065050
2021-04-25,India,886177,14669,808431,427664746,7079719
2021-04-26,India,859268,14225,783883,428524014,7093944
2021-04-27,India,901048,14919,821998,429425062,7108863
2021-04-28,India,857127,14188,781930,430282189,7123051
2021-04-29,India,888852,14715,810872,431171041,7137766
2021-04-30,India,870023,14403,793694,432041064,7152169
2021-05-01,India,918936,15212,838316,432960000,7167381
2021-05-02,India,866141,14337,790153,433826141,7181718
2021-05-03,India,789731,13076,720447,434615872,7194794
2021-05-04,India,919048,15213,838418,435534920,7210007
2021-05-05,India,823164,13623,750946,436358084,7223630
2021-05-06,India,831588,13768,758631,437189672,7237398
2021-05-07,India,831417,13761,758475,438021089,7251159
2021-05-08,India,912649,15110,832581,438933738,7266269
2021-05-09,India,759909,12582,693241,439693647,7278851
2021-05-10,India,980270,16229,894269,440673917,7295080
2021-05-11,India,888234,14706,810308,441562151,7309786
2021-05-12,India,849194,14062,774693,442411345,7323848
2021-05-13,India,833448,13799,760328,443244793,7337647
2021-05-14,India,843324,13961,769338,444088117,7351608
2021-05-15,India,848504,14050,774063,444936621,7365658
2021-05-16,India,848783,14055,774318,445785404,7379713
2021-05-17,India,840062,13910,766362,446625466,7393623
2021-05-18,India,815897,13506,744317,447441363,7407129
2021-05-19,India,799008,13224,728910,448240371,7420353
2021-05-20,India,795431,13167,725647,449035802,7433520
2021-05-21,India,788077,13047,718938,449823879,7446567
2021-05-22,India,834778,13820,761542,450658657,7460387
2021-05-23,India,807247,13363,736426,451465904,7473750
2021-05-24,India,663441,10984,605236,452129345,7484734
2021-05-25,India,796745,13187,726845,452926090,7497921
2021-05-26,India,772382,12787,704620,453698472,7510708
2021-05-27,India,757559,12543,691097,454456031,7523251
2021-05-28,India,736854,12199,672209,455192885,7535450
2021-05-29,India,786335,13019,717349,455979220,7548469
2021-05-30,India,772323,12788,704566,456751543,7561257
2021-05-31,India,701934,11620,640352,457453477,7572877
2021-06-01,India,737494,12207,672792,458190971,7585084
2021-06-02,India,680540,11268,620835,458871511,7596352
2021-06-03,India,658864,10909,601061,459530375,7607261
2021-06-04,India,678024,11225,618540,460208399,7618486
2021-06-05,India,721972,11951,658632,460930371,7630437
2021-06-06,India,716800,11866,653914,461647171,7642303
2021-06-07,India,693510,11478,632667,462340681,7653781
2021-06-08,India,692261,11462,631528,463032942,7665243
2021-06-09,India,676863,11207,617481,463709805,7676450
2021-06-10,India,630647,10437,575319,464340452,7686887
2021-06-11,India,657074,10879,599428,464997526,7697766
2021-06-12,India,660155,10929,602238,465657681,7708695
2021-06-13,India,649877,10756,592862,466307558,7719451
2021-06-14,India,654425,10831,597011,466961983,7730282
2021-06-15,India,630671,10441,575341,467592654,7740723
2021-06-16,India,610999,10114,557395,468203653,7750837
2021-06-17,India,623418,10324,568724,468827071,7761161
2021-06-18,India,582251,9641,531169,469409322,7770802
2021-06-19,India,548942,9088,500782,469958264,7779890
2021-06-20,India,560868,9286,511662,470519132,7789176
2021-06-21,India,535939,8875,488920,471055071,7798051
2021-06-22,India,529356,8765,482915,471584427,7806816
2021-06-23,India,535126,8859,488178,472119553,7815675
2021-06-24,India,509178,8427,464507,472628731,7824102
2021-06-25,India,513321,8504,468286,473142052,7832606
2021-06-26,India,463991,7679,423284,473606043,7840285
2021-06-27,India,509069,8426,464407,474115112,7848711
2021-06-28,India,494920,8190,451500,474610032,7856901
2021-06-29,India,466242,7719,425338,475076274,7864620
2021-06-30,India,493072,8163,449814,475569346,7872783
2021-07-01,India,490569,8122,447530,476059915,7880905
2021-07-02,India,422929,6998,385824,476482844,7887903
2021-07-03,India,434019,7187,395942,476916863,7895090
2021-07-04,India,425579,7043,388242,477342442,7902133
2021-07-05,India,413619,6847,377331,477756061,7908980
2021-07-06,India,443129,7337,404252,478199190,7916317
2021-07-07,India,412957,6837,376727,478612147,7923154
2021-07-08,India,403167,6675,367796,479015314,7929829
2021-07-09,India,360103,5963,328510,479375417,7935792
2021-07-10,India,404349,6694,368875,479779766,7942486
2021-07-11,India,359883,5957,328310,480139649,7948443
2021-07-12,India,376611,6234,343570,480516260,7954677
2021-07-13,India,372483,6166,339804,480888743,7960843
2021-07-14,India,383813,6352,350140,481272556,7967195
2021-07-15,India,328418,5438,299605,481600974,7972633
2021-07-16,India,291679,4829,266089,481892653,7977462
2021-07-17,India,338853,5609,309125,482231506,7983071
2021-07-18,India,357604,5922,326231,482589110,7988993
2021-07-19,India,340310,5633,310454,482929420,7994626
2021-07-20,India,316217,5234,288474,483245637,7999860
2021-07-21,India,297996,4932,271852,483543633,8004792
2021-07-22,India,310204,5136,282989,483853837,8009928
2021-07-23,India,276767,4582,252485,484130604,8014510
2021-07-24,India,290546,4808,265056,484421150,8019318
2021-07-25,India,283735,4696,258842,484704885,8024014
2021-07-26,India,284099,4701,259174,484988984,8028715
2021-07-27,India,299237,4952,272984,485288221,8033667
2021-07-28,India,261237,4321,238318,485549458,8037988
2021-07-29,India,243220,4026,221882,485792678,8042014
2021-07-30,India,242728,4014,221433,486035406,8046028
2021-07-31,India,215679,3569,196757,486251085,8049597
2021-08-01,India,222288,3678,202786,486473373,8053275
2021-08-02,India,219487,3635,200231,486692860,8056910
2021-08-03,India,212252,3511,193630,486905112,8060421
2021-08-04,India,213578,3534,194840,487118690,8063955
2021-08-05,India,197596,3270,180260,487316286,8067225
2021-08-06,India,211514,3500,192957,487527800,8070725
2021-08-07,India,194612,3224,177538,487722412,8073949
2021-08-08,India,188954,3125,172376,487911366,8077074
2021-08-09,India,180572,2988,164730,488091938,8080062
2021-08-10,India,179614,2974,163856,488271552,8083036
2021-08-11,India,180125,2983,164322,488451677,8086019
2021-08-12,India,160573,2657,146485,488612250,8088676
2021-08-13,India,157464,2602,143649,488769714,8091278
2021-08-14,India,155503,2574,141860,488925217,8093852
2021-08-15,India,142782,2366,130255,489067999,8096218
2021-08-16,India,142297,2356,129813,489210296,8098574
2021-08-17,India,140347,2323,128034,489350643,8100897
2021-08-18,India,145359,2404,132606,489496002,8103301
2021-08-19,India,136643,2259,124655,489632645,8105560
2021-08-20,India,131842,2182,120275,489764487,8107742
2021-08-21,India,131762,2178,120202,489896249,8109920
2021-08-22,India,121452,2012,110796,490017701,8111932
2021-08-23,India,120609,1994,110027,490138310,8113926
2021-08-24,India,113814,1884,103828,490252124,8115810
2021-08-25,India,112076,1851,102243,490364200,8117661
2021-08-26,India,103792,1717,94686,490467992,8119378
2021-08-27,India,90703,1499,82745,490558695,8120877
2021-08-28,India,99121,1636,90425,490657816,8122513
2021-08-29,India,103229,1710,94172,490761045,8124223
2021-08-30,India,97354,1614,88813,490858399,8125837
2021-08-31,India,94143,1560,85883,490952542,8127397
2021-09-01,India,92015,1524,83942,491044557,8128921
2021-09-02,India,83966,1389,76599,491128523,8130310
2021-09-03,India,81415,1349,74272,491209938,8131659
2021-09-04,India,75327,1249,68718,491285265,8132908
2021-09-05,India,73735,1220,67266,491359000,8134128
2021-09-06,India,74415,1229,67886,491433415,8135357
2021-09-07,India,73732,1219,67263,491507147,8136576
2021-09-08,India,66508,1104,60673,491573655,8137680
2021-09-09,India,63031,1043,57501,491636686,8138723
2021-09-10,India,62069,1020,56623,491698755,8139743
2021-09-11,India,61520,1015,56122,491760275,8140758
2021-09-12,India,53305,881,48628,491813580,8141639
2021-09-13,India,48909,811,44618,491862489,8142450
2021-09-14,India,51663,854,47130,491914152,8143304
2021-09-15,India,47946,795,43739,491962098,8144099
2021-09-16,India,47821,790,43625,492009919,8144889
2021-09-17,India,46789,770,42684,492056708,8145659
2021-09-18,India,44244,731,40362,492100952,8146390
2021-09-19,India,46623,772,42532,492147575,8147162
2021-09-20,India,42402,702,38682,492189977,8147864
2021-09-21,India,40636,670,37070,492230613,8148534
2021-09-22,India,39601,654,36126,492270214,8149188
2021-09-23,India,34735,580,31687,492304949,8149768
2021-09-24,India,37151,612,33891,492342100,8150380
2021-09-25,India,33722,559,30763,492375822,8150939
2021-09-26,India,33526,550,30584,492409348,8151489
2021-09-27,India,29408,488,26828,492438756,8151977
2021-09-28,India,27447,452,25039,492466203,8152429
2021-09-29,India,29661,491,27058,492495864,8152920
2021-09-30,India,27789,457,25351,492523653,8153377
2021-10-01,India,24922,413,22735,492548575,8153790
2021-10-02,India,23883,393,21787,492572458,8154183
2021-10-03,India,25225,416,23011,492597683,8154599
2021-10-04,India,21474,356,19590,492619157,8154955
2021-10-05,India,23619,390,21546,492642776,8155345
2021-10-06,India,19916,330,18168,492662692,8155675
2021-10-07,India,20561,340,18757,492683253,8156015
2021-10-08,India,18716,309,17074,492701969,8156324
2021-10-09,India,18718,310,17075,492720687,8156634
2021-10-10,India,16871,278,15390,492737558,8156912
2021-10-11,India,16415,269,14974,492753973,8157181
2021-10-12,India,15821,260,14433,492769794,8157441
2021-10-13,India,14303,239,13048,492784097,8157680
2021-10-14,India,14890,246,13583,492798987,8157926
2021-10-15,India,13334,219,12164,492812321,8158145
2021-10-16,India,12893,214,11761,492825214,8158359
2021-10-17,India,11806,196,10770,492837020,8158555
2021-10-18,India,10315,171,9410,492847335,8158726
2021-10-19,India,11160,182,10180,492858495,8158908
2021-10-20,India,12022,197,10967,492870517,8159105
2021-10-21,India,10608,174,9677,492881125,8159279
2021-10-22,India,9701,159,8849,492890826,8159438
2021-10-23,India,9114,151,8314,492899940,8159589
2021-10-24,India,8791,146,8019,492908731,8159735
2021-10-25,India,8576,142,7823,492917307,8159877
2021-10-26,India,7463,126,6808,492924770,8160003
2021-10-27,India,7957,133,7258,492932727,8160136
2021-10-28,India,7414,122,6763,492940141,8160258
2021-10-29,India,7041,114,6423,492947182,8160372
2021-10-30,India,6593,107,6014,492953775,8160479
2021-10-31,India,6128,100,5590,492959903,8160579
2021-11-01,India,6004,101,5477,492965907,8160680
2021-11-02,India,5672,93,5174,492971579,8160773
2021-11-03,India,5130,83,4679,492976709,8160856
2021-11-04,India,4809,78,4387,492981518,8160934
2021-11-05,India,4716,77,4302,492986234,8161011
2021-11-06,India,4791,81,4370,492991025,8161092
2021-11-07,India,3948,68,3601,492994973,8161160
2021-11-08,India,3693,60,3369,492998666,8161220
2021-11-09,India,3805,62,3471,493002471,8161282
2021-11-10,India,3580,56,3265,493006051,8161338
2021-11-11,India,3408,60,3109,493009459,8161398
2021-11-12,India,3235,50,2951,493012694,8161448
2021-11-13,India,2988,51,2725,493015682,8161499
2021-11-14,India,3071,50,2801,493018753,8161549
2021-11-15,India,2482,39,2264,493021235,8161588
2021-11-16,India,2444,38,2229,493023679,8161626
2021-11-17,India,2396,44,2185,493026075,8161670
2021-11-18,India,2086,34,1902,493028161,8161704
2021-11-19,India,2128,35,1941,493030289,8161739
2021-11-20,India,2196,38,2003,493032485,8161777
2021-11-21,India,1914,30,1746,493034399,8161807
2021-11-22,India,1824,30,1663,493036223,8161837
2021-11-23,India,1592,26,1452,493037815,8161863
2021-11-24,India,1553,24,1416,493039368,8161887
2021-11-25,India,1482,26,1351,493040850,8161913
2021-11-26,India,1400,22,1277,493042250,8161935
2021-11-27,India,1427,20,1301,493043677,8161955
2021-11-28,India,1298,20,1184,493044975,8161975
2021-11-29,India,1121,19,1022,493046096,8161994
2021-11-30,India,1132,16,1032,493047228,8162010
2021-12-01,India,1079,16,984,493048307,8162026
2021-12-02,India,1047,16,955,493049354,8162042
2021-12-03,India,1005,19,916,493050359,8162061
2021-12-04,India,829,12,756,493051188,8162073
2021-12-05,India,788,15,718,493051976,8162088
2021-12-06,India,722,10,658,493052698,8162098
2021-12-07,India,716,12,653,493053414,8162110
2021-12-08,India,697,10,635,493054111,8162120
2021-12-09,India,672,12,613,493054783,8162132
2021-12-10,India,597,7,544,493055380,8162139
2021-12-11,India,553,10,504,493055933,8162149
2021-12-12,India,532,9,485,493056465,8162158
2021-12-13,India,473,6,431,493056938,8162164
2021-12-14,India,515,8,469,493057453,8162172
2021-12-15,India,398,9,363,493057851,8162181
2021-12-16,India,411,7,374,493058262,8162188
2021-12-17,India,422,5,384,493058684,8162193
2021-12-18,India,357,3,325,493059041,8162196
2021-12-19,India,331,6,301,493059372,8162202
2021-12-20,India,307,5,280,493059679,8162207
2021-12-21,India,290,6,264,493059969,8162213
2021-12-22,India,294,1,268,493060263,8162214
2021-12-23,India,225,1,205,493060488,8162215
2021-12-24,India,259,6,236,493060747,8162221
2021-12-25,India,206,4,187,493060953,8162225
2021-12-26,India,206,4,187,493061159,8162229
2021-12-27,India,190,1,173,493061349,8162230
2021-12-28,India,188,1,171,493061537,8162231
2021-12-29,India,155,4,141,493061692,8162235
2021-12-30,India,163,4,148,493061855,8162239
2020-01-01,Brazil,116834,2673,110693,116834,2673
2020-01-02,Brazil,110507,2526,104699,227341,5199
2020-01-03,Brazil,118687,2716,112449,346028,7915
2020-01-04,Brazil,115746,2650,109662,461774,10565
2020-01-05,Brazil,120636,2760,114295,582410,13325
2020-01-06,Brazil,113642,2599,107669,696052,15924
2020-01-07,Brazil,122928,2811,116467,818980,18735
2020-01-08,Brazil,105659,2420,100105,924639,21155
2020-01-09,Brazil,124897,2856,118332,1049536,24011
2020-01-10,Brazil,117469,2689,111295,1167005,26700
2020-01-11,Brazil,137534,3147,130305,1304539,29847
2020-01-12,Brazil,136627,3125,129446,1441166,32972
2020-01-13,Brazil,136416,3118,129246,1577582,36090
2020-01-14,Brazil,145359,3325,137719,1722941,39415
2020-01-15,Brazil,130355,2982,123504,1853296,42397
2020-01-16,Brazil,150709,3451,142788,2004005,45848
2020-01-17,Brazil,146874,3358,139154,2150879,49206
2020-01-18,Brazil,140368,3215,132990,2291247,52421
2020-01-19,Brazil,151909,3476,143925,2443156,55897
2020-01-20,Brazil,137379,3143,130158,2580535,59040
2020-01-21,Brazil,141018,3224,133606,2721553,62264
2020-01-22,Brazil,144192,3299,136613,2865745,65563
2020-01-23,Brazil,146354,3349,138662,3012099,68912
2020-01-24,Brazil,143893,3293,136330,3155992,72205
2020-01-25,Brazil,162871,3724,154311,3318863,75929
2020-01-26,Brazil,153015,3503,144973,3471878,79432
2020-01-27,Brazil,159291,3644,150919,3631169,83076
2020-01-28,Brazil,153507,3513,145439,3784676,86589
2020-01-29,Brazil,144949,3315,137331,3929625,89904
2020-01-30,Brazil,163063,3728,154493,4092688,93632
2020-01-31,Brazil,146763,3357,139049,4239451,96989
2020-02-01,Brazil,163079,3731,154508,4402530,100720
2020-02-02,Brazil,153678,3513,145601,4556208,104233
2020-02-03,Brazil,182780,4183,173173,4738988,108416
2020-02-04,Brazil,175149,4008,165943,4914137,112424
2020-02-05,Brazil,169628,3879,160713,5083765,116303
2020-02-06,Brazil,180657,4130,171162,5264422,120433
2020-02-07,Brazil,163826,3747,155215,5428248,124180
2020-02-08,Brazil,176853,4046,167558,5605101,128226
2020-02-09,Brazil,174974,4002,165778,5780075,132228
2020-02-10,Brazil,176572,4039,167292,5956647,136267
2020-02-11,Brazil,186411,4265,176613,6143058,140532
2020-02-12,Brazil,182662,4176,173062,6325720,144708
2020-02-13,Brazil,179670,4107,170227,6505390,148815
2020-02-14,Brazil,163248,3729,154668,6668638,152544
2020-02-15,Brazil,170213,3895,161267,6838851,156439
2020-02-16,Brazil,178471,4083,169091,7017322,160522
2020-02-17,Brazil,181148,4146,171627,7198470,164668
2020-02-18,Brazil,170765,3904,161790,7369235,168572
2020-02-19,Brazil,203543,4656,192845,7572778,173228
2020-02-20,Brazil,196056,4485,185752,7768834,177713
2020-02-21,Brazil,188294,4306,178398,7957128,182019
2020-02-22,Brazil,183959,4205,174290,8141087,186224
2020-02-23,Brazil,181811,4162,172255,8322898,190386
2020-02-24,Brazil,175410,4015,166191,8498308,194401
2020-02-25,Brazil,185262,4237,175525,8683570,198638
2020-02-26,Brazil,187254,4284,177412,8870824,202922
2020-02-27,Brazil,173652,3971,164525,9044476,206893
2020-02-28,Brazil,188479,4309,178573,9232955,211202
2020-02-29,Brazil,184126,4216,174449,9417081,215418
2020-03-01,Brazil,167990,3839,159161,9585071,219257
2020-03-02,Brazil,177807,4067,168462,9762878,223324
2020-03-03,Brazil,182006,4164,172440,9944884,227488
2020-03-04,Brazil,203396,4656,192706,10148280,232144
2020-03-05,Brazil,190983,4371,180945,10339263,236515
2020-03-06,Brazil,173322,3961,164212,10512585,240476
2020-03-07,Brazil,190106,4349,180114,10702691,244825
2020-03-08,Brazil,171074,3913,162083,10873765,248738
2020-03-09,Brazil,195231,4465,184970,11068996,253203
2020-03-10,Brazil,180587,4132,171096,11249583,257335
2020-03-11,Brazil,183778,4201,174119,11433361,261536
2020-03-12,Brazil,196518,4495,186189,11629879,266031
2020-03-13,Brazil,172077,3937,163033,11801956,269968
2020-03-14,Brazil,170672,3905,161702,11972628,273873
2020-03-15,Brazil,177687,4065,168348,12150315,277938
2020-03-16,Brazil,192004,4392,181913,12342319,282330
2020-03-17,Brazil,168161,3846,159323,12510480,286176
2020-03-18,Brazil,155720,3563,147535,12666200,289739
2020-03-19,Brazil,176722,4043,167434,12842922,293782
2020-03-20,Brazil,185125,4233,175395,13028047,298015
2020-03-21,Brazil,190247,4349,180248,13218294,302364
2020-03-22,Brazil,174622,3991,165444,13392916,306355
2020-03-23,Brazil,174356,3991,165192,13567272,310346
2020-03-24,Brazil,187472,4290,177619,13754744,314636
2020-03-25,Brazil,159944,3658,151537,13914688,318294
2020-03-26,Brazil,172198,3938,163147,14086886,322232
2020-03-27,Brazil,176415,4034,167143,14263301,326266
2020-03-28,Brazil,177773,4069,168429,14441074,330335
2020-03-29,Brazil,168550,3859,159691,14609624,334194
2020-03-30,Brazil,172325,3941,163268,14781949,338135
2020-03-31,Brazil,149789,3429,141916,14931738,341564
2020-04-01,Brazil,164504,3763,155858,15096242,345327
2020-04-02,Brazil,172947,3956,163857,15269189,349283
2020-04-03,Brazil,159845,3659,151444,15429034,352942
2020-04-04,Brazil,167570,3833,158763,15596604,356775
2020-04-05,Brazil,169748,3884,160826,15766352,360659
2020-04-06,Brazil,162159,3710,153636,15928511,364369
2020-04-07,Brazil,165319,3778,156630,16093830,368147
2020-04-08,Brazil,155007,3546,146860,16248837,371693
2020-04-09,Brazil,160093,3661,151679,16408930,375354
2020-04-10,Brazil,165577,3785,156874,16574507,379139
2020-04-11,Brazil,160831,3678,152378,16735338,382817
2020-04-12,Brazil,153831,3518,145746,16889169,386335
2020-04-13,Brazil,159142,3642,150778,17048311,389977
2020-04-14,Brazil,161859,3700,153352,17210170,393677
2020-04-15,Brazil,139265,3184,131945,17349435,396861
2020-04-16,Brazil,163002,3729,154435,17512437,400590
2020-04-17,Brazil,150402,3438,142497,17662839,404028
2020-04-18,Brazil,155115,3547,146962,17817954,407575
2020-04-19,Brazil,159826,3653,151426,17977780,411228
2020-04-20,Brazil,139451,3192,132122,18117231,414420
2020-04-21,Brazil,143380,3279,135844,18260611,417699
2020-04-22,Brazil,145468,3327,137822,18406079,421026
2020-04-23,Brazil,140811,3223,133410,18546890,424249
2020-04-24,Brazil,158151,3616,149839,18705041,427865
2020-04-25,Brazil,138321,3163,131051,18843362,431028
2020-04-26,Brazil,139528,3189,132194,18982890,434217
2020-04-27,Brazil,143994,3292,136426,19126884,437509
2020-04-28,Brazil,133067,3042,126073,19259951,440551
2020-04-29,Brazil,137858,3152,130612,19397809,443703
2020-04-30,Brazil,141944,3246,134483,19539753,446949
2020-05-01,Brazil,136524,3123,129348,19676277,450072
2020-05-02,Brazil,137324,3139,130106,19813601,453211
2020-05-03,Brazil,133499,3054,126482,19947100,456265
2020-05-04,Brazil,125992,2883,119370,20073092,459148
2020-05-05,Brazil,137712,3149,130474,20210804,462297
2020-05-06,Brazil,146607,3352,138901,20357411,465649
2020-05-07,Brazil,134179,3069,127127,20491590,468718
2020-05-08,Brazil,134867,3085,127778,20626457,471803
2020-05-09,Brazil,137304,3141,130087,20763761,474944
2020-05-10,Brazil,123699,2833,117197,20887460,477777
2020-05-11,Brazil,142690,3264,135190,21030150,481041
2020-05-12,Brazil,132267,3024,125315,21162417,484065
2020-05-13,Brazil,141070,3225,133655,21303487,487290
2020-05-14,Brazil,125184,2862,118604,21428671,490152
2020-05-15,Brazil,141283,3229,133857,21569954,493381
2020-05-16,Brazil,134112,3070,127063,21704066,496451
2020-05-17,Brazil,132308,3022,125354,21836374,499473
2020-05-18,Brazil,129930,2973,123101,21966304,502446
2020-05-19,Brazil,126555,2893,119903,22092859,505339
2020-05-20,Brazil,135590,3100,128463,22228449,508439
2020-05-21,Brazil,128613,2940,121853,22357062,511379
2020-05-22,Brazil,115015,2634,108970,22472077,514013
2020-05-23,Brazil,120334,2752,114009,22592411,516765
2020-05-24,Brazil,126205,2888,119572,22718616,519653
2020-05-25,Brazil,129341,2961,122543,22847957,522614
2020-05-26,Brazil,127028,2906,120351,22974985,525520
2020-05-27,Brazil,135224,3091,128117,23110209,528611
2020-05-28,Brazil,115119,2633,109068,23225328,531244
2020-05-29,Brazil,128637,2941,121876,23353965,534185
2020-05-30,Brazil,116290,2659,110178,23470255,536844
2020-05-31,Brazil,133032,3043,126040,23603287,539887
2020-06-01,Brazil,127844,2924,121125,23731131,542811
2020-06-02,Brazil,131486,3008,124575,23862617,545819
2020-06-03,Brazil,123580,2828,117085,23986197,548647
2020-06-04,Brazil,137871,3153,130625,24124068,551800
2020-06-05,Brazil,136818,3130,129627,24260886,554930
2020-06-06,Brazil,134360,3072,127298,24395246,558002
2020-06-07,Brazil,130250,2982,123404,24525496,560984
2020-06-08,Brazil,135510,3099,128388,24661006,564083
2020-06-09,Brazil,127647,2922,120938,24788653,567005
2020-06-10,Brazil,138690,3169,131400,24927343,570174
2020-06-11,Brazil,144745,3310,137137,25072088,573484
2020-06-12,Brazil,141671,3240,134225,25213759,576724
2020-06-13,Brazil,130331,2982,123481,25344090,579706
2020-06-14,Brazil,138560,3171,131277,25482650,582877
2020-06-15,Brazil,128114,2928,121380,25610764,585805
2020-06-16,Brazil,141826,3242,134372,25752590,589047
2020-06-17,Brazil,141952,3244,134491,25894542,592291
2020-06-18,Brazil,126731,2901,120070,26021273,595192
2020-06-19,Brazil,132636,3034,125665,26153909,598226
2020-06-20,Brazil,139855,3197,132504,26293764,601423
2020-06-21,Brazil,140792,3220,133392,26434556,604643
2020-06-22,Brazil,135340,3098,128227,26569896,607741
2020-06-23,Brazil,148016,3385,140236,26717912,611126
2020-06-24,Brazil,148200,3389,140411,26866112,614515
2020-06-25,Brazil,146122,3341,138442,27012234,617856
2020-06-26,Brazil,143154,3272,135630,27155388,621128
2020-06-27,Brazil,157890,3614,149591,27313278,624742
2020-06-28,Brazil,163817,3751,155207,27477095,628493
2020-06-29,Brazil,148895,3404,141069,27625990,631897
2020-06-30,Brazil,149186,3415,141345,27775176,635312
2020-07-01,Brazil,159041,3637,150682,27934217,638949
2020-07-02,Brazil,153774,3519,145692,28087991,642468
2020-07-03,Brazil,156843,3591,148599,28244834,646059
2020-07-04,Brazil,165217,3779,156533,28410051,649838
2020-07-05,Brazil,145373,3325,137732,28555424,653163
2020-07-06,Brazil,172812,3955,163729,28728236,657118
2020-07-07,Brazil,164134,3752,155507,28892370,660870
2020-07-08,Brazil,161570,3698,153078,29053940,664568
2020-07-09,Brazil,165653,3790,156946,29219593,668358
2020-07-10,Brazil,167517,3831,158712,29387110,672189
2020-07-11,Brazil,154619,3536,146492,29541729,675725
2020-07-12,Brazil,183477,4194,173834,29725206,679919
2020-07-13,Brazil,172514,3945,163447,29897720,683864
2020-07-14,Brazil,177446,4059,168120,30075166,687923
2020-07-15,Brazil,183368,4192,173730,30258534,692115
2020-07-16,Brazil,167462,3831,158660,30425996,695946
2020-07-17,Brazil,182114,4167,172542,30608110,700113
2020-07-18,Brazil,176923,4047,167624,30785033,704160
2020-07-19,Brazil,188386,4311,178485,30973419,708471
2020-07-20,Brazil,162759,3721,154205,31136178,712192
2020-07-21,Brazil,182611,4179,173013,31318789,716371
2020-07-22,Brazil,179320,4102,169895,31498109,720473
2020-07-23,Brazil,190276,4356,180275,31688385,724829
2020-07-24,Brazil,191998,4397,181907,31880383,729226
2020-07-25,Brazil,182224,4167,172647,32062607,733393
2020-07-26,Brazil,183434,4195,173793,32246041,737588
2020-07-27,Brazil,190425,4355,180417,32436466,741943
2020-07-28,Brazil,184095,4212,174419,32620561,746155
2020-07-29,Brazil,202131,4626,191507,32822692,750781
2020-07-30,Brazil,191561,4381,181493,33014253,755162
2020-07-31,Brazil,167796,3839,158977,33182049,759001
2020-08-01,Brazil,193777,4432,183592,33375826,763433
2020-08-02,Brazil,188276,4308,178380,33564102,767741
2020-08-03,Brazil,183380,4198,173742,33747482,771939
2020-08-04,Brazil,188292,4307,178396,33935774,776246
2020-08-05,Brazil,202824,4636,192164,34138598,780882
2020-08-06,Brazil,216159,4946,204798,34354757,785828
2020-08-07,Brazil,206815,4729,195945,34561572,790557
2020-08-08,Brazil,198319,4536,187896,34759891,795093
2020-08-09,Brazil,210058,4807,199018,34969949,799900
2020-08-10,Brazil,201457,4609,190869,35171406,804509
2020-08-11,Brazil,199773,4570,189273,35371179,809079
2020-08-12,Brazil,195700,4475,185414,35566879,813554
2020-08-13,Brazil,190118,4343,180126,35756997,817897
2020-08-14,Brazil,204934,4689,194163,35961931,822586
2020-08-15,Brazil,211257,4832,200154,36173188,827418
2020-08-16,Brazil,209130,4787,198138,36382318,832205
2020-08-17,Brazil,206260,4719,195419,36588578,836924
2020-08-18,Brazil,201105,4599,190535,36789683,841523
2020-08-19,Brazil,217918,4987,206465,37007601,846510
2020-08-20,Brazil,197882,4529,187482,37205483,851039
2020-08-21,Brazil,220362,5040,208780,37425845,856079
2020-08-22,Brazil,201733,4617,191130,37627578,860696
2020-08-23,Brazil,204572,4679,193820,37832150,865375
2020-08-24,Brazil,197109,4509,186749,38029259,869884
2020-08-25,Brazil,207464,4747,196560,38236723,874631
2020-08-26,Brazil,223215,5108,211483,38459938,879739
2020-08-27,Brazil,218305,4995,206831,38678243,884734
2020-08-28,Brazil,223155,5104,211426,38901398,889838
2020-08-29,Brazil,218172,4993,206705,39119570,894831
2020-08-30,Brazil,200718,4591,190169,39320288,899422
2020-08-31,Brazil,208699,4773,197730,39528987,904195
2020-09-01,Brazil,203654,4658,192950,39732641,908853
2020-09-02,Brazil,225659,5166,213799,39958300,914019
2020-09-03,Brazil,198548,4540,188113,40156848,918559
2020-09-04,Brazil,220156,5039,208585,40377004,923598
2020-09-05,Brazil,219624,5022,208081,40596628,928620
2020-09-06,Brazil,228865,5236,216836,40825493,933856
2020-09-07,Brazil,204790,4685,194027,41030283,938541
2020-09-08,Brazil,215836,4941,204492,41246119,943482
2020-09-09,Brazil,231396,5292,219234,41477515,948774
2020-09-10,Brazil,200543,4586,190003,41678058,953360
2020-09-11,Brazil,190297,4353,180295,41868355,957713
2020-09-12,Brazil,185956,4257,176182,42054311,961970
2020-09-13,Brazil,211617,4839,200495,42265928,966809
2020-09-14,Brazil,184217,4209,174535,42450145,971018
2020-09-15,Brazil,198585,4543,188148,42648730,975561
2020-09-16,Brazil,205690,4707,194879,42854420,980268
2020-09-17,Brazil,202031,4619,191413,43056451,984887
2020-09-18,Brazil,203255,4651,192572,43259706,989538
2020-09-19,Brazil,200016,4573,189503,43459722,994111
2020-09-20,Brazil,209140,4784,198148,43668862,998895
2020-09-21,Brazil,185979,4256,176204,43854841,1003151
2020-09-22,Brazil,187378,4284,177530,44042219,1007435
2020-09-23,Brazil,185127,4235,175397,44227346,1011670
2020-09-24,Brazil,199085,4557,188621,44426431,1016227
2020-09-25,Brazil,198234,4536,187815,44624665,1020763
2020-09-26,Brazil,192444,4401,182329,44817109,1025164
2020-09-27,Brazil,197711,4526,187320,45014820,1029690
2020-09-28,Brazil,174191,3986,165036,45189011,1033676
2020-09-29,Brazil,198788,4544,188340,45387799,1038220
2020-09-30,Brazil,195704,4478,185418,45583503,1042698
2020-10-01,Brazil,186809,4272,176991,45770312,1046970
2020-10-02,Brazil,194380,4447,184164,45964692,1051417
2020-10-03,Brazil,162104,3710,153584,46126796,1055127
2020-10-04,Brazil,170395,3897,161439,46297191,1059024
2020-10-05,Brazil,166826,3813,158058,46464017,1062837
2020-10-06,Brazil,177562,4065,168230,46641579,1066902
2020-10-07,Brazil,160636,3677,152193,46802215,1070579
2020-10-08,Brazil,174027,3981,164880,46976242,1074560
2020-10-09,Brazil,177152,4054,167841,47153394,1078614
2020-10-10,Brazil,169580,3878,160667,47322974,1082492
2020-10-11,Brazil,164255,3757,155622,47487229,1086249
2020-10-12,Brazil,152109,3479,144114,47639338,1089728
2020-10-13,Brazil,151360,3462,143405,47790698,1093190
2020-10-14,Brazil,165832,3794,157116,47956530,1096984
2020-10-15,Brazil,160095,3660,151681,48116625,1100644
2020-10-16,Brazil,151792,3472,143814,48268417,1104116
2020-10-17,Brazil,146940,3362,139217,48415357,1107478
2020-10-18,Brazil,133056,3047,126063,48548413,1110525
2020-10-19,Brazil,138206,3159,130942,48686619,1113684
2020-10-20,Brazil,157753,3610,149462,48844372,1117294
2020-10-21,Brazil,132859,3040,125876,48977231,1120334
2020-10-22,Brazil,141229,3227,133806,49118460,1123561
2020-10-23,Brazil,144801,3313,137190,49263261,1126874
2020-10-24,Brazil,127284,2913,120594,49390545,1129787
2020-10-25,Brazil,134994,3089,127899,49525539,1132876
2020-10-26,Brazil,137890,3154,130643,49663429,1136030
2020-10-27,Brazil,129750,2969,122930,49793179,1138999
2020-10-28,Brazil,145937,3339,138267,49939116,1142338
2020-10-29,Brazil,115116,2630,109065,50054232,1144968
2020-10-30,Brazil,130112,2977,123273,50184344,1147945
2020-10-31,Brazil,120501,2756,114167,50304845,1150701
2020-11-01,Brazil,124157,2839,117631,50429002,1153540
2020-11-02,Brazil,120138,2753,113824,50549140,1156293
2020-11-03,Brazil,111321,2549,105470,50660461,1158842
2020-11-04,Brazil,114886,2626,108848,50775347,1161468
2020-11-05,Brazil,101255,2317,95933,50876602,1163785
2020-11-06,Brazil,112992,2587,107053,50989594,1166372
2020-11-07,Brazil,109364,2498,103616,51098958,1168870
2020-11-08,Brazil,109229,2499,103488,51208187,1171369
2020-11-09,Brazil,109460,2504,103707,51317647,1173873
2020-11-10,Brazil,103966,2375,98501,51421613,1176248
2020-11-11,Brazil,100983,2311,95675,51522596,1178559
2020-11-12,Brazil,94077,2154,89132,51616673,1180713
2020-11-13,Brazil,93169,2134,88272,51709842,1182847
2020-11-14,Brazil,100459,2297,95179,51810301,1185144
2020-11-15,Brazil,99762,2287,94518,51910063,1187431
2020-11-16,Brazil,90260,2060,85516,52000323,1189491
2020-11-17,Brazil,89852,2056,85129,52090175,1191547
2020-11-18,Brazil,83992,1918,79577,52174167,1193465
2020-11-19,Brazil,91389,2090,86585,52265556,1195555
2020-11-20,Brazil,87529,2001,82928,52353085,1197556
2020-11-21,Brazil,91194,2087,86401,52444279,1199643
2020-11-22,Brazil,77985,1783,73886,52522264,1201426
2020-11-23,Brazil,78532,1794,74404,52600796,1203220
2020-11-24,Brazil,79463,1816,75286,52680259,1205036
2020-11-25,Brazil,79589,1824,75406,52759848,1206860
2020-11-26,Brazil,74856,1713,70921,52834704,1208573
2020-11-27,Brazil,71039,1621,67305,52905743,1210194
2020-11-28,Brazil,76142,1743,72140,52981885,1211937
2020-11-29,Brazil,74191,1696,70291,53056076,1213633
2020-11-30,Brazil,67102,1535,63575,53123178,1215168
2020-12-01,Brazil,73761,1689,69884,53196939,1216857
2020-12-02,Brazil,71842,1645,68066,53268781,1218502
2020-12-03,Brazil,67146,1534,63617,53335927,1220036
2020-12-04,Brazil,65826,1505,62366,53401753,1221541
2020-12-05,Brazil,66256,1514,62773,53468009,1223055
2020-12-06,Brazil,60681,1389,57491,53528690,1224444
2020-12-07,Brazil,62491,1429,59206,53591181,1225873
2020-12-08,Brazil,54809,1253,51928,53645990,1227126
2020-12-09,Brazil,63136,1443,59817,53709126,1228569
2020-12-10,Brazil,54935,1256,52047,53764061,1229825
2020-12-11,Brazil,63150,1448,59831,53827211,1231273
2020-12-12,Brazil,56963,1307,53969,53884174,1232580
2020-12-13,Brazil,56541,1294,53569,53940715,1233874
2020-12-14,Brazil,54643,1249,51771,53995358,1235123
2020-12-15,Brazil,54921,1253,52034,54050279,1236376
2020-12-16,Brazil,58984,1347,55884,54109263,1237723
2020-12-17,Brazil,47692,1090,45185,54156955,1238813
2020-12-18,Brazil,57349,1310,54334,54214304,1240123
2020-12-19,Brazil,54286,1240,51432,54268590,1241363
2020-12-20,Brazil,49710,1140,47097,54318300,1242503
2020-12-21,Brazil,49645,1135,47035,54367945,1243638
2020-12-22,Brazil,56439,1291,53472,54424384,1244929
2020-12-23,Brazil,49275,1125,46685,54473659,1246054
2020-12-24,Brazil,48445,1110,45898,54522104,1247164
2020-12-25,Brazil,54054,1236,51213,54576158,1248400
2020-12-26,Brazil,51782,1183,49060,54627940,1249583
2020-12-27,Brazil,48357,1103,45815,54676297,1250686
2020-12-28,Brazil,51146,1169,48457,54727443,1251855
2020-12-29,Brazil,47909,1094,45391,54775352,1252949
2020-12-30,Brazil,53223,1220,50425,54828575,1254169
2020-12-31,Brazil,53109,1218,50317,54881684,1255387
2021-01-01,Brazil,51803,1182,49080,54933487,1256569
2021-01-02,Brazil,51445,1174,48741,54984932,1257743
2021-01-03,Brazil,55104,1260,52207,55040036,1259003
2021-01-04,Brazil,50795,1160,48125,55090831,1260163
2021-01-05,Brazil,47976,1098,45454,55138807,1261261
2021-01-06,Brazil,52378,1197,49625,55191185,1262458
2021-01-07,Brazil,56876,1301,53886,55248061,1263759
2021-01-08,Brazil,49188,1127,46602,55297249,1264886
2021-01-09,Brazil,51231,1169,48538,55348480,1266055
2021-01-10,Brazil,53666,1229,50845,55402146,1267284
2021-01-11,Brazil,52864,1207,50085,55455010,1268491
2021-01-12,Brazil,50854,1167,48181,55505864,1269658
2021-01-13,Brazil,57025,1307,54027,55562889,1270965
2021-01-14,Brazil,60877,1392,57677,55623766,1272357
2021-01-15,Brazil,55677,1271,52750,55679443,1273628
2021-01-16,Brazil,53242,1215,50443,55732685,1274843
2021-01-17,Brazil,52056,1192,49320,55784741,1276035
2021-01-18,Brazil,57866,1323,54824,55842607,1277358
2021-01-19,Brazil,61060,1398,57850,55903667,1278756
2021-01-20,Brazil,60031,1377,56876,55963698,1280133
2021-01-21,Brazil,59438,1358,56314,56023136,1281491
2021-01-22,Brazil,58510,1336,55434,56081646,1282827
2021-01-23,Brazil,57822,1323,54783,56139468,1284150
2021-01-24,Brazil,64664,1481,61265,56204132,1285631
2021-01-25,Brazil,65895,1505,62431,56270027,1287136
2021-01-26,Brazil,59042,1350,55938,56329069,1288486
2021-01-27,Brazil,70163,1607,66475,56399232,1290093
2021-01-28,Brazil,67928,1550,64357,56467160,1291643
2021-01-29,Brazil,71796,1642,68022,56538956,1293285
2021-01-30,Brazil,63617,1454,60273,56602573,1294739
2021-01-31,Brazil,64585,1477,61190,56667158,1296216
2021-02-01,Brazil,69948,1601,66271,56737106,1297817
2021-02-02,Brazil,73456,1680,69595,56810562,1299497
2021-02-03,Brazil,79407,1814,75233,56889969,1301311
2021-02-04,Brazil,76710,1753,72678,56966679,1303064
2021-02-05,Brazil,74437,1705,70524,57041116,1304769
2021-02-06,Brazil,72700,1663,68879,57113816,1306432
2021-02-07,Brazil,82733,1894,78384,57196549,1308326
2021-02-08,Brazil,75441,1726,71476,57271990,1310052
2021-02-09,Brazil,87180,1996,82598,57359170,1312048
2021-02-10,Brazil,80818,1848,76570,57439988,1313896
2021-02-11,Brazil,90006,2057,85275,57529994,1315953
2021-02-12,Brazil,87660,2006,83052,57617654,1317959
2021-02-13,Brazil,85616,1960,81116,57703270,1319919
2021-02-14,Brazil,85373,1951,80886,57788643,1321870
2021-02-15,Brazil,87589,2002,82985,57876232,1323872
2021-02-16,Brazil,92522,2116,87659,57968754,1325988
2021-02-17,Brazil,92424,2117,87566,58061178,1328105
2021-02-18,Brazil,90789,2078,86017,58151967,1330183
2021-02-19,Brazil,94292,2154,89336,58246259,1332337
2021-02-20,Brazil,96982,2218,91885,58343241,1334555
2021-02-21,Brazil,87687,2005,83078,58430928,1336560
2021-02-22,Brazil,101958,2330,96599,58532886,1338890
2021-02-23,Brazil,96263,2202,91203,58629149,1341092
2021-02-24,Brazil,96848,2215,91758,58725997,1343307
2021-02-25,Brazil,95531,2184,90510,58821528,1345491
2021-02-26,Brazil,96399,2204,91332,58917927,1347695
2021-02-27,Brazil,100181,2294,94915,59018108,1349989
2021-02-28,Brazil,105167,2405,99639,59123275,1352394
2021-03-01,Brazil,121406,2777,115025,59244681,1355171
2021-03-02,Brazil,109221,2498,103480,59353902,1357669
2021-03-03,Brazil,114748,2624,108717,59468650,1360293
2021-03-04,Brazil,117610,2690,111428,59586260,1362983
2021-03-05,Brazil,117626,2691,111444,59703886,1365674
2021-03-06,Brazil,117956,2698,111756,59821842,1368372
2021-03-07,Brazil,112792,2578,106864,59934634,1370950
2021-03-08,Brazil,130319,2980,123469,60064953,1373930
2021-03-09,Brazil,134154,3070,127103,60199107,1377000
2021-03-10,Brazil,114075,2609,108079,60313182,1379609
2021-03-11,Brazil,119610,2736,113323,60432792,1382345
2021-03-12,Brazil,125779,2877,119168,60558571,1385222
2021-03-13,Brazil,122824,2810,116368,60681395,1388032
2021-03-14,Brazil,133821,3062,126787,60815216,1391094
2021-03-15,Brazil,127166,2908,120482,60942382,1394002
2021-03-16,Brazil,147854,3380,140083,61090236,1397382
2021-03-17,Brazil,142856,3265,135348,61233092,1400647
2021-03-18,Brazil,137676,3151,130440,61370768,1403798
2021-03-19,Brazil,144674,3311,137070,61515442,1407109
2021-03-20,Brazil,146649,3356,138941,61662091,1410465
2021-03-21,Brazil,136342,3120,129176,61798433,1413585
2021-03-22,Brazil,135830,3107,128691,61934263,1416692
2021-03-23,Brazil,143454,3280,135914,62077717,1419972
2021-03-24,Brazil,150368,3438,142465,62228085,1423410
2021-03-25,Brazil,146401,3347,138706,62374486,1426757
2021-03-26,Brazil,135034,3091,127937,62509520,1429848
2021-03-27,Brazil,141838,3243,134383,62651358,1433091
2021-03-28,Brazil,148366,3396,140568,62799724,1436487
2021-03-29,Brazil,149465,3419,141609,62949189,1439906
2021-03-30,Brazil,166022,3796,157296,63115211,1443702
2021-03-31,Brazil,141620,3237,134177,63256831,1446939
2021-04-01,Brazil,157056,3591,148801,63413887,1450530
2021-04-02,Brazil,165646,3792,156940,63579533,1454322
2021-04-03,Brazil,172731,3949,163652,63752264,1458271
2021-04-04,Brazil,152868,3501,144833,63905132,1461772
2021-04-05,Brazil,160752,3675,152303,64065884,1465447
2021-04-06,Brazil,162226,3712,153700,64228110,1469159
2021-04-07,Brazil,160079,3661,151665,64388189,1472820
2021-04-08,Brazil,158500,3625,150169,64546689,1476445
2021-04-09,Brazil,163494,3737,154901,64710183,1480182
2021-04-10,Brazil,140336,3210,132960,64850519,1483392
2021-04-11,Brazil,166822,3814,158054,65017341,1487206
2021-04-12,Brazil,162936,3724,154372,65180277,1490930
2021-04-13,Brazil,160659,3675,152215,65340936,1494605
2021-04-14,Brazil,179658,4108,170215,65520594,1498713
2021-04-15,Brazil,157927,3616,149626,65678521,1502329
2021-04-16,Brazil,160563,3675,152124,65839084,1506004
2021-04-17,Brazil,180603,4135,171111,66019687,1510139
2021-04-18,Brazil,157732,3607,149442,66177419,1513746
2021-04-19,Brazil,160335,3668,151908,66337754,1517414
2021-04-20,Brazil,163902,3744,155287,66501656,1521158
2021-04-21,Brazil,172266,3940,163212,66673922,1525098
2021-04-22,Brazil,167190,3825,158403,66841112,1528923
2021-04-23,Brazil,154877,3543,146737,66995989,1532466
2021-04-24,Brazil,161236,3688,152762,67157225,1536154
2021-04-25,Brazil,160631,3674,152188,67317856,1539828
2021-04-26,Brazil,164995,3769,156323,67482851,1543597
2021-04-27,Brazil,169087,3868,160200,67651938,1547465
2021-04-28,Brazil,168902,3865,160025,67820840,1551330
2021-04-29,Brazil,150599,3448,142684,67971439,1554778
2021-04-30,Brazil,173850,3978,164713,68145289,1558756
2021-05-01,Brazil,166894,3817,158122,68312183,1562573
2021-05-02,Brazil,175902,4026,166657,68488085,1566599
2021-05-03,Brazil,167814,3834,158994,68655899,1570433
2021-05-04,Brazil,172797,3952,163715,68828696,1574385
2021-05-05,Brazil,167154,3822,158369,68995850,1578207
2021-05-06,Brazil,173829,3976,164693,69169679,1582183
2021-05-07,Brazil,166583,3806,157828,69336262,1585989
2021-05-08,Brazil,160987,3685,152526,69497249,1589674
2021-05-09,Brazil,179486,4105,170052,69676735,1593779
2021-05-10,Brazil,167658,3836,158846,69844393,1597615
2021-05-11,Brazil,164416,3761,155774,70008809,1601376
2021-05-12,Brazil,148944,3410,141116,70157753,1604786
2021-05-13,Brazil,148125,3385,140340,70305878,1608171
2021-05-14,Brazil,159818,3656,151418,70465696,1611827
2021-05-15,Brazil,157800,3612,149506,70623496,1615439
2021-05-16,Brazil,150986,3454,143050,70774482,1618893
2021-05-17,Brazil,155933,3565,147737,70930415,1622458
2021-05-18,Brazil,166100,3798,157370,71096515,1626256
2021-05-19,Brazil,158189,3618,149875,71254704,1629874
2021-05-20,Brazil,143172,3273,135647,71397876,1633147
2021-05-21,Brazil,149922,3429,142042,71547798,1636576
2021-05-22,Brazil,143632,3288,136083,71691430,1639864
2021-05-23,Brazil,145638,3330,137983,71837068,1643194
2021-05-24,Brazil,144298,3300,136714,71981366,1646494
2021-05-25,Brazil,142652,3264,135154,72124018,1649758
2021-05-26,Brazil,135814,3106,128676,72259832,1652864
2021-05-27,Brazil,142729,3262,135227,72402561,1656126
2021-05-28,Brazil,138364,3165,131092,72540925,1659291
2021-05-29,Brazil,120375,2753,114048,72661300,1662044
2021-05-30,Brazil,154031,3525,145935,72815331,1665569
2021-05-31,Brazil,145850,3334,138184,72961181,1668903
2021-06-01,Brazil,134347,3075,127286,73095528,1671978
2021-06-02,Brazil,135632,3102,128503,73231160,1675080
2021-06-03,Brazil,126207,2885,119574,73357367,1677965
2021-06-04,Brazil,143843,3288,136283,73501210,1681253
2021-06-05,Brazil,143556,3288,136011,73644766,1684541
2021-06-06,Brazil,130628,2988,123762,73775394,1687529
2021-06-07,Brazil,134647,3082,127570,73910041,1690611
2021-06-08,Brazil,127662,2917,120952,74037703,1693528
2021-06-09,Brazil,116642,2673,110511,74154345,1696201
2021-06-10,Brazil,120886,2767,114532,74275231,1698968
2021-06-11,Brazil,122647,2805,116201,74397878,1701773
2021-06-12,Brazil,117513,2687,111336,74515391,1704460
2021-06-13,Brazil,117340,2685,111173,74632731,1707145
2021-06-14,Brazil,116482,2666,110360,74749213,1709811
2021-06-15,Brazil,114920,2629,108880,74864133,1712440
2021-06-16,Brazil,114045,2609,108051,74978178,1715049
2021-06-17,Brazil,106155,2429,100575,75084333,1717478
2021-06-18,Brazil,106486,2432,100889,75190819,1719910
2021-06-19,Brazil,101799,2328,96448,75292618,1722238
2021-06-20,Brazil,112361,2567,106455,75404979,1724805
2021-06-21,Brazil,94350,2159,89391,75499329,1726964
2021-06-22,Brazil,109771,2509,104001,75609100,1729473
2021-06-23,Brazil,109190,2494,103451,75718290,1731967
2021-06-24,Brazil,98919,2261,93720,75817209,1734228
2021-06-25,Brazil,85906,1965,81391,75903115,1736193
2021-06-26,Brazil,95336,2180,90325,75998451,1738373
2021-06-27,Brazil,95113,2173,90114,76093564,1740546
2021-06-28,Brazil,89012,2032,84333,76182576,1742578
2021-06-29,Brazil,89713,2052,84998,76272289,1744630
2021-06-30,Brazil,97346,2225,92229,76369635,1746855
2021-07-01,Brazil,91722,2097,86901,76461357,1748952
2021-07-02,Brazil,83093,1900,78725,76544450,1750852
2021-07-03,Brazil,78650,1800,74516,76623100,1752652
2021-07-04,Brazil,82474,1888,78139,76705574,1754540
2021-07-05,Brazil,81341,1861,77066,76786915,1756401
2021-07-06,Brazil,82602,1889,78260,76869517,1758290
2021-07-07,Brazil,76880,1758,72839,76946397,1760048
2021-07-08,Brazil,79379,1815,75207,77025776,1761863
2021-07-09,Brazil,83151,1899,78780,77108927,1763762
2021-07-10,Brazil,77268,1769,73207,77186195,1765531
2021-07-11,Brazil,72504,1660,68693,77258699,1767191
2021-07-12,Brazil,70479,1616,66774,77329178,1768807
2021-07-13,Brazil,68355,1568,64762,77397533,1770375
2021-07-14,Brazil,72096,1647,68306,77469629,1772022
2021-07-15,Brazil,64482,1474,61093,77534111,1773496
2021-07-16,Brazil,65228,1497,61799,77599339,1774993
2021-07-17,Brazil,63769,1458,60417,77663108,1776451
2021-07-18,Brazil,60588,1386,57403,77723696,1777837
2021-07-19,Brazil,56539,1290,53567,77780235,1779127
2021-07-20,Brazil,60239,1378,57073,77840474,1780505
2021-07-21,Brazil,57697,1323,54664,77898171,1781828
2021-07-22,Brazil,57898,1327,54855,77956069,1783155
2021-07-23,Brazil,53642,1225,50822,78009711,1784380
2021-07-24,Brazil,57042,1304,54044,78066753,1785684
2021-07-25,Brazil,50126,1144,47491,78116879,1786828
2021-07-26,Brazil,55486,1267,52569,78172365,1788095
2021-07-27,Brazil,45458,1036,43068,78217823,1789131
2021-07-28,Brazil,49591,1134,46984,78267414,1790265
2021-07-29,Brazil,48402,1110,45858,78315816,1791375
2021-07-30,Brazil,44208,1012,41884,78360024,1792387
2021-07-31,Brazil,45774,1049,43368,78405798,1793436
2021-08-01,Brazil,46417,1064,43977,78452215,1794500
2021-08-02,Brazil,37740,862,35756,78489955,1795362
2021-08-03,Brazil,42329,966,40104,78532284,1796328
2021-08-04,Brazil,35145,802,33297,78567429,1797130
2021-08-05,Brazil,37151,846,35198,78604580,1797976
2021-08-06,Brazil,41034,938,38877,78645614,1798914
2021-08-07,Brazil,35793,813,33911,78681407,1799727
2021-08-08,Brazil,33708,772,31936,78715115,1800499
2021-08-09,Brazil,34433,787,32623,78749548,1801286
2021-08-10,Brazil,37256,853,35297,78786804,1802139
2021-08-11,Brazil,29767,683,28202,78816571,1802822
2021-08-12,Brazil,30125,689,28541,78846696,1803511
2021-08-13,Brazil,33155,761,31412,78879851,1804272
2021-08-14,Brazil,32692,749,30973,78912543,1805021
2021-08-15,Brazil,28850,658,27333,78941393,1805679
2021-08-16,Brazil,26365,602,24979,78967758,1806281
2021-08-17,Brazil,30091,683,28509,78997849,1806964
2021-08-18,Brazil,28487,649,26989,79026336,1807613
2021-08-19,Brazil,26418,603,25029,79052754,1808216
2021-08-20,Brazil,23730,543,22482,79076484,1808759
2021-08-21,Brazil,23883,544,22627,79100367,1809303
2021-08-22,Brazil,22980,523,21772,79123347,1809826
2021-08-23,Brazil,22781,517,21583,79146128,1810343
2021-08-24,Brazil,23246,530,22024,79169374,1810873
2021-08-25,Brazil,21875,504,20725,79191249,1811377
2021-08-26,Brazil,19160,438,18153,79210409,1811815
2021-08-27,Brazil,20917,480,19817,79231326,1812295
2021-08-28,Brazil,19200,437,18190,79250526,1812732
2021-08-29,Brazil,18884,428,17891,79269410,1813160
2021-08-30,Brazil,18920,430,17925,79288330,1813590
2021-08-31,Brazil,16066,367,15221,79304396,1813957
2021-09-01,Brazil,16386,370,15524,79320782,1814327
2021-09-02,Brazil,15414,350,14603,79336196,1814677
2021-09-03,Brazil,14073,320,13333,79350269,1814997
2021-09-04,Brazil,14980,340,14192,79365249,1815337
2021-09-05,Brazil,15977,361,15137,79381226,1815698
2021-09-06,Brazil,12415,284,11762,79393641,1815982
2021-09-07,Brazil,13153,301,12461,79406794,1816283
2021-09-08,Brazil,13094,301,12405,79419888,1816584
2021-09-09,Brazil,12290,278,11644,79432178,1816862
2021-09-10,Brazil,11691,268,11076,79443869,1817130
2021-09-11,Brazil,10577,245,10021,79454446,1817375
2021-09-12,Brazil,11011,252,10432,79465457,1817627
2021-09-13,Brazil,10070,229,9540,79475527,1817856
2021-09-14,Brazil,8959,205,8488,79484486,1818061
2021-09-15,Brazil,10252,233,9713,79494738,1818294
2021-09-16,Brazil,9741,221,9229,79504479,1818515
2021-09-17,Brazil,8952,206,8481,79513431,1818721
2021-09-18,Brazil,8674,198,8218,79522105,1818919
2021-09-19,Brazil,8677,200,8220,79530782,1819119
2021-09-20,Brazil,7992,181,7571,79538774,1819300
2021-09-21,Brazil,7927,180,7510,79546701,1819480
2021-09-22,Brazil,7167,162,6790,79553868,1819642
2021-09-23,Brazil,7436,167,7045,79561304,1819809
2021-09-24,Brazil,6797,157,6439,79568101,1819966
2021-09-25,Brazil,6475,152,6134,79574576,1820118
2021-09-26,Brazil,5753,130,5450,79580329,1820248
2021-09-27,Brazil,5971,135,5657,79586300,1820383
2021-09-28,Brazil,5402,122,5118,79591702,1820505
2021-09-29,Brazil,5225,118,4950,79596927,1820623
2021-09-30,Brazil,4955,116,4694,79601882,1820739
2021-10-01,Brazil,4679,105,4433,79606561,1820844
2021-10-02,Brazil,5234,118,4958,79611795,1820962
2021-10-03,Brazil,4826,107,4572,79616621,1821069
2021-10-04,Brazil,4742,109,4492,79621363,1821178
2021-10-05,Brazil,3880,88,3676,79625243,1821266
2021-10-06,Brazil,3965,88,3756,79629208,1821354
2021-10-07,Brazil,3529,78,3343,79632737,1821432
2021-10-08,Brazil,3478,82,3295,79636215,1821514
2021-10-09,Brazil,3283,75,3110,79639498,1821589
2021-10-10,Brazil,3490,80,3306,79642988,1821669
2021-10-11,Brazil,3072,70,2910,79646060,1821739
2021-10-12,Brazil,3151,74,2985,79649211,1821813
2021-10-13,Brazil,2939,65,2784,79652150,1821878
2021-10-14,Brazil,3035,68,2875,79655185,1821946
2021-10-15,Brazil,2399,54,2272,79657584,1822000
2021-10-16,Brazil,2627,56,2488,79660211,1822056
2021-10-17,Brazil,2489,55,2358,79662700,1822111
2021-10-18,Brazil,2131,50,2019,79664831,1822161
2021-10-19,Brazil,2243,52,2125,79667074,1822213
2021-10-20,Brazil,2066,49,1957,79669140,1822262
2021-10-21,Brazil,1911,42,1810,79671051,1822304
2021-10-22,Brazil,1762,39,1669,79672813,1822343
2021-10-23,Brazil,1685,34,1596,79674498,1822377
2021-10-24,Brazil,1836,43,1739,79676334,1822420
2021-10-25,Brazil,1581,38,1497,79677915,1822458
2021-10-26,Brazil,1562,37,1479,79679477,1822495
2021-10-27,Brazil,1370,34,1297,79680847,1822529
2021-10-28,Brazil,1302,30,1233,79682149,1822559
2021-10-29,Brazil,1358,34,1286,79683507,1822593
2021-10-30,Brazil,1138,25,1078,79684645,1822618
2021-10-31,Brazil,1135,22,1075,79685780,1822640
2021-11-01,Brazil,1102,26,1044,79686882,1822666
2021-11-02,Brazil,1049,20,993,79687931,1822686
2021-11-03,Brazil,980,22,928,79688911,1822708
2021-11-04,Brazil,957,23,906,79689868,1822731
2021-11-05,Brazil,920,21,871,79690788,1822752
2021-11-06,Brazil,873,24,827,79691661,1822776
2021-11-07,Brazil,757,13,717,79692418,1822789
2021-11-08,Brazil,744,16,704,79693162,1822805
2021-11-09,Brazil,758,17,718,79693920,1822822
2021-11-10,Brazil,707,13,669,79694627,1822835
2021-11-11,Brazil,594,11,562,79695221,1822846
2021-11-12,Brazil,616,12,583,79695837,1822858
2021-11-13,Brazil,513,9,486,79696350,1822867
2021-11-14,Brazil,542,12,513,79696892,1822879
2021-11-15,Brazil,561,11,531,79697453,1822890
2021-11-16,Brazil,459,11,434,79697912,1822901
2021-11-17,Brazil,436,11,413,79698348,1822912
2021-11-18,Brazil,448,11,424,79698796,1822923
2021-11-19,Brazil,373,7,353,79699169,1822930
2021-11-20,Brazil,371,9,351,79699540,1822939
2021-11-21,Brazil,373,10,353,79699913,1822949
2021-11-22,Brazil,330,8,312,79700243,1822957
2021-11-23,Brazil,318,10,301,79700561,1822967
2021-11-24,Brazil,315,9,298,79700876,1822976
2021-11-25,Brazil,292,10,276,79701168,1822986
2021-11-26,Brazil,273,1,258,79701441,1822987
2021-11-27,Brazil,249,5,235,79701690,1822992
2021-11-28,Brazil,243,4,230,79701933,1822996
2021-11-29,Brazil,223,4,211,79702156,1823000
2021-11-30,Brazil,217,3,205,79702373,1823003
2021-12-01,Brazil,193,5,182,79702566,1823008
2021-12-02,Brazil,185,0,175,79702751,1823008
2021-12-03,Brazil,166,4,157,79702917,1823012
2021-12-04,Brazil,165,2,156,79703082,1823014
2021-12-05,Brazil,148,2,140,79703230,1823016
2021-12-06,Brazil,137,4,129,79703367,1823020
2021-12-07,Brazil,139,3,131,79703506,1823023
2021-12-08,Brazil,130,5,123,79703636,1823028
2021-12-09,Brazil,126,0,119,79703762,1823028
2021-12-10,Brazil,110,2,104,79703872,1823030
2021-12-11,Brazil,109,4,103,79703981,1823034
2021-12-12,Brazil,103,3,97,79704084,1823037
2021-12-13,Brazil,96,3,90,79704180,1823040
2021-12-14,Brazil,83,4,78,79704263,1823044
2021-12-15,Brazil,83,1,78,79704346,1823045
2021-12-16,Brazil,79,0,74,79704425,1823045
2021-12-17,Brazil,72,2,68,79704497,1823047
2021-12-18,Brazil,58,1,54,79704555,1823048
2021-12-19,Brazil,64,3,60,79704619,1823051
2021-12-20,Brazil,68,2,64,79704687,1823053
2021-12-21,Brazil,54,0,51,79704741,1823053
2021-12-22,Brazil,49,1,46,79704790,1823054
2021-12-23,Brazil,49,0,46,79704839,1823054
2021-12-24,Brazil,46,2,43,79704885,1823056
2021-12-25,Brazil,46,0,43,79704931,1823056
2021-12-26,Brazil,35,3,33,79704966,1823059
2021-12-27,Brazil,39,1,36,79705005,1823060
2021-12-28,Brazil,36,0,34,79705041,1823060
2021-12-29,Brazil,31,2,29,79705072,1823062
2021-12-30,Brazil,30,1,28,79705102,1823063
2020-01-01,UK,81941,1445,74599,81941,1445
2020-01-02,UK,87383,1539,79553,169324,2984
2020-01-03,UK,84716,1492,77125,254040,4476
2020-01-04,UK,84913,1495,77304,338953,5971
2020-01-05,UK,90330,1593,82236,429283,7564
2020-01-06,UK,93233,1642,84879,522516,9206
2020-01-07,UK,87652,1544,79798,610168,10750
2020-01-08,UK,91761,1619,83539,701929,12369
2020-01-09,UK,88452,1559,80526,790381,13928
2020-01-10,UK,82908,1463,75479,873289,15391
2020-01-11,UK,97048,1712,88352,970337,17103
2020-01-12,UK,100383,1767,91388,1070720,18870
2020-01-13,UK,100034,1763,91071,1170754,20633
2020-01-14,UK,90299,1593,82208,1261053,22226
2020-01-15,UK,99579,1752,90656,1360632,23978
2020-01-16,UK,91262,1609,83084,1451894,25587
2020-01-17,UK,111048,1957,101098,1562942,27544
2020-01-18,UK,99482,1750,90568,1662424,29294
2020-01-19,UK,113132,1994,102995,1775556,31288
2020-01-20,UK,112780,1986,102674,1888336,33274
2020-01-21,UK,104003,1830,94684,1992339,35104
2020-01-22,UK,103876,1831,94568,2096215,36935
2020-01-23,UK,113252,1992,103104,2209467,38927
2020-01-24,UK,107723,1897,98071,2317190,40824
2020-01-25,UK,114205,2018,103972,2431395,42842
2020-01-26,UK,111983,1975,101949,2543378,44817
2020-01-27,UK,105544,1858,96087,2648922,46675
2020-01-28,UK,103908,1834,94597,2752830,48509
2020-01-29,UK,119358,2101,108663,2872188,50610
2020-01-30,UK,115720,2038,105351,2987908,52648
2020-01-31,UK,116762,2055,106300,3104670,54703
2020-02-01,UK,125293,2209,114066,3229963,56912
2020-02-02,UK,129211,2280,117633,3359174,59192
2020-02-03,UK,121317,2136,110447,3480491,61328
2020-02-04,UK,121800,2142,110886,3602291,63470
2020-02-05,UK,127922,2257,116460,3730213,65727
2020-02-06,UK,117135,2067,106639,3847348,67794
2020-02-07,UK,127907,2250,116446,3975255,70044
2020-02-08,UK,130813,2306,119092,4106068,72350
2020-02-09,UK,132430,2334,120564,4238498,74684
2020-02-10,UK,116341,2049,105916,4354839,76733
2020-02-11,UK,124598,2193,113434,4479437,78926
2020-02-12,UK,124492,2196,113337,4603929,81122
2020-02-13,UK,131513,2318,119729,4735442,83440
2020-02-14,UK,134636,2373,122572,4870078,85813
2020-02-15,UK,141943,2500,129224,5012021,88313
2020-02-16,UK,129326,2278,117738,5141347,90591
2020-02-17,UK,129812,2283,118180,5271159,92874
2020-02-18,UK,141288,2490,128628,5412447,95364
2020-02-19,UK,136042,2400,123852,5548489,97764
2020-02-20,UK,142990,2518,130178,5691479,100282
2020-02-21,UK,136790,2408,124533,5828269,102690
2020-02-22,UK,127363,2245,115951,5955632,104935
2020-02-23,UK,126459,2230,115128,6082091,107165
2020-02-24,UK,125229,2206,114008,6207320,109371
2020-02-25,UK,140499,2475,127910,6347819,111846
2020-02-26,UK,144290,2543,131361,6492109,114389
2020-02-27,UK,148968,2625,135620,6641077,117014
2020-02-28,UK,142238,2509,129493,6783315,119523
2020-02-29,UK,144516,2552,131567,6927831,122075
2020-03-01,UK,132665,2335,120778,7060496,124410
2020-03-02,UK,128743,2271,117207,7189239,126681
2020-03-03,UK,142435,2510,129672,7331674,129191
2020-03-04,UK,139425,2460,126932,7471099,131651
2020-03-05,UK,137215,2420,124920,7608314,134071
2020-03-06,UK,138998,2450,126543,7747312,136521
2020-03-07,UK,138396,2441,125995,7885708,138962
2020-03-08,UK,144729,2550,131761,8030437,141512
2020-03-09,UK,144559,2546,131606,8174996,144058
2020-03-10,UK,139188,2455,126716,8314184,146513
2020-03-11,UK,140918,2482,128291,8455102,148995
2020-03-12,UK,138333,2439,125938,8593435,151434
2020-03-13,UK,131396,2316,119622,8724831,153750
2020-03-14,UK,139170,2448,126700,8864001,156198
2020-03-15,UK,124342,2190,113201,8988343,158388
2020-03-16,UK,140217,2472,127653,9128560,160860
2020-03-17,UK,124773,2198,113593,9253333,163058
2020-03-18,UK,134060,2358,122048,9387393,165416
2020-03-19,UK,126050,2224,114755,9513443,167640
2020-03-20,UK,134649,2373,122584,9648092,170013
2020-03-21,UK,130184,2295,118519,9778276,172308
2020-03-22,UK,119410,2103,108710,9897686,174411
2020-03-23,UK,131799,2324,119989,10029485,176735
2020-03-24,UK,124671,2201,113500,10154156,178936
2020-03-25,UK,133277,2347,121335,10287433,181283
2020-03-26,UK,126907,2240,115536,10414340,183523
2020-03-27,UK,128613,2267,117089,10542953,185790
2020-03-28,UK,119314,2101,108623,10662267,187891
2020-03-29,UK,120819,2134,109993,10783086,190025
2020-03-30,UK,120803,2130,109979,10903889,192155
2020-03-31,UK,128027,2258,116555,11031916,194413
2020-04-01,UK,132099,2327,120262,11164015,196740
2020-04-02,UK,116093,2044,105691,11280108,198784
2020-04-03,UK,126496,2230,115162,11406604,201014
2020-04-04,UK,106162,1874,96649,11512766,202888
2020-04-05,UK,111062,1957,101110,11623828,204845
2020-04-06,UK,111517,1965,101525,11735345,206810
2020-04-07,UK,108279,1911,98577,11843624,208721
2020-04-08,UK,106005,1867,96507,11949629,210588
2020-04-09,UK,116451,2053,106017,12066080,212641
2020-04-10,UK,111846,1973,101824,12177926,214614
2020-04-11,UK,114131,2011,103904,12292057,216625
2020-04-12,UK,114775,2023,104491,12406832,218648
2020-04-13,UK,111333,1963,101357,12518165,220611
2020-04-14,UK,112373,1980,102304,12630538,222591
2020-04-15,UK,107332,1893,97715,12737870,224484
2020-04-16,UK,100284,1766,91298,12838154,226250
2020-04-17,UK,111095,1956,101140,12949249,228206
2020-04-18,UK,101333,1783,92253,13050582,229989
2020-04-19,UK,98468,1734,89645,13149050,231723
2020-04-20,UK,101281,1783,92206,13250331,233506
2020-04-21,UK,96463,1699,87819,13346794,235205
2020-04-22,UK,97877,1726,89107,13444671,236931
2020-04-23,UK,100551,1768,91541,13545222,238699
2020-04-24,UK,99441,1748,90531,13644663,240447
2020-04-25,UK,92289,1625,84019,13736952,242072
2020-04-26,UK,93190,1643,84840,13830142,243715
2020-04-27,UK,99488,1754,90573,13929630,245469
2020-04-28,UK,95633,1684,87064,14025263,247153
2020-04-29,UK,101793,1796,92672,14127056,248949
2020-04-30,UK,96514,1699,87866,14223570,250648
2020-05-01,UK,95208,1679,86677,14318778,252327
2020-05-02,UK,82806,1458,75386,14401584,253785
2020-05-03,UK,91278,1607,83099,14492862,255392
2020-05-04,UK,86635,1525,78872,14579497,256917
2020-05-05,UK,83458,1472,75980,14662955,258389
2020-05-06,UK,85504,1507,77842,14748459,259896
2020-05-07,UK,87732,1548,79871,14836191,261444
2020-05-08,UK,84837,1496,77235,14921028,262940
2020-05-09,UK,78178,1374,71173,14999206,264314
2020-05-10,UK,83791,1481,76283,15082997,265795
2020-05-11,UK,77281,1362,70356,15160278,267157
2020-05-12,UK,79732,1406,72588,15240010,268563
2020-05-13,UK,76761,1352,69883,15316771,269915
2020-05-14,UK,76184,1345,69357,15392955,271260
2020-05-15,UK,79045,1391,71962,15472000,272651
2020-05-16,UK,71331,1258,64939,15543331,273909
2020-05-17,UK,81618,1434,74305,15624949,275343
2020-05-18,UK,66839,1179,60850,15691788,276522
2020-05-19,UK,70537,1241,64216,15762325,277763
2020-05-20,UK,73235,1291,66673,15835560,279054
2020-05-21,UK,73196,1292,66637,15908756,280346
2020-05-22,UK,69998,1235,63726,15978754,281581
2020-05-23,UK,69407,1225,63188,16048161,282806
2020-05-24,UK,70296,1241,63997,16118457,284047
2020-05-25,UK,67391,1186,61352,16185848,285233
2020-05-26,UK,72201,1273,65731,16258049,286506
2020-05-27,UK,69644,1224,63403,16327693,287730
2020-05-28,UK,69091,1216,62900,16396784,288946
2020-05-29,UK,62417,1103,56824,16459201,290049
2020-05-30,UK,64735,1140,58934,16523936,291189
2020-05-31,UK,63455,1114,57769,16587391,292303
2020-06-01,UK,60663,1073,55227,16648054,293376
2020-06-02,UK,64492,1137,58713,16712546,294513
2020-06-03,UK,61159,1079,55679,16773705,295592
2020-06-04,UK,64415,1133,58643,16838120,296725
2020-06-05,UK,58600,1033,53349,16896720,297758
2020-06-06,UK,66767,1177,60784,16963487,298935
2020-06-07,UK,58332,1026,53105,17021819,299961
2020-06-08,UK,61348,1081,55851,17083167,301042
2020-06-09,UK,62706,1102,57087,17145873,302144
2020-06-10,UK,58262,1026,53041,17204135,303170
2020-06-11,UK,62197,1098,56624,17266332,304268
2020-06-12,UK,55705,980,50713,17322037,305248
2020-06-13,UK,63369,1120,57691,17385406,306368
2020-06-14,UK,58865,1034,53590,17444271,307402
2020-06-15,UK,56842,1001,51748,17501113,308403
2020-06-16,UK,57504,1012,52351,17558617,309415
2020-06-17,UK,60540,1066,55115,17619157,310481
2020-06-18,UK,56319,995,51272,17675476,311476
2020-06-19,UK,55695,979,50704,17731171,312455
2020-06-20,UK,57094,1005,51978,17788265,313460
2020-06-21,UK,54230,957,49371,17842495,314417
2020-06-22,UK,62768,1106,57144,17905263,315523
2020-06-23,UK,55828,984,50825,17961091,316507
2020-06-24,UK,59789,1051,54431,18020880,317558
2020-06-25,UK,57964,1021,52770,18078844,318579
2020-06-26,UK,54519,963,49634,18133363,319542
2020-06-27,UK,57323,1007,52186,18190686,320549
2020-06-28,UK,59602,1049,54261,18250288,321598
2020-06-29,UK,56842,998,51748,18307130,322596
2020-06-30,UK,60853,1073,55400,18367983,323669
2020-07-01,UK,60423,1067,55009,18428406,324736
2020-07-02,UK,60204,1060,54809,18488610,325796
2020-07-03,UK,56320,990,51273,18544930,326786
2020-07-04,UK,54627,960,49732,18599557,327746
2020-07-05,UK,56083,987,51057,18655640,328733
2020-07-06,UK,58552,1031,53305,18714192,329764
2020-07-07,UK,59705,1054,54355,18773897,330818
2020-07-08,UK,51937,914,47283,18825834,331732
2020-07-09,UK,58398,1030,53165,18884232,332762
2020-07-10,UK,59052,1040,53760,18943284,333802
2020-07-11,UK,57948,1019,52755,19001232,334821
2020-07-12,UK,62754,1105,57131,19063986,335926
2020-07-13,UK,60385,1065,54974,19124371,336991
2020-07-14,UK,63224,1116,57559,19187595,338107
2020-07-15,UK,58896,1037,53618,19246491,339144
2020-07-16,UK,62551,1100,56946,19309042,340244
2020-07-17,UK,64868,1145,59055,19373910,341389
2020-07-18,UK,64132,1128,58385,19438042,342517
2020-07-19,UK,57106,1007,51989,19495148,343524
2020-07-20,UK,59863,1055,54499,19555011,344579
2020-07-21,UK,59810,1053,54451,19614821,345632
2020-07-22,UK,62586,1102,56978,19677407,346734
2020-07-23,UK,63428,1119,57744,19740835,347853
2020-07-24,UK,58972,1032,53688,19799807,348885
2020-07-25,UK,61996,1095,56441,19861803,349980
2020-07-26,UK,55752,980,50756,19917555,350960
2020-07-27,UK,66737,1177,60757,19984292,352137
2020-07-28,UK,60875,1073,55420,20045167,353210
2020-07-29,UK,62876,1110,57242,20108043,354320
2020-07-30,UK,61949,1092,56398,20169992,355412
2020-07-31,UK,66762,1175,60780,20236754,356587
2020-08-01,UK,54365,955,49493,20291119,357542
2020-08-02,UK,63514,1118,57823,20354633,358660
2020-08-03,UK,63434,1114,57750,20418067,359774
2020-08-04,UK,62518,1100,56916,20480585,360874
2020-08-05,UK,69701,1228,63455,20550286,362102
2020-08-06,UK,61491,1082,55981,20611777,363184
2020-08-07,UK,67015,1181,61010,20678792,364365
2020-08-08,UK,65847,1160,59947,20744639,365525
2020-08-09,UK,68948,1214,62770,20813587,366739
2020-08-10,UK,62839,1102,57208,20876426,367841
2020-08-11,UK,62763,1103,57139,20939189,368944
2020-08-12,UK,68863,1215,62692,21008052,370159
2020-08-13,UK,66799,1179,60813,21074851,371338
2020-08-14,UK,60458,1062,55040,21135309,372400
2020-08-15,UK,63852,1123,58130,21199161,373523
2020-08-16,UK,66983,1182,60981,21266144,374705
2020-08-17,UK,68549,1206,62407,21334693,375911
2020-08-18,UK,63621,1121,57920,21398314,377032
2020-08-19,UK,56306,995,51261,21454620,378027
2020-08-20,UK,67682,1192,61617,21522302,379219
2020-08-21,UK,61957,1091,56405,21584259,380310
2020-08-22,UK,59342,1045,54024,21643601,381355
2020-08-23,UK,56654,1002,51577,21700255,382357
2020-08-24,UK,68680,1211,62526,21768935,383568
2020-08-25,UK,66393,1170,60444,21835328,384738
2020-08-26,UK,65186,1147,59345,21900514,385885
2020-08-27,UK,70454,1242,64141,21970968,387127
2020-08-28,UK,67908,1198,61823,22038876,388325
2020-08-29,UK,71042,1250,64676,22109918,389575
2020-08-30,UK,61061,1077,55589,22170979,390652
2020-08-31,UK,65409,1152,59548,22236388,391804
2020-09-01,UK,60109,1059,54723,22296497,392863
2020-09-02,UK,64508,1135,58728,22361005,393998
2020-09-03,UK,64292,1132,58531,22425297,395130
2020-09-04,UK,66967,1178,60966,22492264,396308
2020-09-05,UK,64895,1141,59080,22557159,397449
2020-09-06,UK,66561,1174,60597,22623720,398623
2020-09-07,UK,66598,1173,60630,22690318,399796
2020-09-08,UK,71015,1249,64652,22761333,401045
2020-09-09,UK,62855,1112,57223,22824188,402157
2020-09-10,UK,60611,1066,55180,22884799,403223
2020-09-11,UK,64112,1132,58367,22948911,404355
2020-09-12,UK,60516,1063,55093,23009427,405418
2020-09-13,UK,67396,1188,61357,23076823,406606
2020-09-14,UK,61545,1084,56030,23138368,407690
2020-09-15,UK,60344,1062,54937,23198712,408752
2020-09-16,UK,60303,1063,54899,23259015,409815
2020-09-17,UK,63609,1121,57909,23322624,410936
2020-09-18,UK,60552,1065,55126,23383176,412001
2020-09-19,UK,58704,1033,53444,23441880,413034
2020-09-20,UK,65274,1147,59425,23507154,414181
2020-09-21,UK,57285,1010,52152,23564439,415191
2020-09-22,UK,59533,1046,54198,23623972,416237
2020-09-23,UK,60920,1073,55461,23684892,417310
2020-09-24,UK,53774,949,48955,23738666,418259
2020-09-25,UK,59492,1049,54161,23798158,419308
2020-09-26,UK,54588,960,49696,23852746,420268
2020-09-27,UK,59504,1050,54172,23912250,421318
2020-09-28,UK,53936,949,49103,23966186,422267
2020-09-29,UK,58113,1021,52906,24024299,423288
2020-09-30,UK,58737,1034,53474,24083036,424322
2020-10-01,UK,57517,1015,52363,24140553,425337
2020-10-02,UK,55302,973,50346,24195855,426310
2020-10-03,UK,53455,944,48665,24249310,427254
2020-10-04,UK,51993,914,47334,24301303,428168
2020-10-05,UK,56884,1001,51787,24358187,429169
2020-10-06,UK,50592,889,46058,24408779,430058
2020-10-07,UK,49171,868,44765,24457950,430926
2020-10-08,UK,52995,934,48246,24510945,431860
2020-10-09,UK,48690,856,44327,24559635,432716
2020-10-10,UK,47742,840,43464,24607377,433556
2020-10-11,UK,45957,803,41839,24653334,434359
2020-10-12,UK,47756,843,43477,24701090,435202
2020-10-13,UK,48138,848,43824,24749228,436050
2020-10-14,UK,48314,846,43985,24797542,436896
2020-10-15,UK,49368,867,44944,24846910,437763
2020-10-16,UK,47739,840,43461,24894649,438603
2020-10-17,UK,45461,798,41387,24940110,439401
2020-10-18,UK,44833,791,40815,24984943,440192
2020-10-19,UK,45802,808,41698,25030745,441000
2020-10-20,UK,46845,826,42647,25077590,441826
2020-10-21,UK,43693,764,39778,25121283,442590
2020-10-22,UK,41791,735,38046,25163074,443325
2020-10-23,UK,40078,705,36487,25203152,444030
2020-10-24,UK,38545,677,35091,25241697,444707
2020-10-25,UK,42289,744,38499,25283986,445451
2020-10-26,UK,41468,728,37752,25325454,446179
2020-10-27,UK,40828,720,37169,25366282,446899
2020-10-28,UK,38811,685,35333,25405093,447584
2020-10-29,UK,41150,726,37462,25446243,448310
2020-10-30,UK,36913,650,33605,25483156,448960
2020-10-31,UK,38996,691,35501,25522152,449651
2020-11-01,UK,36537,646,33263,25558689,450297
2020-11-02,UK,34907,615,31779,25593596,450912
2020-11-03,UK,36451,641,33185,25630047,451553
2020-11-04,UK,35517,628,32334,25665564,452181
2020-11-05,UK,34823,615,31702,25700387,452796
2020-11-06,UK,33761,592,30736,25734148,453388
2020-11-07,UK,32980,583,30025,25767128,453971
2020-11-08,UK,36346,640,33089,25803474,454611
2020-11-09,UK,33786,593,30758,25837260,455204
2020-11-10,UK,32466,568,29557,25869726,455772
2020-11-11,UK,30948,544,28175,25900674,456316
2020-11-12,UK,31749,559,28904,25932423,456875
2020-11-13,UK,30453,539,27724,25962876,457414
2020-11-14,UK,29187,516,26571,25992063,457930
2020-11-15,UK,28188,495,25662,26020251,458425
2020-11-16,UK,27990,494,25482,26048241,458919
2020-11-17,UK,23217,410,21136,26071458,459329
2020-11-18,UK,27379,482,24925,26098837,459811
2020-11-19,UK,25952,456,23626,26124789,460267
2020-11-20,UK,28202,496,25675,26152991,460763
2020-11-21,UK,25672,453,23371,26178663,461216
2020-11-22,UK,23686,418,21563,26202349,461634
2020-11-23,UK,24670,434,22459,26227019,462068
2020-11-24,UK,23018,400,20955,26250037,462468
2020-11-25,UK,24423,427,22234,26274460,462895
2020-11-26,UK,23779,420,21648,26298239,463315
2020-11-27,UK,24131,421,21968,26322370,463736
2020-11-28,UK,21733,385,19785,26344103,464121
2020-11-29,UK,22280,394,20283,26366383,464515
2020-11-30,UK,20373,359,18547,26386756,464874
2020-12-01,UK,22257,393,20262,26409013,465267
2020-12-02,UK,21700,383,19755,26430713,465650
2020-12-03,UK,21327,375,19416,26452040,466025
2020-12-04,UK,20485,358,18649,26472525,466383
2020-12-05,UK,20587,364,18742,26493112,466747
2020-12-06,UK,21461,381,19538,26514573,467128
2020-12-07,UK,19296,337,17567,26533869,467465
2020-12-08,UK,19432,339,17690,26553301,467804
2020-12-09,UK,17999,316,16386,26571300,468120
2020-12-10,UK,17967,315,16357,26589267,468435
2020-12-11,UK,18636,328,16966,26607903,468763
2020-12-12,UK,19332,343,17599,26627235,469106
2020-12-13,UK,17876,310,16274,26645111,469416
2020-12-14,UK,17699,315,16113,26662810,469731
2020-12-15,UK,17364,305,15808,26680174,470036
2020-12-16,UK,17084,302,15553,26697258,470338
2020-12-17,UK,17653,312,16071,26714911,470650
2020-12-18,UK,15959,282,14529,26730870,470932
2020-12-19,UK,18220,321,16587,26749090,471253
2020-12-20,UK,16439,290,14966,26765529,471543
2020-12-21,UK,17513,309,15943,26783042,471852
2020-12-22,UK,15745,276,14334,26798787,472128
2020-12-23,UK,17299,301,15749,26816086,472429
2020-12-24,UK,17238,301,15693,26833324,472730
2020-12-25,UK,16949,298,15430,26850273,473028
2020-12-26,UK,15769,276,14356,26866042,473304
2020-12-27,UK,16783,294,15279,26882825,473598
2020-12-28,UK,15588,278,14191,26898413,473876
2020-12-29,UK,16368,290,14901,26914781,474166
2020-12-30,UK,17454,307,15890,26932235,474473
2020-12-31,UK,17298,306,15748,26949533,474779
2021-01-01,UK,16696,293,15200,26966229,475072
2021-01-02,UK,15929,281,14501,26982158,475353
2021-01-03,UK,17366,306,15810,26999524,475659
2021-01-04,UK,16928,297,15411,27016452,475956
2021-01-05,UK,15039,263,13691,27031491,476219
2021-01-06,UK,17803,316,16207,27049294,476535
2021-01-07,UK,17241,305,15696,27066535,476840
2021-01-08,UK,18453,320,16799,27084988,477160
2021-01-09,UK,16599,291,15111,27101587,477451
2021-01-10,UK,14912,261,13575,27116499,477712
2021-01-11,UK,18165,318,16537,27134664,478030
2021-01-12,UK,18374,325,16727,27153038,478355
2021-01-13,UK,16768,295,15265,27169806,478650
2021-01-14,UK,17632,308,16052,27187438,478958
2021-01-15,UK,21362,375,19447,27208800,479333
2021-01-16,UK,18728,331,17049,27227528,479664
2021-01-17,UK,19983,351,18192,27247511,480015
2021-01-18,UK,18911,332,17216,27266422,480347
2021-01-19,UK,17755,313,16164,27284177,480660
2021-01-20,UK,19953,354,18165,27304130,481014
2021-01-21,UK,20158,356,18351,27324288,481370
2021-01-22,UK,20332,360,18510,27344620,481730
2021-01-23,UK,20955,368,19077,27365575,482098
2021-01-24,UK,21698,382,19753,27387273,482480
2021-01-25,UK,21602,380,19666,27408875,482860
2021-01-26,UK,20727,365,18869,27429602,483225
2021-01-27,UK,23046,407,20981,27452648,483632
2021-01-28,UK,20648,362,18797,27473296,483994
2021-01-29,UK,20885,369,19013,27494181,484363
2021-01-30,UK,24550,429,22350,27518731,484792
2021-01-31,UK,24697,432,22484,27543428,485224
2021-02-01,UK,24436,435,22246,27567864,485659
2021-02-02,UK,23195,407,21116,27591059,486066
2021-02-03,UK,24476,432,22282,27615535,486498
2021-02-04,UK,25483,452,23199,27641018,486950
2021-02-05,UK,24179,421,22012,27665197,487371
2021-02-06,UK,25752,456,23444,27690949,487827
2021-02-07,UK,28101,496,25583,27719050,488323
2021-02-08,UK,29669,526,27010,27748719,488849
2021-02-09,UK,27586,483,25114,27776305,489332
2021-02-10,UK,29755,527,27088,27806060,489859
2021-02-11,UK,26375,463,24011,27832435,490322
2021-02-12,UK,30654,542,27907,27863089,490864
2021-02-13,UK,28972,510,26376,27892061,491374
2021-02-14,UK,31175,551,28381,27923236,491925
2021-02-15,UK,30838,543,28074,27954074,492468
2021-02-16,UK,33850,593,30817,27987924,493061
2021-02-17,UK,30871,537,28104,28018795,493598
2021-02-18,UK,33850,597,30817,28052645,494195
2021-02-19,UK,32892,579,29944,28085537,494774
2021-02-20,UK,33634,593,30620,28119171,495367
2021-02-21,UK,34131,601,31072,28153302,495968
2021-02-22,UK,33516,594,30512,28186818,496562
2021-02-23,UK,35523,626,32340,28222341,497188
2021-02-24,UK,35988,633,32763,28258329,497821
2021-02-25,UK,37099,654,33774,28295428,498475
2021-02-26,UK,37370,657,34021,28332798,499132
2021-02-27,UK,39277,692,35757,28372075,499824
2021-02-28,UK,40097,704,36504,28412172,500528
2021-03-01,UK,36840,649,33539,28449012,501177
2021-03-02,UK,41155,724,37467,28490167,501901
2021-03-03,UK,37623,660,34251,28527790,502561
2021-03-04,UK,41744,739,38003,28569534,503300
2021-03-05,UK,42379,744,38581,28611913,504044
2021-03-06,UK,37673,664,34297,28649586,504708
2021-03-07,UK,42401,745,38601,28691987,505453
2021-03-08,UK,41749,736,38008,28733736,506189
2021-03-09,UK,41650,731,37918,28775386,506920
2021-03-10,UK,46795,826,42602,28822181,507746
2021-03-11,UK,42917,760,39071,28865098,508506
2021-03-12,UK,43087,757,39226,28908185,509263
2021-03-13,UK,45596,806,41510,28953781,510069
2021-03-14,UK,47520,836,43262,29001301,510905
2021-03-15,UK,46129,816,41995,29047430,511721
2021-03-16,UK,49707,880,45253,29097137,512601
2021-03-17,UK,48730,858,44363,29145867,513459
2021-03-18,UK,42738,750,38908,29188605,514209
2021-03-19,UK,47169,833,42942,29235774,515042
2021-03-20,UK,47557,838,43295,29283331,515880
2021-03-21,UK,50588,892,46055,29333919,516772
2021-03-22,UK,43320,762,39438,29377239,517534
2021-03-23,UK,56738,998,51654,29433977,518532
2021-03-24,UK,52116,920,47446,29486093,519452
2021-03-25,UK,51585,909,46963,29537678,520361
2021-03-26,UK,54681,960,49781,29592359,521321
2021-03-27,UK,58146,1026,52936,29650505,522347
2021-03-28,UK,54735,965,49830,29705240,523312
2021-03-29,UK,55352,975,50392,29760592,524287
2021-03-30,UK,53575,947,48774,29814167,525234
2021-03-31,UK,53219,936,48450,29867386,526170
2021-04-01,UK,52673,928,47953,29920059,527098
2021-04-02,UK,52060,919,47395,29972119,528017
2021-04-03,UK,52761,930,48033,30024880,528947
2021-04-04,UK,51248,900,46656,30076128,529847
2021-04-05,UK,55059,970,50125,30131187,530817
2021-04-06,UK,50882,896,46322,30182069,531713
2021-04-07,UK,56379,995,51327,30238448,532708
2021-04-08,UK,56011,987,50992,30294459,533695
2021-04-09,UK,56781,1001,51693,30351240,534696
2021-04-10,UK,55128,969,50188,30406368,535665
2021-04-11,UK,65577,1155,59701,30471945,536820
2021-04-12,UK,60922,1075,55463,30532867,537895
2021-04-13,UK,53673,944,48863,30586540,538839
2021-04-14,UK,58085,1023,52880,30644625,539862
2021-04-15,UK,55830,982,50827,30700455,540844
2021-04-16,UK,54801,963,49890,30755256,541807
2021-04-17,UK,53986,951,49148,30809242,542758
2021-04-18,UK,59236,1044,53928,30868478,543802
2021-04-19,UK,56106,992,51078,30924584,544794
2021-04-20,UK,60988,1074,55523,30985572,545868
2021-04-21,UK,61138,1077,55660,31046710,546945
2021-04-22,UK,62304,1095,56721,31109014,548040
2021-04-23,UK,55850,985,50845,31164864,549025
2021-04-24,UK,59747,1053,54393,31224611,550078
2021-04-25,UK,60212,1064,54817,31284823,551142
2021-04-26,UK,56973,1006,51868,31341796,552148
2021-04-27,UK,56079,989,51054,31397875,553137
2021-04-28,UK,62982,1109,57338,31460857,554246
2021-04-29,UK,58894,1038,53617,31519751,555284
2021-04-30,UK,60008,1057,54631,31579759,556341
2021-05-01,UK,55680,983,50691,31635439,557324
2021-05-02,UK,54427,961,49550,31689866,558285
2021-05-03,UK,56193,989,51158,31746059,559274
2021-05-04,UK,57346,1007,52207,31803405,560281
2021-05-05,UK,54487,963,49604,31857892,561244
2021-05-06,UK,57354,1012,52215,31915246,562256
2021-05-07,UK,52368,922,47675,31967614,563178
2021-05-08,UK,53807,949,48985,32021421,564127
2021-05-09,UK,58691,1034,53432,32080112,565161
2021-05-10,UK,58265,1029,53044,32138377,566190
2021-05-11,UK,55210,969,50263,32193587,567159
2021-05-12,UK,53202,937,48435,32246789,568096
2021-05-13,UK,52917,935,48175,32299706,569031
2021-05-14,UK,54461,961,49581,32354167,569992
2021-05-15,UK,56976,1007,51870,32411143,570999
2021-05-16,UK,57431,1009,52285,32468574,572008
2021-05-17,UK,53201,939,48434,32521775,572947
2021-05-18,UK,51088,902,46510,32572863,573849
2021-05-19,UK,54584,958,49693,32627447,574807
2021-05-20,UK,51293,903,46697,32678740,575710
2021-05-21,UK,51742,911,47105,32730482,576621
2021-05-22,UK,56225,987,51187,32786707,577608
2021-05-23,UK,54493,960,49610,32841200,578568
2021-05-24,UK,52325,924,47636,32893525,579492
2021-05-25,UK,48215,849,43894,32941740,580341
2021-05-26,UK,51597,909,46973,32993337,581250
2021-05-27,UK,53302,940,48526,33046639,582190
2021-05-28,UK,49214,867,44804,33095853,583057
2021-05-29,UK,53050,933,48296,33148903,583990
2021-05-30,UK,52401,924,47705,33201304,584914
2021-05-31,UK,52791,927,48060,33254095,585841
2021-06-01,UK,48980,863,44591,33303075,586704
2021-06-02,UK,49146,869,44742,33352221,587573
2021-06-03,UK,50577,890,46045,33402798,588463
2021-06-04,UK,47765,840,43485,33450563,589303
2021-06-05,UK,45039,795,41003,33495602,590098
2021-06-06,UK,44643,787,40643,33540245,590885
2021-06-07,UK,45670,806,41577,33585915,591691
2021-06-08,UK,41711,735,37973,33627626,592426
2021-06-09,UK,43726,765,39808,33671352,593191
2021-06-10,UK,45874,810,41763,33717226,594001
2021-06-11,UK,38224,677,34799,33755450,594678
2021-06-12,UK,45619,806,41531,33801069,595484
2021-06-13,UK,44147,771,40191,33845216,596255
2021-06-14,UK,40281,710,36671,33885497,596965
2021-06-15,UK,41760,735,38018,33927257,597700
2021-06-16,UK,40084,704,36492,33967341,598404
2021-06-17,UK,41928,739,38171,34009269,599143
2021-06-18,UK,40828,719,37169,34050097,599862
2021-06-19,UK,35645,629,32451,34085742,600491
2021-06-20,UK,38852,684,35370,34124594,601175
2021-06-21,UK,36774,645,33479,34161368,601820
2021-06-22,UK,36719,646,33428,34198087,602466
2021-06-23,UK,34667,609,31560,34232754,603075
2021-06-24,UK,38483,674,35034,34271237,603749
2021-06-25,UK,36609,642,33328,34307846,604391
2021-06-26,UK,32942,580,29990,34340788,604971
2021-06-27,UK,31375,555,28563,34372163,605526
2021-06-28,UK,32395,569,29492,34404558,606095
2021-06-29,UK,33151,582,30180,34437709,606677
2021-06-30,UK,32243,565,29354,34469952,607242
2021-07-01,UK,33238,585,30259,34503190,607827
2021-07-02,UK,31909,564,29049,34535099,608391
2021-07-03,UK,31579,560,28749,34566678,608951
2021-07-04,UK,30025,529,27334,34596703,609480
2021-07-05,UK,26955,475,24539,34623658,609955
2021-07-06,UK,28121,494,25601,34651779,610449
2021-07-07,UK,29309,515,26682,34681088,610964
2021-07-08,UK,27200,480,24762,34708288,611444
2021-07-09,UK,27384,482,24930,34735672,611926
2021-07-10,UK,25740,453,23433,34761412,612379
2021-07-11,UK,24288,428,22111,34785700,612807
2021-07-12,UK,24907,437,22675,34810607,613244
2021-07-13,UK,24901,438,22669,34835508,613682
2021-07-14,UK,23199,404,21120,34858707,614086
2021-07-15,UK,23179,409,21102,34881886,614495
2021-07-16,UK,21852,389,19894,34903738,614884
2021-07-17,UK,23666,416,21545,34927404,615300
2021-07-18,UK,21574,381,19640,34948978,615681
2021-07-19,UK,22944,406,20888,34971922,616087
2021-07-20,UK,22485,398,20470,34994407,616485
2021-07-21,UK,20308,357,18488,35014715,616842
2021-07-22,UK,18897,329,17203,35033612,617171
2021-07-23,UK,17391,307,15832,35051003,617478
2021-07-24,UK,17546,309,15973,35068549,617787
2021-07-25,UK,17201,302,15659,35085750,618089
2021-07-26,UK,19250,339,17525,35105000,618428
2021-07-27,UK,17652,311,16070,35122652,618739
2021-07-28,UK,17434,308,15871,35140086,619047
2021-07-29,UK,14806,261,13479,35154892,619308
2021-07-30,UK,15249,268,13882,35170141,619576
2021-07-31,UK,16494,291,15016,35186635,619867
2021-08-01,UK,15591,274,14194,35202226,620141
2021-08-02,UK,14845,262,13514,35217071,620403
2021-08-03,UK,14959,262,13618,35232030,620665
2021-08-04,UK,15306,269,13934,35247336,620934
2021-08-05,UK,13602,236,12383,35260938,621170
2021-08-06,UK,13414,235,12212,35274352,621405
2021-08-07,UK,13114,232,11938,35287466,621637
2021-08-08,UK,14129,246,12863,35301595,621883
2021-08-09,UK,10965,192,9982,35312560,622075
2021-08-10,UK,12303,212,11200,35324863,622287
2021-08-11,UK,11480,199,10451,35336343,622486
2021-08-12,UK,11521,200,10488,35347864,622686
2021-08-13,UK,10510,185,9568,35358374,622871
2021-08-14,UK,10513,185,9571,35368887,623056
2021-08-15,UK,10582,186,9633,35379469,623242
2021-08-16,UK,11448,201,10422,35390917,623443
2021-08-17,UK,9984,175,9089,35400901,623618
2021-08-18,UK,8900,158,8102,35409801,623776
2021-08-19,UK,8811,155,8021,35418612,623931
2021-08-20,UK,8517,149,7753,35427129,624080
2021-08-21,UK,7676,137,6988,35434805,624217
2021-08-22,UK,8027,145,7307,35442832,624362
2021-08-23,UK,8186,141,7452,35451018,624503
2021-08-24,UK,7148,127,6507,35458166,624630
2021-08-25,UK,7770,143,7073,35465936,624773
2021-08-26,UK,7310,129,6655,35473246,624902
2021-08-27,UK,6641,117,6045,35479887,625019
2021-08-28,UK,6613,116,6020,35486500,625135
2021-08-29,UK,6948,123,6325,35493448,625258
2021-08-30,UK,6438,114,5861,35499886,625372
2021-08-31,UK,5996,103,5458,35505882,625475
2021-09-01,UK,5715,100,5202,35511597,625575
2021-09-02,UK,5601,94,5099,35517198,625669
2021-09-03,UK,5242,91,4772,35522440,625760
2021-09-04,UK,4640,79,4224,35527080,625839
2021-09-05,UK,5513,97,5019,35532593,625936
2021-09-06,UK,4856,82,4420,35537449,626018
2021-09-07,UK,4734,82,4309,35542183,626100
2021-09-08,UK,4457,80,4057,35546640,626180
2021-09-09,UK,4145,71,3773,35550785,626251
2021-09-10,UK,4104,68,3736,35554889,626319
2021-09-11,UK,3666,65,3337,35558555,626384
2021-09-12,UK,4273,74,3890,35562828,626458
2021-09-13,UK,3459,60,3149,35566287,626518
2021-09-14,UK,3361,57,3059,35569648,626575
2021-09-15,UK,3332,62,3033,35572980,626637
2021-09-16,UK,3487,58,3174,35576467,626695
2021-09-17,UK,3148,61,2865,35579615,626756
2021-09-18,UK,2833,49,2579,35582448,626805
2021-09-19,UK,3084,54,2807,35585532,626859
2021-09-20,UK,2887,49,2628,35588419,626908
2021-09-21,UK,2744,47,2498,35591163,626955
2021-09-22,UK,2655,45,2417,35593818,627000
2021-09-23,UK,2755,49,2508,35596573,627049
2021-09-24,UK,2616,43,2381,35599189,627092
2021-09-25,UK,2181,39,1985,35601370,627131
2021-09-26,UK,2342,36,2132,35603712,627167
2021-09-27,UK,2114,37,1924,35605826,627204
2021-09-28,UK,2036,37,1853,35607862,627241
2021-09-29,UK,1739,28,1583,35609601,627269
2021-09-30,UK,1804,33,1642,35611405,627302
2021-10-01,UK,1670,29,1520,35613075,627331
2021-10-02,UK,1736,33,1580,35614811,627364
2021-10-03,UK,1680,27,1529,35616491,627391
2021-10-04,UK,1363,29,1240,35617854,627420
2021-10-05,UK,1455,20,1324,35619309,627440
2021-10-06,UK,1471,25,1339,35620780,627465
2021-10-07,UK,1317,19,1198,35622097,627484
2021-10-08,UK,1317,26,1198,35623414,627510
2021-10-09,UK,1234,21,1123,35624648,627531
2021-10-10,UK,1177,20,1071,35625825,627551
2021-10-11,UK,1089,20,991,35626914,627571
2021-10-12,UK,988,17,899,35627902,627588
2021-10-13,UK,947,15,862,35628849,627603
2021-10-14,UK,993,14,904,35629842,627617
2021-10-15,UK,914,16,832,35630756,627633
2021-10-16,UK,864,15,786,35631620,627648
2021-10-17,UK,811,15,738,35632431,627663
2021-10-18,UK,777,17,707,35633208,627680
2021-10-19,UK,792,9,721,35634000,627689
2021-10-20,UK,703,12,640,35634703,627701
2021-10-21,UK,634,13,577,35635337,627714
2021-10-22,UK,672,11,611,35636009,627725
2021-10-23,UK,609,6,554,35636618,627731
2021-10-24,UK,587,7,534,35637205,627738
2021-10-25,UK,603,11,548,35637808,627749
2021-10-26,UK,528,9,480,35638336,627758
2021-10-27,UK,510,10,464,35638846,627768
2021-10-28,UK,448,6,407,35639294,627774
2021-10-29,UK,448,8,407,35639742,627782
2021-10-30,UK,444,5,404,35640186,627787
2021-10-31,UK,375,7,341,35640561,627794
2021-11-01,UK,391,6,355,35640952,627800
2021-11-02,UK,369,4,335,35641321,627804
2021-11-03,UK,349,9,317,35641670,627813
2021-11-04,UK,348,2,316,35642018,627815
2021-11-05,UK,318,5,289,35642336,627820
2021-11-06,UK,320,3,291,35642656,627823
2021-11-07,UK,266,8,242,35642922,627831
2021-11-08,UK,268,5,243,35643190,627836
2021-11-09,UK,253,3,230,35643443,627839
2021-11-10,UK,224,3,203,35643667,627842
2021-11-11,UK,237,7,215,35643904,627849
2021-11-12,UK,240,2,218,35644144,627851
2021-11-13,UK,201,0,182,35644345,627851
2021-11-14,UK,196,4,178,35644541,627855
2021-11-15,UK,181,3,164,35644722,627858
2021-11-16,UK,163,4,148,35644885,627862
2021-11-17,UK,144,3,131,35645029,627865
2021-11-18,UK,145,6,132,35645174,627871
2021-11-19,UK,131,0,119,35645305,627871
2021-11-20,UK,148,0,134,35645453,627871
2021-11-21,UK,126,3,114,35645579,627874
2021-11-22,UK,117,0,106,35645696,627874
2021-11-23,UK,119,0,108,35645815,627874
2021-11-24,UK,99,5,90,35645914,627879
2021-11-25,UK,96,0,87,35646010,627879
2021-11-26,UK,95,0,86,35646105,627879
2021-11-27,UK,95,1,86,35646200,627880
2021-11-28,UK,86,4,78,35646286,627884
2021-11-29,UK,80,0,72,35646366,627884
2021-11-30,UK,75,2,68,35646441,627886
2021-12-01,UK,72,0,65,35646513,627886
2021-12-02,UK,66,2,60,35646579,627888
2021-12-03,UK,57,0,51,35646636,627888
2021-12-04,UK,58,4,52,35646694,627892
2021-12-05,UK,50,0,45,35646744,627892
2021-12-06,UK,51,0,46,35646795,627892
2021-12-07,UK,46,0,41,35646841,627892
2021-12-08,UK,53,0,48,35646894,627892
2021-12-09,UK,42,2,38,35646936,627894
2021-12-10,UK,35,0,31,35646971,627894
2021-12-11,UK,37,0,33,35647008,627894
2021-12-12,UK,36,2,32,35647044,627896
2021-12-13,UK,37,0,33,35647081,627896
2021-12-14,UK,29,0,26,35647110,627896
2021-12-15,UK,25,0,22,35647135,627896
2021-12-16,UK,29,0,26,35647164,627896
2021-12-17,UK,22,0,20,35647186,627896
2021-12-18,UK,22,0,20,35647208,627896
2021-12-19,UK,21,1,19,35647229,627897
2021-12-20,UK,20,0,18,35647249,627897
2021-12-21,UK,20,0,18,35647269,627897
2021-12-22,UK,16,2,14,35647285,627899
2021-12-23,UK,16,1,14,35647301,627900
2021-12-24,UK,15,3,13,35647316,627903
2021-12-25,UK,15,1,13,35647331,627904
2021-12-26,UK,14,0,12,35647345,627904
2021-12-27,UK,13,0,11,35647358,627904
2021-12-28,UK,13,0,11,35647371,627904
2021-12-29,UK,11,0,10,35647382,627904
2021-12-30,UK,11,0,10,35647393,627904
2020-01-01,Germany,64123,1078,60550,64123,1078
2020-01-02,Germany,72237,1211,68212,136360,2289
2020-01-03,Germany,73882,1240,69766,210242,3529
2020-01-04,Germany,78656,1318,74274,288898,4847
2020-01-05,Germany,71744,1204,67747,360642,6051
2020-01-06,Germany,72385,1217,68352,433027,7268
2020-01-07,Germany,81334,1370,76802,514361,8638
2020-01-08,Germany,84798,1426,80074,599159,10064
2020-01-09,Germany,75484,1269,71278,674643,11333
2020-01-10,Germany,87600,1470,82719,762243,12803
2020-01-11,Germany,84440,1418,79735,846683,14221
2020-01-12,Germany,90118,1514,85097,936801,15735
2020-01-13,Germany,86310,1450,81501,1023111,17185
2020-01-14,Germany,76697,1289,72424,1099808,18474
2020-01-15,Germany,88238,1483,83322,1188046,19957
2020-01-16,Germany,94823,1593,89540,1282869,21550
2020-01-17,Germany,87098,1463,82245,1369967,23013
2020-01-18,Germany,90496,1522,85454,1460463,24535
2020-01-19,Germany,92565,1556,87408,1553028,26091
2020-01-20,Germany,80776,1355,76276,1633804,27446
2020-01-21,Germany,103537,1741,97769,1737341,29187
2020-01-22,Germany,92255,1551,87115,1829596,30738
2020-01-23,Germany,100125,1680,94547,1929721,32418
2020-01-24,Germany,98257,1651,92783,2027978,34069
2020-01-25,Germany,105968,1783,100064,2133946,35852
2020-01-26,Germany,102738,1725,97014,2236684,37577
2020-01-27,Germany,100477,1687,94879,2337161,39264
2020-01-28,Germany,98045,1648,92583,2435206,40912
2020-01-29,Germany,107703,1812,101703,2542909,42724
2020-01-30,Germany,94701,1596,89425,2637610,44320
2020-01-31,Germany,108794,1830,102733,2746404,46150
2020-02-01,Germany,100427,1691,94832,2846831,47841
2020-02-02,Germany,113833,1915,107491,2960664,49756
2020-02-03,Germany,108829,1828,102766,3069493,51584
2020-02-04,Germany,112273,1889,106018,3181766,53473
2020-02-05,Germany,110005,1849,103876,3291771,55322
2020-02-06,Germany,100651,1693,95043,3392422,57015
2020-02-07,Germany,106276,1785,100355,3498698,58800
2020-02-08,Germany,115528,1943,109092,3614226,60743
2020-02-09,Germany,113394,1906,107076,3727620,62649
2020-02-10,Germany,119798,2015,113124,3847418,64664
2020-02-11,Germany,116045,1951,109580,3963463,66615
2020-02-12,Germany,108829,1829,102766,4072292,68444
2020-02-13,Germany,110361,1856,104212,4182653,70300
2020-02-14,Germany,116081,1951,109614,4298734,72251
2020-02-15,Germany,102585,1722,96870,4401319,73973
2020-02-16,Germany,126253,2119,119219,4527572,76092
2020-02-17,Germany,119552,2010,112891,4647124,78102
2020-02-18,Germany,124607,2094,117665,4771731,80196
2020-02-19,Germany,108496,1821,102451,4880227,82017
2020-02-20,Germany,125540,2111,118546,5005767,84128
2020-02-21,Germany,131757,2215,124416,5137524,86343
2020-02-22,Germany,110995,1865,104811,5248519,88208
2020-02-23,Germany,123725,2081,116832,5372244,90289
2020-02-24,Germany,119390,2010,112738,5491634,92299
2020-02-25,Germany,110369,1858,104220,5602003,94157
2020-02-26,Germany,122753,2064,115914,5724756,96221
2020-02-27,Germany,124963,2101,118001,5849719,98322
2020-02-28,Germany,116483,1959,109993,5966202,100281
2020-02-29,Germany,127201,2139,120114,6093403,102420
2020-03-01,Germany,110238,1853,104096,6203641,104273
2020-03-02,Germany,111308,1872,105107,6314949,106145
2020-03-03,Germany,121131,2033,114382,6436080,108178
2020-03-04,Germany,120439,2025,113729,6556519,110203
2020-03-05,Germany,115926,1950,109467,6672445,112153
2020-03-06,Germany,125016,2101,118051,6797461,114254
2020-03-07,Germany,123226,2072,116361,6920687,116326
2020-03-08,Germany,125042,2100,118076,7045729,118426
2020-03-09,Germany,118988,1998,112359,7164717,120424
2020-03-10,Germany,123126,2071,116266,7287843,122495
2020-03-11,Germany,116636,1960,110138,7404479,124455
2020-03-12,Germany,131264,2203,123951,7535743,126658
2020-03-13,Germany,113927,1913,107580,7649670,128571
2020-03-14,Germany,130909,2199,123616,7780579,130770
2020-03-15,Germany,118305,1991,111714,7898884,132761
2020-03-16,Germany,109634,1844,103526,8008518,134605
2020-03-17,Germany,125368,2106,118383,8133886,136711
2020-03-18,Germany,117658,1977,111103,8251544,138688
2020-03-19,Germany,121436,2044,114670,8372980,140732
2020-03-20,Germany,123111,2072,116252,8496091,142804
2020-03-21,Germany,117472,1973,110927,8613563,144777
2020-03-22,Germany,111600,1879,105382,8725163,146656
2020-03-23,Germany,120054,2018,113365,8845217,148674
2020-03-24,Germany,113915,1917,107568,8959132,150591
2020-03-25,Germany,117218,1970,110687,9076350,152561
2020-03-26,Germany,100589,1694,94985,9176939,154255
2020-03-27,Germany,114617,1925,108231,9291556,156180
2020-03-28,Germany,107913,1814,101901,9399469,157994
2020-03-29,Germany,119979,2020,113295,9519448,160014
2020-03-30,Germany,113574,1905,107246,9633022,161919
2020-03-31,Germany,110765,1862,104594,9743787,163781
2020-04-01,Germany,111391,1872,105185,9855178,165653
2020-04-02,Germany,102631,1727,96913,9957809,167380
2020-04-03,Germany,116000,1952,109537,10073809,169332
2020-04-04,Germany,117152,1971,110625,10190961,171303
2020-04-05,Germany,107860,1814,101851,10298821,173117
2020-04-06,Germany,113362,1906,107046,10412183,175023
2020-04-07,Germany,101261,1702,95619,10513444,176725
2020-04-08,Germany,99313,1670,93780,10612757,178395
2020-04-09,Germany,102846,1732,97116,10715603,180127
2020-04-10,Germany,104043,1748,98246,10819646,181875
2020-04-11,Germany,99023,1664,93506,10918669,183539
2020-04-12,Germany,102887,1730,97155,11021556,185269
2020-04-13,Germany,100889,1698,95268,11122445,186967
2020-04-14,Germany,93617,1574,88401,11216062,188541
2020-04-15,Germany,100238,1687,94653,11316300,190228
2020-04-16,Germany,101051,1701,95421,11417351,191929
2020-04-17,Germany,96855,1630,91459,11514206,193559
2020-04-18,Germany,100682,1691,95073,11614888,195250
2020-04-19,Germany,88614,1493,83677,11703502,196743
2020-04-20,Germany,95712,1612,90380,11799214,198355
2020-04-21,Germany,87266,1467,82404,11886480,199822
2020-04-22,Germany,86744,1456,81911,11973224,201278
2020-04-23,Germany,88165,1479,83253,12061389,202757
2020-04-24,Germany,85967,1446,81177,12147356,204203
2020-04-25,Germany,86954,1460,82109,12234310,205663
2020-04-26,Germany,87648,1470,82765,12321958,207133
2020-04-27,Germany,91473,1535,86377,12413431,208668
2020-04-28,Germany,85609,1438,80839,12499040,210106
2020-04-29,Germany,79388,1335,74965,12578428,211441
2020-04-30,Germany,90326,1521,85294,12668754,212962
2020-05-01,Germany,81148,1365,76627,12749902,214327
2020-05-02,Germany,83699,1406,79036,12833601,215733
2020-05-03,Germany,85068,1431,80328,12918669,217164
2020-05-04,Germany,83310,1401,78668,13001979,218565
2020-05-05,Germany,86253,1452,81447,13088232,220017
2020-05-06,Germany,83026,1396,78400,13171258,221413
2020-05-07,Germany,76942,1296,72655,13248200,222709
2020-05-08,Germany,88431,1488,83504,13336631,224197
2020-05-09,Germany,79865,1343,75415,13416496,225540
2020-05-10,Germany,77890,1309,73550,13494386,226849
2020-05-11,Germany,81611,1374,77064,13575997,228223
2020-05-12,Germany,78230,1314,73871,13654227,229537
2020-05-13,Germany,78224,1312,73866,13732451,230849
2020-05-14,Germany,85629,1437,80858,13818080,232286
2020-05-15,Germany,74566,1252,70412,13892646,233538
2020-05-16,Germany,73900,1244,69783,13966546,234782
2020-05-17,Germany,75036,1261,70855,14041582,236043
2020-05-18,Germany,78104,1313,73752,14119686,237356
2020-05-19,Germany,68131,1144,64335,14187817,238500
2020-05-20,Germany,66055,1109,62375,14253872,239609
2020-05-21,Germany,70714,1187,66774,14324586,240796
2020-05-22,Germany,66550,1119,62842,14391136,241915
2020-05-23,Germany,70583,1186,66650,14461719,243101
2020-05-24,Germany,73585,1238,69485,14535304,244339
2020-05-25,Germany,68286,1148,64481,14603590,245487
2020-05-26,Germany,66104,1111,62421,14669694,246598
2020-05-27,Germany,71167,1193,67202,14740861,247791
2020-05-28,Germany,73732,1242,69624,14814593,249033
2020-05-29,Germany,64494,1084,60901,14879087,250117
2020-05-30,Germany,73161,1230,69085,14952248,251347
2020-05-31,Germany,72979,1230,68913,15025227,252577
2020-06-01,Germany,73311,1234,69226,15098538,253811
2020-06-02,Germany,74112,1247,69983,15172650,255058
2020-06-03,Germany,77446,1302,73131,15250096,256360
2020-06-04,Germany,68454,1151,64640,15318550,257511
2020-06-05,Germany,70033,1178,66131,15388583,258689
2020-06-06,Germany,68181,1147,64382,15456764,259836
2020-06-07,Germany,69643,1174,65763,15526407,261010
2020-06-08,Germany,75005,1266,70826,15601412,262276
2020-06-09,Germany,65026,1094,61403,15666438,263370
2020-06-10,Germany,66785,1118,63064,15733223,264488
2020-06-11,Germany,74703,1254,70541,15807926,265742
2020-06-12,Germany,73581,1241,69481,15881507,266983
2020-06-13,Germany,68879,1159,65041,15950386,268142
2020-06-14,Germany,73323,1233,69238,16023709,269375
2020-06-15,Germany,71708,1205,67713,16095417,270580
2020-06-16,Germany,76019,1276,71784,16171436,271856
2020-06-17,Germany,71207,1200,67240,16242643,273056
2020-06-18,Germany,74844,1257,70674,16317487,274313
2020-06-19,Germany,80905,1362,76397,16398392,275675
2020-06-20,Germany,73898,1240,69781,16472290,276915
2020-06-21,Germany,72237,1214,68212,16544527,278129
2020-06-22,Germany,75002,1263,70823,16619529,279392
2020-06-23,Germany,71402,1200,67424,16690931,280592
2020-06-24,Germany,81822,1375,77263,16772753,281967
2020-06-25,Germany,74133,1246,70003,16846886,283213
2020-06-26,Germany,72858,1222,68799,16919744,284435
2020-06-27,Germany,71172,1193,67207,16990916,285628
2020-06-28,Germany,78800,1326,74410,17069716,286954
2020-06-29,Germany,78399,1317,74031,17148115,288271
2020-06-30,Germany,73712,1241,69605,17221827,289512
2020-07-01,Germany,78250,1318,73890,17300077,290830
2020-07-02,Germany,70760,1192,66818,17370837,292022
2020-07-03,Germany,77736,1304,73405,17448573,293326
2020-07-04,Germany,79278,1331,74861,17527851,294657
2020-07-05,Germany,84694,1425,79975,17612545,296082
2020-07-06,Germany,75521,1271,71313,17688066,297353
2020-07-07,Germany,74020,1249,69896,17762086,298602
2020-07-08,Germany,76044,1277,71807,17838130,299879
2020-07-09,Germany,74792,1260,70625,17912922,301139
2020-07-10,Germany,86090,1448,81294,17999012,302587
2020-07-11,Germany,87539,1468,82662,18086551,304055
2020-07-12,Germany,83112,1396,78481,18169663,305451
2020-07-13,Germany,87392,1470,82523,18257055,306921
2020-07-14,Germany,83478,1400,78827,18340533,308321
2020-07-15,Germany,83089,1393,78460,18423622,309714
2020-07-16,Germany,82650,1386,78045,18506272,311100
2020-07-17,Germany,83301,1401,78660,18589573,312501
2020-07-18,Germany,78584,1320,74206,18668157,313821
2020-07-19,Germany,86873,1459,82033,18755030,315280
2020-07-20,Germany,86126,1447,81328,18841156,316727
2020-07-21,Germany,90094,1512,85074,18931250,318239
2020-07-22,Germany,87818,1475,82925,19019068,319714
2020-07-23,Germany,87241,1463,82380,19106309,321177
2020-07-24,Germany,84643,1425,79927,19190952,322602
2020-07-25,Germany,89356,1506,84378,19280308,324108
2020-07-26,Germany,92870,1557,87696,19373178,325665
2020-07-27,Germany,84933,1427,80201,19458111,327092
2020-07-28,Germany,90993,1529,85923,19549104,328621
2020-07-29,Germany,92161,1549,87026,19641265,330170
2020-07-30,Germany,88302,1486,83382,19729567,331656
2020-07-31,Germany,89366,1501,84387,19818933,333157
2020-08-01,Germany,93610,1574,88395,19912543,334731
2020-08-02,Germany,87728,1481,82840,20000271,336212
2020-08-03,Germany,95079,1598,89782,20095350,337810
2020-08-04,Germany,89671,1511,84675,20185021,339321
2020-08-05,Germany,99302,1670,93770,20284323,340991
2020-08-06,Germany,105762,1777,99870,20390085,342768
2020-08-07,Germany,90983,1528,85914,20481068,344296
2020-08-08,Germany,97995,1647,92535,20579063,345943
2020-08-09,Germany,92315,1550,87172,20671378,347493
2020-08-10,Germany,101136,1699,95501,20772514,349192
2020-08-11,Germany,90345,1518,85311,20862859,350710
2020-08-12,Germany,99071,1666,93551,20961930,352376
2020-08-13,Germany,92788,1564,87618,21054718,353940
2020-08-14,Germany,96277,1618,90913,21150995,355558
2020-08-15,Germany,92494,1556,87341,21243489,357114
2020-08-16,Germany,101761,1708,96092,21345250,358822
2020-08-17,Germany,93840,1580,88612,21439090,360402
2020-08-18,Germany,100824,1692,95207,21539914,362094
2020-08-19,Germany,96580,1625,91199,21636494,363719
2020-08-20,Germany,97840,1645,92389,21734334,365364
2020-08-21,Germany,99242,1668,93713,21833576,367032
2020-08-22,Germany,94846,1594,89562,21928422,368626
2020-08-23,Germany,99706,1674,94151,22028128,370300
2020-08-24,Germany,106264,1784,100344,22134392,372084
2020-08-25,Germany,94886,1597,89600,22229278,373681
2020-08-26,Germany,104509,1757,98686,22333787,375438
2020-08-27,Germany,106089,1783,100178,22439876,377221
2020-08-28,Germany,94616,1592,89345,22534492,378813
2020-08-29,Germany,91393,1537,86301,22625885,380350
2020-08-30,Germany,99952,1679,94383,22725837,382029
2020-08-31,Germany,95649,1613,90320,22821486,383642
2020-09-01,Germany,107368,1807,101386,22928854,385449
2020-09-02,Germany,98190,1651,92719,23027044,387100
2020-09-03,Germany,93898,1578,88667,23120942,388678
2020-09-04,Germany,92001,1549,86875,23212943,390227
2020-09-05,Germany,102662,1724,96942,23315605,391951
2020-09-06,Germany,94313,1584,89058,23409918,393535
2020-09-07,Germany,97005,1634,91600,23506923,395169
2020-09-08,Germany,101088,1700,95456,23608011,396869
2020-09-09,Germany,93807,1576,88581,23701818,398445
2020-09-10,Germany,95552,1606,90228,23797370,400051
2020-09-11,Germany,95306,1604,89996,23892676,401655
2020-09-12,Germany,98221,1653,92749,23990897,403308
2020-09-13,Germany,97335,1638,91912,24088232,404946
2020-09-14,Germany,93051,1562,87867,24181283,406508
2020-09-15,Germany,93908,1581,88676,24275191,408089
2020-09-16,Germany,91380,1536,86289,24366571,409625
2020-09-17,Germany,85748,1442,80971,24452319,411067
2020-09-18,Germany,93235,1570,88040,24545554,412637
2020-09-19,Germany,100144,1685,94565,24645698,414322
2020-09-20,Germany,86887,1461,82046,24732585,415783
2020-09-21,Germany,86811,1455,81974,24819396,417238
2020-09-22,Germany,85775,1442,80996,24905171,418680
2020-09-23,Germany,92266,1550,87125,24997437,420230
2020-09-24,Germany,90362,1521,85328,25087799,421751
2020-09-25,Germany,87007,1465,82159,25174806,423216
2020-09-26,Germany,83012,1395,78387,25257818,424611
2020-09-27,Germany,86693,1456,81863,25344511,426067
2020-09-28,Germany,78871,1329,74477,25423382,427396
2020-09-29,Germany,85430,1435,80670,25508812,428831
2020-09-30,Germany,87725,1472,82837,25596537,430303
2020-10-01,Germany,78075,1311,73725,25674612,431614
2020-10-02,Germany,76174,1279,71930,25750786,432893
2020-10-03,Germany,88147,1480,83236,25838933,434373
2020-10-04,Germany,78403,1320,74035,25917336,435693
2020-10-05,Germany,84597,1418,79884,26001933,437111
2020-10-06,Germany,78599,1320,74220,26080532,438431
2020-10-07,Germany,77722,1306,73392,26158254,439737
2020-10-08,Germany,79194,1332,74782,26237448,441069
2020-10-09,Germany,73234,1234,69154,26310682,442303
2020-10-10,Germany,76242,1285,71994,26386924,443588
2020-10-11,Germany,73421,1231,69330,26460345,444819
2020-10-12,Germany,69067,1157,65219,26529412,445976
2020-10-13,Germany,74277,1249,70139,26603689,447225
2020-10-14,Germany,71182,1195,67216,26674871,448420
2020-10-15,Germany,70653,1185,66717,26745524,449605
2020-10-16,Germany,66033,1110,62354,26811557,450715
2020-10-17,Germany,74879,1259,70707,26886436,451974
2020-10-18,Germany,71425,1199,67446,26957861,453173
2020-10-19,Germany,70741,1188,66800,27028602,454361
2020-10-20,Germany,65530,1100,61879,27094132,455461
2020-10-21,Germany,59930,1007,56591,27154062,456468
2020-10-22,Germany,70976,1194,67022,27225038,457662
2020-10-23,Germany,63520,1066,59981,27288558,458728
2020-10-24,Germany,60419,1014,57053,27348977,459742
2020-10-25,Germany,63113,1060,59597,27412090,460802
2020-10-26,Germany,64434,1083,60844,27476524,461885
2020-10-27,Germany,59868,1007,56532,27536392,462892
2020-10-28,Germany,62769,1059,59272,27599161,463951
2020-10-29,Germany,61203,1030,57793,27660364,464981
2020-10-30,Germany,54048,910,51037,27714412,465891
2020-10-31,Germany,54299,912,51274,27768711,466803
2020-11-01,Germany,57914,971,54687,27826625,467774
2020-11-02,Germany,46972,788,44355,27873597,468562
2020-11-03,Germany,53031,890,50076,27926628,469452
2020-11-04,Germany,48763,820,46046,27975391,470272
2020-11-05,Germany,50389,844,47581,28025780,471116
2020-11-06,Germany,49966,841,47182,28075746,471957
2020-11-07,Germany,48944,822,46217,28124690,472779
2020-11-08,Germany,47606,802,44953,28172296,473581
2020-11-09,Germany,45449,762,42917,28217745,474343
2020-11-10,Germany,52642,883,49709,28270387,475226
2020-11-11,Germany,50710,851,47885,28321097,476077
2020-11-12,Germany,42890,720,40500,28363987,476797
2020-11-13,Germany,48246,812,45558,28412233,477609
2020-11-14,Germany,43012,724,40615,28455245,478333
2020-11-15,Germany,43361,733,40945,28498606,479066
2020-11-16,Germany,42154,707,39805,28540760,479773
2020-11-17,Germany,40137,668,37901,28580897,480441
2020-11-18,Germany,42742,717,40360,28623639,481158
2020-11-19,Germany,40234,677,37992,28663873,481835
2020-11-20,Germany,38305,645,36171,28702178,482480
2020-11-21,Germany,35999,606,33993,28738177,483086
2020-11-22,Germany,36110,606,34098,28774287,483692
2020-11-23,Germany,34055,576,32157,28808342,484268
2020-11-24,Germany,36440,610,34409,28844782,484878
2020-11-25,Germany,33610,564,31737,28878392,485442
2020-11-26,Germany,34632,580,32702,28913024,486022
2020-11-27,Germany,36825,619,34773,28949849,486641
2020-11-28,Germany,35874,606,33875,28985723,487247
2020-11-29,Germany,33187,557,31338,29018910,487804
2020-11-30,Germany,32513,546,30701,29051423,488350
2020-12-01,Germany,35104,586,33148,29086527,488936
2020-12-02,Germany,32357,543,30554,29118884,489479
2020-12-03,Germany,30494,515,28795,29149378,489994
2020-12-04,Germany,28311,475,26733,29177689,490469
2020-12-05,Germany,30580,513,28876,29208269,490982
2020-12-06,Germany,30734,519,29021,29239003,491501
2020-12-07,Germany,28131,472,26563,29267134,491973
2020-12-08,Germany,29024,490,27407,29296158,492463
2020-12-09,Germany,27671,462,26129,29323829,492925
2020-12-10,Germany,27524,464,25990,29351353,493389
2020-12-11,Germany,23984,406,22647,29375337,493795
2020-12-12,Germany,26728,451,25239,29402065,494246
2020-12-13,Germany,27976,466,26417,29430041,494712
2020-12-14,Germany,25522,427,24100,29455563,495139
2020-12-15,Germany,26115,438,24660,29481678,495577
2020-12-16,Germany,24785,418,23404,29506463,495995
2020-12-17,Germany,25951,433,24505,29532414,496428
2020-12-18,Germany,24969,417,23578,29557383,496845
2020-12-19,Germany,23838,397,22510,29581221,497242
2020-12-20,Germany,26459,443,24985,29607680,497685
2020-12-21,Germany,25761,430,24325,29633441,498115
2020-12-22,Germany,23708,401,22387,29657149,498516
2020-12-23,Germany,24904,417,23516,29682053,498933
2020-12-24,Germany,24820,418,23437,29706873,499351
2020-12-25,Germany,24835,417,23451,29731708,499768
2020-12-26,Germany,21940,368,20717,29753648,500136
2020-12-27,Germany,25108,421,23709,29778756,500557
2020-12-28,Germany,23175,391,21883,29801931,500948
2020-12-29,Germany,23400,393,22096,29825331,501341
2020-12-30,Germany,26961,453,25459,29852292,501794
2020-12-31,Germany,24188,405,22840,29876480,502199
2021-01-01,Germany,23397,392,22093,29899877,502591
2021-01-02,Germany,21270,358,20085,29921147,502949
2021-01-03,Germany,25646,431,24217,29946793,503380
2021-01-04,Germany,22448,377,21197,29969241,503757
2021-01-05,Germany,22963,384,21683,29992204,504141
2021-01-06,Germany,23902,405,22570,30016106,504546
2021-01-07,Germany,26185,439,24726,30042291,504985
2021-01-08,Germany,25571,429,24146,30067862,505414
2021-01-09,Germany,24608,413,23237,30092470,505827
2021-01-10,Germany,25394,430,23979,30117864,506257
2021-01-11,Germany,24472,410,23108,30142336,506667
2021-01-12,Germany,25650,430,24221,30167986,507097
2021-01-13,Germany,25825,434,24386,30193811,507531
2021-01-14,Germany,27269,457,25749,30221080,507988
2021-01-15,Germany,27577,463,26040,30248657,508451
2021-01-16,Germany,27275,463,25755,30275932,508914
2021-01-17,Germany,26459,445,24985,30302391,509359
2021-01-18,Germany,28309,476,26731,30330700,509835
2021-01-19,Germany,27534,461,26000,30358234,510296
2021-01-20,Germany,26525,449,25047,30384759,510745
2021-01-21,Germany,27867,472,26314,30412626,511217
2021-01-22,Germany,28978,489,27363,30441604,511706
2021-01-23,Germany,30621,516,28915,30472225,512222
2021-01-24,Germany,29461,494,27819,30501686,512716
2021-01-25,Germany,28369,477,26788,30530055,513193
2021-01-26,Germany,30761,515,29047,30560816,513708
2021-01-27,Germany,31343,524,29596,30592159,514232
2021-01-28,Germany,31968,534,30187,30624127,514766
2021-01-29,Germany,33676,567,31799,30657803,515333
2021-01-30,Germany,34398,575,32481,30692201,515908
2021-01-31,Germany,32289,542,30490,30724490,516450
2021-02-01,Germany,32798,551,30970,30757288,517001
2021-02-02,Germany,32625,550,30807,30789913,517551
2021-02-03,Germany,36228,608,34209,30826141,518159
2021-02-04,Germany,38185,644,36057,30864326,518803
2021-02-05,Germany,35645,601,33659,30899971,519404
2021-02-06,Germany,36394,609,34366,30936365,520013
2021-02-07,Germany,40223,678,37982,30976588,520691
2021-02-08,Germany,39082,656,36904,31015670,521347
2021-02-09,Germany,39619,665,37411,31055289,522012
2021-02-10,Germany,37088,623,35021,31092377,522635
2021-02-11,Germany,41474,697,39163,31133851,523332
2021-02-12,Germany,38898,653,36731,31172749,523985
2021-02-13,Germany,39133,656,36952,31211882,524641
2021-02-14,Germany,41453,695,39143,31253335,525336
2021-02-15,Germany,41635,700,39315,31294970,526036
2021-02-16,Germany,43122,724,40719,31338092,526760
2021-02-17,Germany,41131,692,38839,31379223,527452
2021-02-18,Germany,47213,794,44582,31426436,528246
2021-02-19,Germany,48367,813,45672,31474803,529059
2021-02-20,Germany,41990,707,39650,31516793,529766
2021-02-21,Germany,49576,836,46814,31566369,530602
2021-02-22,Germany,46062,777,43495,31612431,531379
2021-02-23,Germany,50847,857,48014,31663278,532236
2021-02-24,Germany,49339,831,46590,31712617,533067
2021-02-25,Germany,50335,850,47530,31762952,533917
2021-02-26,Germany,50547,850,47731,31813499,534767
2021-02-27,Germany,54916,924,51856,31868415,535691
2021-02-28,Germany,49277,833,46531,31917692,536524
2021-03-01,Germany,54913,918,51853,31972605,537442
2021-03-02,Germany,57028,958,53851,32029633,538400
2021-03-03,Germany,56772,957,53609,32086405,539357
2021-03-04,Germany,62025,1045,58569,32148430,540402
2021-03-05,Germany,54827,927,51772,32203257,541329
2021-03-06,Germany,59801,1005,56469,32263058,542334
2021-03-07,Germany,57509,966,54305,32320567,543300
2021-03-08,Germany,62173,1044,58709,32382740,544344
2021-03-09,Germany,59277,997,55974,32442017,545341
2021-03-10,Germany,58870,993,55590,32500887,546334
2021-03-11,Germany,64734,1091,61127,32565621,547425
2021-03-12,Germany,59976,1008,56634,32625597,548433
2021-03-13,Germany,57810,972,54589,32683407,549405
2021-03-14,Germany,61288,1029,57873,32744695,550434
2021-03-15,Germany,65586,1101,61932,32810281,551535
2021-03-16,Germany,68788,1158,64955,32879069,552693
2021-03-17,Germany,65357,1102,61716,32944426,553795
2021-03-18,Germany,70001,1175,66101,33014427,554970
2021-03-19,Germany,61831,1040,58386,33076258,556010
2021-03-20,Germany,65507,1101,61857,33141765,557111
2021-03-21,Germany,66660,1122,62946,33208425,558233
2021-03-22,Germany,67878,1140,64096,33276303,559373
2021-03-23,Germany,69180,1159,65326,33345483,560532
2021-03-24,Germany,71900,1211,67894,33417383,561743
2021-03-25,Germany,68534,1151,64716,33485917,562894
2021-03-26,Germany,71167,1196,67202,33557084,564090
2021-03-27,Germany,71082,1196,67122,33628166,565286
2021-03-28,Germany,68471,1152,64656,33696637,566438
2021-03-29,Germany,71923,1210,67916,33768560,567648
2021-03-30,Germany,72334,1213,68304,33840894,568861
2021-03-31,Germany,72759,1224,68705,33913653,570085
2021-04-01,Germany,73972,1240,69851,33987625,571325
2021-04-02,Germany,74610,1256,70453,34062235,572581
2021-04-03,Germany,73169,1232,69092,34135404,573813
2021-04-04,Germany,80014,1342,75556,34215418,575155
2021-04-05,Germany,71222,1198,67254,34286640,576353
2021-04-06,Germany,73308,1234,69224,34359948,577587
2021-04-07,Germany,87062,1463,82211,34447010,579050
2021-04-08,Germany,72813,1225,68756,34519823,580275
2021-04-09,Germany,71924,1203,67917,34591747,581478
2021-04-10,Germany,80320,1352,75845,34672067,582830
2021-04-11,Germany,69701,1172,65818,34741768,584002
2021-04-12,Germany,77149,1296,72851,34818917,585298
2021-04-13,Germany,86741,1460,81908,34905658,586758
2021-04-14,Germany,72509,1222,68469,34978167,587980
2021-04-15,Germany,70994,1194,67039,35049161,589174
2021-04-16,Germany,73086,1232,69014,35122247,590406
2021-04-17,Germany,82751,1388,78141,35204998,591794
2021-04-18,Germany,83819,1410,79149,35288817,593204
2021-04-19,Germany,77457,1302,73141,35366274,594506
2021-04-20,Germany,82333,1383,77746,35448607,595889
2021-04-21,Germany,85252,1429,80502,35533859,597318
2021-04-22,Germany,86917,1462,82074,35620776,598780
2021-04-23,Germany,78854,1327,74461,35699630,600107
2021-04-24,Germany,70675,1191,66737,35770305,601298
2021-04-25,Germany,76598,1290,72330,35846903,602588
2021-04-26,Germany,78159,1312,73804,35925062,603900
2021-04-27,Germany,78795,1327,74405,36003857,605227
2021-04-28,Germany,79022,1331,74619,36082879,606558
2021-04-29,Germany,84152,1414,79463,36167031,607972
2021-04-30,Germany,84664,1423,79947,36251695,609395
2021-05-01,Germany,78786,1323,74396,36330481,610718
2021-05-02,Germany,83681,1410,79019,36414162,612128
2021-05-03,Germany,80573,1351,76084,36494735,613479
2021-05-04,Germany,79224,1333,74810,36573959,614812
2021-05-05,Germany,82331,1383,77744,36656290,616195
2021-05-06,Germany,78813,1323,74422,36735103,617518
2021-05-07,Germany,86334,1448,81524,36821437,618966
2021-05-08,Germany,72394,1217,68361,36893831,620183
2021-05-09,Germany,75710,1270,71492,36969541,621453
2021-05-10,Germany,76910,1293,72625,37046451,622746
2021-05-11,Germany,78760,1328,74372,37125211,624074
2021-05-12,Germany,81578,1372,77033,37206789,625446
2021-05-13,Germany,76247,1286,71999,37283036,626732
2021-05-14,Germany,70546,1184,66615,37353582,627916
2021-05-15,Germany,78721,1321,74335,37432303,629237
2021-05-16,Germany,77944,1308,73601,37510247,630545
2021-05-17,Germany,67410,1133,63654,37577657,631678
2021-05-18,Germany,74181,1252,70048,37651838,632930
2021-05-19,Germany,67850,1137,64070,37719688,634067
2021-05-20,Germany,70778,1191,66835,37790466,635258
2021-05-21,Germany,69412,1165,65545,37859878,636423
2021-05-22,Germany,75082,1262,70899,37934960,637685
2021-05-23,Germany,72030,1208,68017,38006990,638893
2021-05-24,Germany,66478,1119,62774,38073468,640012
2021-05-25,Germany,73568,1237,69469,38147036,641249
2021-05-26,Germany,64861,1092,61247,38211897,642341
2021-05-27,Germany,70406,1184,66483,38282303,643525
2021-05-28,Germany,65845,1103,62176,38348148,644628
2021-05-29,Germany,66760,1124,63040,38414908,645752
2021-05-30,Germany,69054,1157,65207,38483962,646909
2021-05-31,Germany,68434,1147,64621,38552396,648056
2021-06-01,Germany,70436,1182,66512,38622832,649238
2021-06-02,Germany,65068,1092,61443,38687900,650330
2021-06-03,Germany,65633,1106,61976,38753533,651436
2021-06-04,Germany,62536,1051,59052,38816069,652487
2021-06-05,Germany,63796,1075,60242,38879865,653562
2021-06-06,Germany,63870,1072,60311,38943735,654634
2021-06-07,Germany,61459,1034,58035,39005194,655668
2021-06-08,Germany,55515,934,52422,39060709,656602
2021-06-09,Germany,61270,1031,57856,39121979,657633
2021-06-10,Germany,60599,1018,57223,39182578,658651
2021-06-11,Germany,56751,953,53589,39239329,659604
2021-06-12,Germany,54255,911,51232,39293584,660515
2021-06-13,Germany,61427,1029,58004,39355011,661544
2021-06-14,Germany,57810,972,54589,39412821,662516
2021-06-15,Germany,54999,924,51935,39467820,663440
2021-06-16,Germany,51727,871,48845,39519547,664311
2021-06-17,Germany,51830,871,48942,39571377,665182
2021-06-18,Germany,56725,956,53564,39628102,666138
2021-06-19,Germany,52816,888,49873,39680918,667026
2021-06-20,Germany,50230,843,47431,39731148,667869
2021-06-21,Germany,52144,877,49239,39783292,668746
2021-06-22,Germany,48004,808,45329,39831296,669554
2021-06-23,Germany,52932,886,49983,39884228,670440
2021-06-24,Germany,51705,868,48824,39935933,671308
2021-06-25,Germany,46510,780,43918,39982443,672088
2021-06-26,Germany,45342,763,42816,40027785,672851
2021-06-27,Germany,39983,673,37755,40067768,673524
2021-06-28,Germany,41854,704,39522,40109622,674228
2021-06-29,Germany,41427,691,39119,40151049,674919
2021-06-30,Germany,43896,734,41450,40194945,675653
2021-07-01,Germany,42104,707,39758,40237049,676360
2021-07-02,Germany,39181,657,36998,40276230,677017
2021-07-03,Germany,40636,683,38372,40316866,677700
2021-07-04,Germany,41450,696,39140,40358316,678396
2021-07-05,Germany,40691,687,38424,40399007,679083
2021-07-06,Germany,35171,586,33211,40434178,679669
2021-07-07,Germany,37845,637,35736,40472023,680306
2021-07-08,Germany,34737,585,32801,40506760,680891
2021-07-09,Germany,38204,643,36075,40544964,681534
2021-07-10,Germany,37201,627,35128,40582165,682161
2021-07-11,Germany,33470,564,31605,40615635,682725
2021-07-12,Germany,32983,553,31145,40648618,683278
2021-07-13,Germany,32783,549,30956,40681401,683827
2021-07-14,Germany,29125,485,27502,40710526,684312
2021-07-15,Germany,32639,548,30820,40743165,684860
2021-07-16,Germany,30952,518,29227,40774117,685378
2021-07-17,Germany,32158,543,30366,40806275,685921
2021-07-18,Germany,28319,475,26741,40834594,686396
2021-07-19,Germany,28364,474,26783,40862958,686870
2021-07-20,Germany,26429,442,24956,40889387,687312
2021-07-21,Germany,26503,449,25026,40915890,687761
2021-07-22,Germany,25625,430,24197,40941515,688191
2021-07-23,Germany,27898,467,26343,40969413,688658
2021-07-24,Germany,25016,420,23622,40994429,689078
2021-07-25,Germany,25435,431,24018,41019864,689509
2021-07-26,Germany,24174,405,22827,41044038,689914
2021-07-27,Germany,22493,379,21239,41066531,690293
2021-07-28,Germany,23205,392,21912,41089736,690685
2021-07-29,Germany,23480,391,22171,41113216,691076
2021-07-30,Germany,20858,349,19696,41134074,691425
2021-07-31,Germany,22487,380,21234,41156561,691805
2021-08-01,Germany,20140,337,19018,41176701,692142
2021-08-02,Germany,19972,336,18859,41196673,692478
2021-08-03,Germany,20438,342,19299,41217111,692820
2021-08-04,Germany,18718,313,17675,41235829,693133
2021-08-05,Germany,18858,316,17807,41254687,693449
2021-08-06,Germany,18006,304,17002,41272693,693753
2021-08-07,Germany,17891,301,16894,41290584,694054
2021-08-08,Germany,15209,255,14361,41305793,694309
2021-08-09,Germany,15233,261,14384,41321026,694570
2021-08-10,Germany,16782,285,15847,41337808,694855
2021-08-11,Germany,16621,275,15695,41354429,695130
2021-08-12,Germany,14633,245,13817,41369062,695375
2021-08-13,Germany,14691,251,13872,41383753,695626
2021-08-14,Germany,14636,244,13820,41398389,695870
2021-08-15,Germany,14468,247,13662,41412857,696117
2021-08-16,Germany,12177,203,11498,41425034,696320
2021-08-17,Germany,12549,210,11849,41437583,696530
2021-08-18,Germany,12509,212,11812,41450092,696742
2021-08-19,Germany,12753,214,12042,41462845,696956
2021-08-20,Germany,13419,226,12671,41476264,697182
2021-08-21,Germany,11412,195,10776,41487676,697377
2021-08-22,Germany,10383,176,9804,41498059,697553
2021-08-23,Germany,11023,185,10408,41509082,697738
2021-08-24,Germany,11141,190,10520,41520223,697928
2021-08-25,Germany,10158,172,9592,41530381,698100
2021-08-26,Germany,9321,155,8801,41539702,698255
2021-08-27,Germany,9888,170,9337,41549590,698425
2021-08-28,Germany,9418,159,8893,41559008,698584
2021-08-29,Germany,8350,139,7884,41567358,698723
2021-08-30,Germany,8661,141,8178,41576019,698864
2021-08-31,Germany,8613,142,8133,41584632,699006
2021-09-01,Germany,8384,144,7916,41593016,699150
2021-09-02,Germany,7610,131,7186,41600626,699281
2021-09-03,Germany,7231,121,6828,41607857,699402
2021-09-04,Germany,7536,123,7116,41615393,699525
2021-09-05,Germany,6428,105,6069,41621821,699630
2021-09-06,Germany,6739,110,6363,41628560,699740
2021-09-07,Germany,5915,96,5585,41634475,699836
2021-09-08,Germany,6444,112,6085,41640919,699948
2021-09-09,Germany,5813,101,5489,41646732,700049
2021-09-10,Germany,6030,99,5694,41652762,700148
2021-09-11,Germany,5589,93,5277,41658351,700241
2021-09-12,Germany,4925,80,4650,41663276,700321
2021-09-13,Germany,5408,90,5106,41668684,700411
2021-09-14,Germany,5230,91,4938,41673914,700502
2021-09-15,Germany,4870,84,4598,41678784,700586
2021-09-16,Germany,4310,74,4069,41683094,700660
2021-09-17,Germany,4239,70,4002,41687333,700730
2021-09-18,Germany,4165,72,3932,41691498,700802
2021-09-19,Germany,3829,65,3615,41695327,700867
2021-09-20,Germany,4135,70,3904,41699462,700937
2021-09-21,Germany,3683,61,3477,41703145,700998
2021-09-22,Germany,3031,51,2862,41706176,701049
2021-09-23,Germany,3421,58,3230,41709597,701107
2021-09-24,Germany,3169,52,2992,41712766,701159
2021-09-25,Germany,3080,50,2908,41715846,701209
2021-09-26,Germany,2908,46,2745,41718754,701255
2021-09-27,Germany,2953,47,2788,41721707,701302
2021-09-28,Germany,2871,47,2711,41724578,701349
2021-09-29,Germany,2639,43,2491,41727217,701392
2021-09-30,Germany,2448,39,2311,41729665,701431
2021-10-01,Germany,2379,38,2246,41732044,701469
2021-10-02,Germany,2283,38,2155,41734327,701507
2021-10-03,Germany,2093,37,1976,41736420,701544
2021-10-04,Germany,2146,36,2026,41738566,701580
2021-10-05,Germany,2039,34,1925,41740605,701614
2021-10-06,Germany,2053,32,1938,41742658,701646
2021-10-07,Germany,1935,32,1827,41744593,701678
2021-10-08,Germany,1677,30,1583,41746270,701708
2021-10-09,Germany,1728,31,1631,41747998,701739
2021-10-10,Germany,1507,27,1423,41749505,701766
2021-10-11,Germany,1565,28,1477,41751070,701794
2021-10-12,Germany,1404,24,1325,41752474,701818
2021-10-13,Germany,1304,22,1231,41753778,701840
2021-10-14,Germany,1330,22,1255,41755108,701862
2021-10-15,Germany,1080,17,1019,41756188,701879
2021-10-16,Germany,1085,18,1024,41757273,701897
2021-10-17,Germany,1124,19,1061,41758397,701916
2021-10-18,Germany,1085,19,1024,41759482,701935
2021-10-19,Germany,1009,17,952,41760491,701952
2021-10-20,Germany,900,19,849,41761391,701971
2021-10-21,Germany,893,12,843,41762284,701983
2021-10-22,Germany,904,16,853,41763188,701999
2021-10-23,Germany,868,14,819,41764056,702013
2021-10-24,Germany,801,13,756,41764857,702026
2021-10-25,Germany,807,11,762,41765664,702037
2021-10-26,Germany,739,14,697,41766403,702051
2021-10-27,Germany,661,12,624,41767064,702063
2021-10-28,Germany,644,12,608,41767708,702075
2021-10-29,Germany,575,10,542,41768283,702085
2021-10-30,Germany,586,9,553,41768869,702094
2021-10-31,Germany,591,9,558,41769460,702103
2021-11-01,Germany,549,10,518,41770009,702113
2021-11-02,Germany,539,5,508,41770548,702118
2021-11-03,Germany,469,9,442,41771017,702127
2021-11-04,Germany,484,12,457,41771501,702139
2021-11-05,Germany,424,8,400,41771925,702147
2021-11-06,Germany,437,6,412,41772362,702153
2021-11-07,Germany,384,6,362,41772746,702159
2021-11-08,Germany,377,7,355,41773123,702166
2021-11-09,Germany,371,5,350,41773494,702171
2021-11-10,Germany,322,7,304,41773816,702178
2021-11-11,Germany,312,4,294,41774128,702182
2021-11-12,Germany,312,8,294,41774440,702190
2021-11-13,Germany,274,7,258,41774714,702197
2021-11-14,Germany,242,3,228,41774956,702200
2021-11-15,Germany,275,4,259,41775231,702204
2021-11-16,Germany,227,3,214,41775458,702207
2021-11-17,Germany,221,3,208,41775679,702210
2021-11-18,Germany,220,1,207,41775899,702211
2021-11-19,Germany,189,1,178,41776088,702212
2021-11-20,Germany,174,5,164,41776262,702217
2021-11-21,Germany,177,5,167,41776439,702222
2021-11-22,Germany,148,4,139,41776587,702226
2021-11-23,Germany,152,2,143,41776739,702228
2021-11-24,Germany,148,6,139,41776887,702234
2021-11-25,Germany,135,2,127,41777022,702236
2021-11-26,Germany,118,3,111,41777140,702239
2021-11-27,Germany,133,0,125,41777273,702239
2021-11-28,Germany,116,1,109,41777389,702240
2021-11-29,Germany,117,1,110,41777506,702241
2021-11-30,Germany,100,1,94,41777606,702242
2021-12-01,Germany,91,0,85,41777697,702242
2021-12-02,Germany,91,2,85,41777788,702244
2021-12-03,Germany,83,3,78,41777871,702247
2021-12-04,Germany,74,0,69,41777945,702247
2021-12-05,Germany,82,0,77,41778027,702247
2021-12-06,Germany,67,0,63,41778094,702247
2021-12-07,Germany,58,1,54,41778152,702248
2021-12-08,Germany,67,0,63,41778219,702248
2021-12-09,Germany,56,0,52,41778275,702248
2021-12-10,Germany,52,0,49,41778327,702248
2021-12-11,Germany,45,4,42,41778372,702252
2021-12-12,Germany,54,1,50,41778426,702253
2021-12-13,Germany,41,2,38,41778467,702255
2021-12-14,Germany,42,1,39,41778509,702256
2021-12-15,Germany,42,0,39,41778551,702256
2021-12-16,Germany,38,0,35,41778589,702256
2021-12-17,Germany,34,0,32,41778623,702256
2021-12-18,Germany,28,0,26,41778651,702256
2021-12-19,Germany,28,0,26,41778679,702256
2021-12-20,Germany,29,0,27,41778708,702256
2021-12-21,Germany,24,4,22,41778732,702260
2021-12-22,Germany,25,0,23,41778757,702260
2021-12-23,Germany,24,3,22,41778781,702263
2021-12-24,Germany,23,0,21,41778804,702263
2021-12-25,Germany,17,0,16,41778821,702263
2021-12-26,Germany,23,0,21,41778844,702263
2021-12-27,Germany,19,0,17,41778863,702263
2021-12-28,Germany,16,0,15,41778879,702263
2021-12-29,Germany,17,0,16,41778896,702263
2021-12-30,Germany,18,0,16,41778914,702263
2020-01-01,France,71226,1753,62748,71226,1753
2020-01-02,France,75922,1870,66886,147148,3623
2020-01-03,France,90673,2235,79881,237821,5858
2020-01-04,France,83224,2050,73319,321045,7908
2020-01-05,France,91253,2249,80392,412298,10157
2020-01-06,France,88637,2186,78087,500935,12343
2020-01-07,France,85137,2098,75004,586072,14441
2020-01-08,France,86668,2131,76353,672740,16572
2020-01-09,France,86478,2131,76185,759218,18703
2020-01-10,France,80249,1976,70698,839467,20679
2020-01-11,France,89211,2201,78593,928678,22880
2020-01-12,France,95838,2362,84431,1024516,25242
2020-01-13,France,88848,2187,78273,1113364,27429
2020-01-14,France,94726,2335,83452,1208090,29764
2020-01-15,France,98027,2415,86360,1306117,32179
2020-01-16,France,90889,2236,80071,1397006,34415
2020-01-17,France,94233,2323,83017,1491239,36738
2020-01-18,France,92616,2281,81593,1583855,39019
2020-01-19,France,94686,2335,83416,1678541,41354
2020-01-20,France,93462,2302,82338,1772003,43656
2020-01-21,France,96479,2380,84996,1868482,46036
2020-01-22,France,109398,2696,96377,1977880,48732
2020-01-23,France,98522,2429,86796,2076402,51161
2020-01-24,France,104995,2586,92498,2181397,53747
2020-01-25,France,102752,2532,90522,2284149,56279
2020-01-26,France,112728,2774,99311,2396877,59053
2020-01-27,France,114531,2821,100899,2511408,61874
2020-01-28,France,113182,2785,99711,2624590,64659
2020-01-29,France,111160,2736,97930,2735750,67395
2020-01-30,France,109176,2688,96182,2844926,70083
2020-01-31,France,104759,2582,92291,2949685,72665
2020-02-01,France,123239,3036,108571,3072924,75701
2020-02-02,France,108921,2683,95957,3181845,78384
2020-02-03,France,117886,2904,103855,3299731,81288
2020-02-04,France,121042,2984,106636,3420773,84272
2020-02-05,France,112562,2773,99165,3533335,87045
2020-02-06,France,122628,3022,108033,3655963,90067
2020-02-07,France,121835,3000,107334,3777798,93067
2020-02-08,France,128302,3163,113032,3906100,96230
2020-02-09,France,116027,2861,102217,4022127,99091
2020-02-10,France,111822,2755,98513,4133949,101846
2020-02-11,France,117130,2884,103189,4251079,104730
2020-02-12,France,122062,3004,107534,4373141,107734
2020-02-13,France,121757,2998,107265,4494898,110732
2020-02-14,France,119576,2941,105344,4614474,113673
2020-02-15,France,110821,2728,97631,4725295,116401
2020-02-16,France,125924,3103,110937,4851219,119504
2020-02-17,France,135691,3343,119541,4986910,122847
2020-02-18,France,126835,3129,111739,5113745,125976
2020-02-19,France,128162,3157,112908,5241907,129133
2020-02-20,France,128329,3161,113055,5370236,132294
2020-02-21,France,127593,3145,112407,5497829,135439
2020-02-22,France,131271,3230,115647,5629100,138669
2020-02-23,France,128199,3155,112941,5757299,141824
2020-02-24,France,123996,3056,109238,5881295,144880
2020-02-25,France,121162,2985,106741,6002457,147865
2020-02-26,France,124798,3074,109945,6127255,150939
2020-02-27,France,128511,3164,113216,6255766,154103
2020-02-28,France,124641,3071,109806,6380407,157174
2020-02-29,France,128720,3170,113400,6509127,160344
2020-03-01,France,129565,3192,114144,6638692,163536
2020-03-02,France,132082,3252,116362,6770774,166788
2020-03-03,France,134917,3323,118859,6905691,170111
2020-03-04,France,127231,3138,112088,7032922,173249
2020-03-05,France,118372,2915,104283,7151294,176164
2020-03-06,France,124357,3063,109556,7275651,179227
2020-03-07,France,126673,3120,111596,7402324,182347
2020-03-08,France,114628,2824,100985,7516952,185171
2020-03-09,France,134753,3321,118715,7651705,188492
2020-03-10,France,126655,3121,111581,7778360,191613
2020-03-11,France,127877,3151,112657,7906237,194764
2020-03-12,France,133725,3294,117809,8039962,198058
2020-03-13,France,120906,2979,106516,8160868,201037
2020-03-14,France,128045,3154,112805,8288913,204191
2020-03-15,France,123391,3036,108705,8412304,207227
2020-03-16,France,122507,3023,107926,8534811,210250
2020-03-17,France,118431,2919,104335,8653242,213169
2020-03-18,France,132922,3273,117102,8786164,216442
2020-03-19,France,119894,2954,105624,8906058,219396
2020-03-20,France,125902,3099,110917,9031960,222495
2020-03-21,France,109725,2702,96665,9141685,225197
2020-03-22,France,127593,3140,112407,9269278,228337
2020-03-23,France,126170,3108,111153,9395448,231445
2020-03-24,France,119798,2948,105540,9515246,234393
2020-03-25,France,117202,2888,103253,9632448,237281
2020-03-26,France,120211,2963,105903,9752659,240244
2020-03-27,France,130544,3214,115007,9883203,243458
2020-03-28,France,106134,2615,93502,9989337,246073
2020-03-29,France,120160,2958,105859,10109497,249031
2020-03-30,France,109620,2702,96573,10219117,251733
2020-03-31,France,113942,2806,100381,10333059,254539
2020-04-01,France,111831,2757,98521,10444890,257296
2020-04-02,France,109989,2706,96898,10554879,260002
2020-04-03,France,111482,2744,98213,10666361,262746
2020-04-04,France,104391,2569,91966,10770752,265315
2020-04-05,France,115430,2844,101691,10886182,268159
2020-04-06,France,99108,2443,87312,10985290,270602
2020-04-07,France,110874,2732,97678,11096164,273334
2020-04-08,France,105282,2593,92751,11201446,275927
2020-04-09,France,99875,2455,87988,11301321,278382
2020-04-10,France,106198,2616,93558,11407519,280998
2020-04-11,France,96059,2368,84626,11503578,283366
2020-04-12,France,103401,2553,91094,11606979,285919
2020-04-13,France,94941,2338,83641,11701920,288257
2020-04-14,France,103559,2550,91233,11805479,290807
2020-04-15,France,95594,2356,84216,11901073,293163
2020-04-16,France,96987,2389,85443,11998060,295552
2020-04-17,France,99661,2458,87799,12097721,298010
2020-04-18,France,93451,2300,82328,12191172,300310
2020-04-19,France,95913,2362,84497,12287085,302672
2020-04-20,France,87969,2169,77499,12375054,304841
2020-04-21,France,97127,2393,85567,12472181,307234
2020-04-22,France,101359,2499,89295,12573540,309733
2020-04-23,France,104984,2585,92489,12678524,312318
2020-04-24,France,91519,2257,80626,12770043,314575
2020-04-25,France,93640,2303,82495,12863683,316878
2020-04-26,France,81145,1996,71487,12944828,318874
2020-04-27,France,94688,2335,83418,13039516,321209
2020-04-28,France,90447,2228,79682,13129963,323437
2020-04-29,France,83986,2071,73990,13213949,325508
2020-04-30,France,90343,2226,79590,13304292,327734
2020-05-01,France,83025,2045,73143,13387317,329779
2020-05-02,France,81215,1998,71549,13468532,331777
2020-05-03,France,84105,2072,74095,13552637,333849
2020-05-04,France,76877,1896,67727,13629514,335745
2020-05-05,France,84347,2078,74308,13713861,337823
2020-05-06,France,75122,1852,66181,13788983,339675
2020-05-07,France,74269,1831,65429,13863252,341506
2020-05-08,France,73949,1820,65147,13937201,343326
2020-05-09,France,79482,1960,70022,14016683,345286
2020-05-10,France,73353,1806,64622,14090036,347092
2020-05-11,France,69772,1718,61468,14159808,348810
2020-05-12,France,71718,1771,63182,14231526,350581
2020-05-13,France,73000,1799,64311,14304526,352380
2020-05-14,France,68021,1674,59925,14372547,354054
2020-05-15,France,67364,1659,59346,14439911,355713
2020-05-16,France,78153,1925,68851,14518064,357638
2020-05-17,France,66904,1651,58941,14584968,359289
2020-05-18,France,68039,1676,59941,14653007,360965
2020-05-19,France,67160,1659,59166,14720167,362624
2020-05-20,France,66270,1630,58382,14786437,364254
2020-05-21,France,69077,1701,60855,14855514,365955
2020-05-22,France,69457,1709,61190,14924971,367664
2020-05-23,France,64646,1591,56952,14989617,369255
2020-05-24,France,60988,1501,53729,15050605,370756
2020-05-25,France,68490,1686,60338,15119095,372442
2020-05-26,France,63480,1567,55924,15182575,374009
2020-05-27,France,68673,1694,60499,15251248,375703
2020-05-28,France,55608,1370,48989,15306856,377073
2020-05-29,France,62712,1544,55248,15369568,378617
2020-05-30,France,67497,1661,59463,15437065,380278
2020-05-31,France,60012,1480,52869,15497077,381758
2020-06-01,France,59933,1477,52800,15557010,383235
2020-06-02,France,61053,1504,53786,15618063,384739
2020-06-03,France,58063,1431,51152,15676126,386170
2020-06-04,France,58396,1440,51445,15734522,387610
2020-06-05,France,57938,1427,51042,15792460,389037
2020-06-06,France,56729,1396,49977,15849189,390433
2020-06-07,France,61800,1520,54444,15910989,391953
2020-06-08,France,59233,1459,52183,15970222,393412
2020-06-09,France,58318,1441,51377,16028540,394853
2020-06-10,France,59632,1467,52534,16088172,396320
2020-06-11,France,56299,1389,49598,16144471,397709
2020-06-12,France,54614,1344,48114,16199085,399053
2020-06-13,France,54890,1351,48357,16253975,400404
2020-06-14,France,56402,1391,49689,16310377,401795
2020-06-15,France,53240,1311,46903,16363617,403106
2020-06-16,France,54658,1347,48152,16418275,404453
2020-06-17,France,54478,1342,47994,16472753,405795
2020-06-18,France,61732,1519,54384,16534485,407314
2020-06-19,France,47974,1183,42264,16582459,408497
2020-06-20,France,55120,1358,48559,16637579,409855
2020-06-21,France,60352,1484,53169,16697931,411339
2020-06-22,France,55849,1374,49202,16753780,412713
2020-06-23,France,57573,1412,50720,16811353,414125
2020-06-24,France,55748,1373,49113,16867101,415498
2020-06-25,France,53625,1323,47242,16920726,416821
2020-06-26,France,49275,1212,43410,16970001,418033
2020-06-27,France,56107,1383,49429,17026108,419416
2020-06-28,France,53432,1317,47072,17079540,420733
2020-06-29,France,53428,1314,47069,17132968,422047
2020-06-30,France,54346,1342,47877,17187314,423389
2020-07-01,France,60705,1495,53480,17248019,424884
2020-07-02,France,62670,1548,55211,17310689,426432
2020-07-03,France,56671,1393,49926,17367360,427825
2020-07-04,France,54889,1351,48356,17422249,429176
2020-07-05,France,53022,1306,46711,17475271,430482
2020-07-06,France,57819,1424,50937,17533090,431906
2020-07-07,France,61714,1522,54369,17594804,433428
2020-07-08,France,56134,1389,49453,17650938,434817
2020-07-09,France,50237,1238,44257,17701175,436055
2020-07-10,France,59133,1457,52095,17760308,437512
2020-07-11,France,60246,1482,53075,17820554,438994
2020-07-12,France,53054,1303,46739,17873608,440297
2020-07-13,France,58351,1440,51406,17931959,441737
2020-07-14,France,59373,1461,52306,17991332,443198
2020-07-15,France,58076,1436,51164,18049408,444634
2020-07-16,France,56206,1386,49516,18105614,446020
2020-07-17,France,61743,1522,54394,18167357,447542
2020-07-18,France,57807,1425,50927,18225164,448967
2020-07-19,France,54839,1352,48312,18280003,450319
2020-07-20,France,53387,1314,47033,18333390,451633
2020-07-21,France,63499,1561,55941,18396889,453194
2020-07-22,France,61830,1522,54471,18458719,454716
2020-07-23,France,60494,1490,53294,18519213,456206
2020-07-24,France,59145,1456,52105,18578358,457662
2020-07-25,France,59118,1454,52082,18637476,459116
2020-07-26,France,57691,1419,50824,18695167,460535
2020-07-27,France,59895,1477,52766,18755062,462012
2020-07-28,France,54942,1355,48403,18810004,463367
2020-07-29,France,59427,1464,52354,18869431,464831
2020-07-30,France,60971,1503,53714,18930402,466334
2020-07-31,France,64062,1576,56437,18994464,467910
2020-08-01,France,62268,1532,54857,19056732,469442
2020-08-02,France,65103,1604,57354,19121835,471046
2020-08-03,France,67069,1650,59086,19188904,472696
2020-08-04,France,66376,1635,58476,19255280,474331
2020-08-05,France,64730,1592,57026,19320010,475923
2020-08-06,France,63475,1560,55920,19383485,477483
2020-08-07,France,60504,1492,53303,19443989,478975
2020-08-08,France,66166,1632,58291,19510155,480607
2020-08-09,France,69350,1707,61096,19579505,482314
2020-08-10,France,65235,1604,57470,19644740,483918
2020-08-11,France,70454,1731,62068,19715194,485649
2020-08-12,France,59515,1470,52431,19774709,487119
2020-08-13,France,60836,1499,53595,19835545,488618
2020-08-14,France,67451,1660,59423,19902996,490278
2020-08-15,France,65651,1616,57837,19968647,491894
2020-08-16,France,69157,1700,60926,20037804,493594
2020-08-17,France,64929,1601,57201,20102733,495195
2020-08-18,France,62230,1537,54823,20164963,496732
2020-08-19,France,64421,1585,56753,20229384,498317
2020-08-20,France,60171,1487,53009,20289555,499804
2020-08-21,France,61522,1515,54199,20351077,501319
2020-08-22,France,68399,1688,60258,20419476,503007
2020-08-23,France,68084,1678,59980,20487560,504685
2020-08-24,France,66417,1637,58512,20553977,506322
2020-08-25,France,59602,1472,52508,20613579,507794
2020-08-26,France,64016,1578,56397,20677595,509372
2020-08-27,France,61148,1507,53870,20738743,510879
2020-08-28,France,68909,1694,60707,20807652,512573
2020-08-29,France,63108,1551,55597,20870760,514124
2020-08-30,France,61392,1513,54085,20932152,515637
2020-08-31,France,64911,1602,57185,20997063,517239
2020-09-01,France,62626,1543,55172,21059689,518782
2020-09-02,France,69356,1707,61101,21129045,520489
2020-09-03,France,62051,1525,54665,21191096,522014
2020-09-04,France,59760,1470,52647,21250856,523484
2020-09-05,France,57181,1409,50375,21308037,524893
2020-09-06,France,63792,1570,56199,21371829,526463
2020-09-07,France,61895,1523,54528,21433724,527986
2020-09-08,France,58930,1451,51916,21492654,529437
2020-09-09,France,66992,1653,59018,21559646,531090
2020-09-10,France,65085,1605,57338,21624731,532695
2020-09-11,France,62632,1543,55177,21687363,534238
2020-09-12,France,66705,1643,58766,21754068,535881
2020-09-13,France,64213,1583,56570,21818281,537464
2020-09-14,France,59304,1461,52245,21877585,538925
2020-09-15,France,58333,1436,51390,21935918,540361
2020-09-16,France,63705,1571,56123,21999623,541932
2020-09-17,France,62063,1528,54676,22061686,543460
2020-09-18,France,61013,1500,53751,22122699,544960
2020-09-19,France,57584,1421,50730,22180283,546381
2020-09-20,France,61565,1513,54237,22241848,547894
2020-09-21,France,57111,1410,50313,22298959,549304
2020-09-22,France,58647,1446,51667,22357606,550750
2020-09-23,France,62767,1544,55296,22420373,552294
2020-09-24,France,56182,1384,49495,22476555,553678
2020-09-25,France,53126,1308,46803,22529681,554986
2020-09-26,France,54201,1337,47750,22583882,556323
2020-09-27,France,59575,1469,52484,22643457,557792
2020-09-28,France,57000,1405,50216,22700457,559197
2020-09-29,France,55443,1367,48844,22755900,560564
2020-09-30,France,53906,1328,47490,22809806,561892
2020-10-01,France,56148,1386,49465,22865954,563278
2020-10-02,France,52005,1283,45815,22917959,564561
2020-10-03,France,54621,1344,48120,22972580,565905
2020-10-04,France,51329,1266,45220,23023909,567171
2020-10-05,France,50381,1242,44384,23074290,568413
2020-10-06,France,50550,1245,44533,23124840,569658
2020-10-07,France,50704,1248,44669,23175544,570906
2020-10-08,France,51003,1259,44932,23226547,572165
2020-10-09,France,51172,1260,45081,23277719,573425
2020-10-10,France,40792,1005,35937,23318511,574430
2020-10-11,France,47461,1172,41812,23365972,575602
2020-10-12,France,47937,1186,42231,23413909,576788
2020-10-13,France,51964,1279,45779,23465873,578067
2020-10-14,France,45175,1112,39798,23511048,579179
2020-10-15,France,47566,1172,41904,23558614,580351
2020-10-16,France,50091,1234,44129,23608705,581585
2020-10-17,France,43006,1060,37887,23651711,582645
2020-10-18,France,46346,1140,40830,23698057,583785
2020-10-19,France,43071,1058,37944,23741128,584843
2020-10-20,France,43175,1067,38036,23784303,585910
2020-10-21,France,41958,1035,36964,23826261,586945
2020-10-22,France,41558,1023,36611,23867819,587968
2020-10-23,France,48356,1192,42600,23916175,589160
2020-10-24,France,43760,1081,38551,23959935,590241
2020-10-25,France,43697,1075,38496,24003632,591316
2020-10-26,France,41851,1031,36870,24045483,592347
2020-10-27,France,37043,909,32634,24082526,593256
2020-10-28,France,40503,997,35682,24123029,594253
2020-10-29,France,41263,1017,36352,24164292,595270
2020-10-30,France,36960,908,32561,24201252,596178
2020-10-31,France,39899,982,35150,24241151,597160
2020-11-01,France,38841,958,34218,24279992,598118
2020-11-02,France,40410,996,35600,24320402,599114
2020-11-03,France,35693,877,31444,24356095,599991
2020-11-04,France,33960,837,29918,24390055,600828
2020-11-05,France,34779,858,30639,24424834,601686
2020-11-06,France,37421,922,32967,24462255,602608
2020-11-07,France,31268,772,27546,24493523,603380
2020-11-08,France,30417,748,26796,24523940,604128
2020-11-09,France,33599,828,29600,24557539,604956
2020-11-10,France,32250,792,28411,24589789,605748
2020-11-11,France,32534,798,28661,24622323,606546
2020-11-12,France,33591,829,29593,24655914,607375
2020-11-13,France,30762,758,27100,24686676,608133
2020-11-14,France,28287,696,24920,24714963,608829
2020-11-15,France,33949,834,29908,24748912,609663
2020-11-16,France,28882,713,25444,24777794,610376
2020-11-17,France,28421,697,25038,24806215,611073
2020-11-18,France,31273,772,27551,24837488,611845
2020-11-19,France,28713,708,25295,24866201,612553
2020-11-20,France,28838,707,25405,24895039,613260
2020-11-21,France,29288,721,25802,24924327,613981
2020-11-22,France,29814,739,26265,24954141,614720
2020-11-23,France,27511,680,24236,24981652,615400
2020-11-24,France,29798,732,26251,25011450,616132
2020-11-25,France,24491,604,21576,25035941,616736
2020-11-26,France,28200,692,24843,25064141,617428
2020-11-27,France,25799,632,22728,25089940,618060
2020-11-28,France,28544,703,25146,25118484,618763
2020-11-29,France,26695,658,23517,25145179,619421
2020-11-30,France,25435,628,22407,25170614,620049
2020-12-01,France,27022,667,23805,25197636,620716
2020-12-02,France,27168,670,23934,25224804,621386
2020-12-03,France,26706,654,23527,25251510,622040
2020-12-04,France,24437,601,21528,25275947,622641
2020-12-05,France,25050,619,22068,25300997,623260
2020-12-06,France,25595,631,22548,25326592,623891
2020-12-07,France,25495,628,22460,25352087,624519
2020-12-08,France,26472,652,23321,25378559,625171
2020-12-09,France,22932,565,20202,25401491,625736
2020-12-10,France,25939,635,22851,25427430,626371
2020-12-11,France,25171,622,22175,25452601,626993
2020-12-12,France,24519,603,21600,25477120,627596
2020-12-13,France,24711,610,21769,25501831,628206
2020-12-14,France,25482,623,22449,25527313,628829
2020-12-15,France,21212,525,18687,25548525,629354
2020-12-16,France,25100,616,22112,25573625,629970
2020-12-17,France,25026,621,22047,25598651,630591
2020-12-18,France,27058,670,23837,25625709,631261
2020-12-19,France,25491,625,22457,25651200,631886
2020-12-20,France,26501,654,23346,25677701,632540
2020-12-21,France,29128,715,25661,25706829,633255
2020-12-22,France,28675,705,25262,25735504,633960
2020-12-23,France,28860,709,25425,25764364,634669
2020-12-24,France,27236,671,23994,25791600,635340
2020-12-25,France,29049,716,25591,25820649,636056
2020-12-26,France,28314,695,24944,25848963,636751
2020-12-27,France,28757,709,25334,25877720,637460
2020-12-28,France,30063,740,26485,25907783,638200
2020-12-29,France,29006,711,25553,25936789,638911
2020-12-30,France,32633,803,28749,25969422,639714
2020-12-31,France,30606,757,26963,26000028,640471
2021-01-01,France,32338,795,28489,26032366,641266
2021-01-02,France,34228,839,30154,26066594,642105
2021-01-03,France,34143,842,30079,26100737,642947
2021-01-04,France,30723,755,27066,26131460,643702
2021-01-05,France,34413,848,30317,26165873,644550
2021-01-06,France,35759,880,31503,26201632,645430
2021-01-07,France,36518,903,32171,26238150,646333
2021-01-08,France,33657,828,29651,26271807,647161
2021-01-09,France,35155,863,30970,26306962,648024
2021-01-10,France,38927,958,34294,26345889,648982
2021-01-11,France,36396,894,32064,26382285,649876
2021-01-12,France,38039,936,33511,26420324,650812
2021-01-13,France,42530,1051,37468,26462854,651863
2021-01-14,France,40154,991,35375,26503008,652854
2021-01-15,France,39607,979,34893,26542615,653833
2021-01-16,France,40133,989,35356,26582748,654822
2021-01-17,France,43587,1074,38399,26626335,655896
2021-01-18,France,40873,1005,36008,26667208,656901
2021-01-19,France,44184,1089,38925,26711392,657990
2021-01-20,France,46466,1144,40935,26757858,659134
2021-01-21,France,49727,1226,43808,26807585,660360
2021-01-22,France,49296,1212,43428,26856881,661572
2021-01-23,France,46994,1158,41400,26903875,662730
2021-01-24,France,52723,1295,46448,26956598,664025
2021-01-25,France,50101,1235,44138,27006699,665260
2021-01-26,France,48747,1202,42945,27055446,666462
2021-01-27,France,52618,1293,46355,27108064,667755
2021-01-28,France,58110,1429,51193,27166174,669184
2021-01-29,France,55824,1372,49180,27221998,670556
2021-01-30,France,56576,1393,49842,27278574,671949
2021-01-31,France,62462,1536,55028,27341036,673485
2021-02-01,France,54726,1351,48212,27395762,674836
2021-02-02,France,56306,1388,49604,27452068,676224
2021-02-03,France,56459,1392,49739,27508527,677616
2021-02-04,France,63855,1570,56255,27572382,679186
2021-02-05,France,64499,1591,56822,27636881,680777
2021-02-06,France,70298,1733,61931,27707179,682510
2021-02-07,France,67383,1658,59363,27774562,684168
2021-02-08,France,66525,1636,58607,27841087,685804
2021-02-09,France,69243,1705,61001,27910330,687509
2021-02-10,France,71005,1748,62554,27981335,689257
2021-02-11,France,65938,1623,58090,28047273,690880
2021-02-12,France,83271,2050,73360,28130544,692930
2021-02-13,France,76661,1890,67537,28207205,694820
2021-02-14,France,76916,1889,67761,28284121,696709
2021-02-15,France,79910,1971,70399,28364031,698680
2021-02-16,France,81743,2016,72014,28445774,700696
2021-02-17,France,79803,1966,70305,28525577,702662
2021-02-18,France,79218,1951,69789,28604795,704613
2021-02-19,France,85736,2114,75532,28690531,706727
2021-02-20,France,86319,2126,76045,28776850,708853
2021-02-21,France,82647,2035,72810,28859497,710888
2021-02-22,France,93807,2313,82642,28953304,713201
2021-02-23,France,90355,2230,79601,29043659,715431
2021-02-24,France,93813,2309,82647,29137472,717740
2021-02-25,France,98374,2424,86665,29235846,720164
2021-02-26,France,93536,2302,82403,29329382,722466
2021-02-27,France,96401,2376,84927,29425783,724842
2021-02-28,France,100261,2468,88328,29526044,727310
2021-03-01,France,94271,2325,83051,29620315,729635
2021-03-02,France,99541,2452,87694,29719856,732087
2021-03-03,France,101358,2497,89294,29821214,734584
2021-03-04,France,97288,2400,85709,29918502,736984
2021-03-05,France,115623,2847,101862,30034125,739831
2021-03-06,France,97656,2407,86033,30131781,742238
2021-03-07,France,99563,2451,87713,30231344,744689
2021-03-08,France,114985,2835,101299,30346329,747524
2021-03-09,France,113200,2792,99727,30459529,750316
2021-03-10,France,105019,2587,92520,30564548,752903
2021-03-11,France,115489,2841,101743,30680037,755744
2021-03-12,France,121786,2999,107291,30801823,758743
2021-03-13,France,114643,2829,100998,30916466,761572
2021-03-14,France,131258,3232,115636,31047724,764804
2021-03-15,France,107361,2648,94583,31155085,767452
2021-03-16,France,122925,3027,108294,31278010,770479
2021-03-17,France,127103,3130,111975,31405113,773609
2021-03-18,France,126784,3125,111694,31531897,776734
2021-03-19,France,121377,2992,106931,31653274,779726
2021-03-20,France,122067,3009,107539,31775341,782735
2021-03-21,France,127859,3150,112641,31903200,785885
2021-03-22,France,131424,3240,115782,32034624,789125
2021-03-23,France,131282,3236,115657,32165906,792361
2021-03-24,France,135275,3335,119175,32301181,795696
2021-03-25,France,123098,3031,108447,32424279,798727
2021-03-26,France,129311,3188,113920,32553590,801915
2021-03-27,France,125669,3095,110712,32679259,805010
2021-03-28,France,130342,3211,114829,32809601,808221
2021-03-29,France,140718,3466,123970,32950319,811687
2021-03-30,France,135629,3339,119486,33085948,815026
2021-03-31,France,153563,3780,135286,33239511,818806
2021-04-01,France,138097,3405,121661,33377608,822211
2021-04-02,France,138074,3400,121640,33515682,825611
2021-04-03,France,139256,3430,122682,33654938,829041
2021-04-04,France,134900,3322,118844,33789838,832363
2021-04-05,France,139730,3442,123099,33929568,835805
2021-04-06,France,148837,3666,131123,34078405,839471
2021-04-07,France,142419,3511,125468,34220824,842982
2021-04-08,France,136652,3365,120388,34357476,846347
2021-04-09,France,136335,3362,120108,34493811,849709
2021-04-10,France,140328,3459,123626,34634139,853168
2021-04-11,France,144669,3563,127451,34778808,856731
2021-04-12,France,153310,3778,135063,34932118,860509
2021-04-13,France,135443,3338,119323,35067561,863847
2021-04-14,France,143307,3532,126251,35210868,867379
2021-04-15,France,147112,3626,129603,35357980,871005
2021-04-16,France,133013,3277,117182,35490993,874282
2021-04-17,France,140666,3464,123924,35631659,877746
2021-04-18,France,142088,3502,125177,35773747,881248
2021-04-19,France,141487,3485,124647,35915234,884733
2021-04-20,France,148992,3665,131259,36064226,888398
2021-04-21,France,146572,3612,129127,36210798,892010
2021-04-22,France,143794,3541,126680,36354592,895551
2021-04-23,France,151169,3723,133177,36505761,899274
2021-04-24,France,160820,3962,141679,36666581,903236
2021-04-25,France,160220,3944,141151,36826801,907180
2021-04-26,France,133823,3297,117895,36960624,910477
2021-04-27,France,152267,3751,134144,37112891,914228
2021-04-28,France,146575,3609,129130,37259466,917837
2021-04-29,France,148894,3668,131173,37408360,921505
2021-04-30,France,144623,3560,127410,37552983,925065
2021-05-01,France,148202,3651,130563,37701185,928716
2021-05-02,France,148182,3652,130545,37849367,932368
2021-05-03,France,142513,3512,125551,37991880,935880
2021-05-04,France,139852,3447,123207,38131732,939327
2021-05-05,France,142752,3519,125762,38274484,942846
2021-05-06,France,147308,3629,129775,38421792,946475
2021-05-07,France,149485,3685,131693,38571277,950160
2021-05-08,France,150805,3715,132856,38722082,953875
2021-05-09,France,140531,3461,123805,38862613,957336
2021-05-10,France,145549,3585,128226,39008162,960921
2021-05-11,France,149773,3690,131947,39157935,964611
2021-05-12,France,150532,3711,132616,39308467,968322
2021-05-13,France,141134,3477,124336,39449601,971799
2021-05-14,France,139269,3430,122693,39588870,975229
2021-05-15,France,141402,3486,124572,39730272,978715
2021-05-16,France,131261,3231,115638,39861533,981946
2021-05-17,France,137098,3376,120781,39998631,985322
2021-05-18,France,142698,3517,125714,40141329,988839
2021-05-19,France,141068,3479,124278,40282397,992318
2021-05-20,France,133918,3300,117979,40416315,995618
2021-05-21,France,136262,3357,120044,40552577,998975
2021-05-22,France,128288,3160,113019,40680865,1002135
2021-05-23,France,137459,3388,121099,40818324,1005523
2021-05-24,France,131227,3233,115608,40949551,1008756
2021-05-25,France,128861,3173,113524,41078412,1011929
2021-05-26,France,127218,3134,112077,41205630,1015063
2021-05-27,France,128029,3152,112791,41333659,1018215
2021-05-28,France,124428,3065,109619,41458087,1021280
2021-05-29,France,130250,3209,114748,41588337,1024489
2021-05-30,France,122428,3019,107857,41710765,1027508
2021-05-31,France,133523,3288,117631,41844288,1030796
2021-06-01,France,131394,3237,115756,41975682,1034033
2021-06-02,France,115753,2854,101976,42091435,1036887
2021-06-03,France,120284,2967,105968,42211719,1039854
2021-06-04,France,114700,2827,101048,42326419,1042681
2021-06-05,France,115316,2840,101591,42441735,1045521
2021-06-06,France,127493,3140,112319,42569228,1048661
2021-06-07,France,112766,2774,99345,42681994,1051435
2021-06-08,France,115190,2836,101480,42797184,1054271
2021-06-09,France,114787,2828,101125,42911971,1057099
2021-06-10,France,104836,2582,92358,43016807,1059681
2021-06-11,France,104283,2570,91871,43121090,1062251
2021-06-12,France,101029,2488,89004,43222119,1064739
2021-06-13,France,101375,2496,89309,43323494,1067235
2021-06-14,France,89714,2211,79036,43413208,1069446
2021-06-15,France,105979,2616,93365,43519187,1072062
2021-06-16,France,112152,2762,98804,43631339,1074824
2021-06-17,France,100972,2488,88954,43732311,1077312
2021-06-18,France,91758,2262,80837,43824069,1079574
2021-06-19,France,94142,2318,82937,43918211,1081892
2021-06-20,France,93583,2308,82445,44011794,1084200
2021-06-21,France,89491,2201,78840,44101285,1086401
2021-06-22,France,96787,2383,85267,44198072,1088784
2021-06-23,France,94999,2340,83692,44293071,1091124
2021-06-24,France,84613,2085,74542,44377684,1093209
2021-06-25,France,91508,2250,80617,44469192,1095459
2021-06-26,France,93439,2305,82318,44562631,1097764
2021-06-27,France,93434,2303,82313,44656065,1100067
2021-06-28,France,95836,2363,84429,44751901,1102430
2021-06-29,France,78622,1940,69264,44830523,1104370
2021-06-30,France,92271,2272,81289,44922794,1106642
2021-07-01,France,77966,1916,68686,45000760,1108558
2021-07-02,France,75589,1864,66592,45076349,1110422
2021-07-03,France,77679,1913,68433,45154028,1112335
2021-07-04,France,72785,1791,64122,45226813,1114126
2021-07-05,France,74981,1848,66057,45301794,1115974
2021-07-06,France,67310,1663,59299,45369104,1117637
2021-07-07,France,69788,1719,61482,45438892,1119356
2021-07-08,France,73653,1816,64887,45512545,1121172
2021-07-09,France,67593,1663,59548,45580138,1122835
2021-07-10,France,66850,1643,58893,45646988,1124478
2021-07-11,France,66529,1641,58610,45713517,1126119
2021-07-12,France,67324,1659,59311,45780841,1127778
2021-07-13,France,57076,1405,50283,45837917,1129183
2021-07-14,France,62648,1547,55191,45900565,1130730
2021-07-15,France,58725,1443,51735,45959290,1132173
2021-07-16,France,58675,1443,51691,46017965,1133616
2021-07-17,France,59887,1474,52759,46077852,1135090
2021-07-18,France,52249,1286,46030,46130101,1136376
2021-07-19,France,51530,1272,45397,46181631,1137648
2021-07-20,France,47874,1179,42176,46229505,1138827
2021-07-21,France,50325,1239,44335,46279830,1140066
2021-07-22,France,53865,1324,47454,46333695,1141390
2021-07-23,France,48980,1209,43150,46382675,1142599
2021-07-24,France,44845,1102,39507,46427520,1143701
2021-07-25,France,45735,1124,40291,46473255,1144825
2021-07-26,France,42297,1041,37262,46515552,1145866
2021-07-27,France,42032,1035,37029,46557584,1146901
2021-07-28,France,44241,1088,38975,46601825,1147989
2021-07-29,France,39790,981,35054,46641615,1148970
2021-07-30,France,43457,1070,38284,46685072,1150040
2021-07-31,France,39934,986,35181,46725006,1151026
2021-08-01,France,39173,966,34510,46764179,1151992
2021-08-02,France,37425,925,32970,46801604,1152917
2021-08-03,France,38346,943,33782,46839950,1153860
2021-08-04,France,37309,920,32868,46877259,1154780
2021-08-05,France,35489,870,31265,46912748,1155650
2021-08-06,France,34883,865,30731,46947631,1156515
2021-08-07,France,32613,805,28731,46980244,1157320
2021-08-08,France,32888,809,28973,47013132,1158129
2021-08-09,France,30569,752,26930,47043701,1158881
2021-08-10,France,30192,743,26598,47073893,1159624
2021-08-11,France,28898,715,25458,47102791,1160339
2021-08-12,France,27780,686,24473,47130571,1161025
2021-08-13,France,26628,655,23458,47157199,1161680
2021-08-14,France,27371,671,24113,47184570,1162351
2021-08-15,France,27630,683,24341,47212200,1163034
2021-08-16,France,26604,657,23437,47238804,1163691
2021-08-17,France,22820,563,20104,47261624,1164254
2021-08-18,France,25111,618,22122,47286735,1164872
2021-08-19,France,22481,553,19805,47309216,1165425
2021-08-20,France,22782,564,20070,47331998,1165989
2021-08-21,France,20436,507,18003,47352434,1166496
2021-08-22,France,20861,515,18378,47373295,1167011
2021-08-23,France,20352,503,17929,47393647,1167514
2021-08-24,France,17938,442,15803,47411585,1167956
2021-08-25,France,19305,472,17007,47430890,1168428
2021-08-26,France,19328,474,17027,47450218,1168902
2021-08-27,France,17344,429,15279,47467562,1169331
2021-08-28,France,18053,447,15904,47485615,1169778
2021-08-29,France,16168,400,14243,47501783,1170178
2021-08-30,France,16430,405,14474,47518213,1170583
2021-08-31,France,13522,335,11912,47531735,1170918
2021-09-01,France,16455,405,14496,47548190,1171323
2021-09-02,France,15219,376,13407,47563409,1171699
2021-09-03,France,13460,331,11858,47576869,1172030
2021-09-04,France,11865,290,10452,47588734,1172320
2021-09-05,France,12873,318,11340,47601607,1172638
2021-09-06,France,11343,282,9993,47612950,1172920
2021-09-07,France,12042,301,10608,47624992,1173221
2021-09-08,France,11578,285,10200,47636570,1173506
2021-09-09,France,10407,254,9168,47646977,1173760
2021-09-10,France,11103,272,9781,47658080,1174032
2021-09-11,France,10524,259,9271,47668604,1174291
2021-09-12,France,10207,251,8992,47678811,1174542
2021-09-13,France,9363,231,8248,47688174,1174773
2021-09-14,France,8360,206,7365,47696534,1174979
2021-09-15,France,9073,225,7993,47705607,1175204
2021-09-16,France,8198,202,7222,47713805,1175406
2021-09-17,France,7428,178,6543,47721233,1175584
2021-09-18,France,8187,202,7212,47729420,1175786
2021-09-19,France,8137,200,7168,47737557,1175986
2021-09-20,France,7052,174,6212,47744609,1176160
2021-09-21,France,7515,184,6620,47752124,1176344
2021-09-22,France,6535,161,5757,47758659,1176505
2021-09-23,France,6119,151,5390,47764778,1176656
2021-09-24,France,5792,142,5102,47770570,1176798
2021-09-25,France,6204,154,5465,47776774,1176952
2021-09-26,France,5279,130,4650,47782053,1177082
2021-09-27,France,5457,134,4807,47787510,1177216
2021-09-28,France,4899,114,4315,47792409,1177330
2021-09-29,France,4715,113,4153,47797124,1177443
2021-09-30,France,4859,117,4280,47801983,1177560
2021-10-01,France,4336,107,3819,47806319,1177667
2021-10-02,France,4143,104,3649,47810462,1177771
2021-10-03,France,4275,105,3766,47814737,1177876
2021-10-04,France,4178,104,3680,47818915,1177980
2021-10-05,France,3816,95,3361,47822731,1178075
2021-10-06,France,3416,84,3009,47826147,1178159
2021-10-07,France,3288,82,2896,47829435,1178241
2021-10-08,France,3236,80,2850,47832671,1178321
2021-10-09,France,3127,76,2754,47835798,1178397
2021-10-10,France,2791,69,2458,47838589,1178466
2021-10-11,France,2905,74,2559,47841494,1178540
2021-10-12,France,2685,67,2365,47844179,1178607
2021-10-13,France,2330,57,2052,47846509,1178664
2021-10-14,France,2318,55,2042,47848827,1178719
2021-10-15,France,2259,58,1990,47851086,1178777
2021-10-16,France,2201,51,1939,47853287,1178828
2021-10-17,France,2305,53,2030,47855592,1178881
2021-10-18,France,2028,50,1786,47857620,1178931
2021-10-19,France,1827,43,1609,47859447,1178974
2021-10-20,France,1837,47,1618,47861284,1179021
2021-10-21,France,1698,38,1495,47862982,1179059
2021-10-22,France,1671,43,1472,47864653,1179102
2021-10-23,France,1610,41,1418,47866263,1179143
2021-10-24,France,1578,39,1390,47867841,1179182
2021-10-25,France,1412,30,1243,47869253,1179212
2021-10-26,France,1455,32,1281,47870708,1179244
2021-10-27,France,1335,33,1176,47872043,1179277
2021-10-28,France,1168,28,1028,47873211,1179305
2021-10-29,France,1280,32,1127,47874491,1179337
2021-10-30,France,1110,27,977,47875601,1179364
2021-10-31,France,992,24,873,47876593,1179388
2021-11-01,France,1066,21,939,47877659,1179409
2021-11-02,France,1032,27,909,47878691,1179436
2021-11-03,France,883,20,777,47879574,1179456
2021-11-04,France,817,19,719,47880391,1179475
2021-11-05,France,787,17,693,47881178,1179492
2021-11-06,France,780,16,687,47881958,1179508
2021-11-07,France,760,21,669,47882718,1179529
2021-11-08,France,695,18,612,47883413,1179547
2021-11-09,France,642,17,565,47884055,1179564
2021-11-10,France,651,15,573,47884706,1179579
2021-11-11,France,563,10,495,47885269,1179589
2021-11-12,France,570,18,502,47885839,1179607
2021-11-13,France,504,13,444,47886343,1179620
2021-11-14,France,494,12,435,47886837,1179632
2021-11-15,France,454,10,399,47887291,1179642
2021-11-16,France,430,6,378,47887721,1179648
2021-11-17,France,400,12,352,47888121,1179660
2021-11-18,France,412,8,362,47888533,1179668
2021-11-19,France,349,9,307,47888882,1179677
2021-11-20,France,329,9,289,47889211,1179686
2021-11-21,France,360,9,317,47889571,1179695
2021-11-22,France,321,8,282,47889892,1179703
2021-11-23,France,251,8,221,47890143,1179711
2021-11-24,France,263,4,231,47890406,1179715
2021-11-25,France,230,5,202,47890636,1179720
2021-11-26,France,228,5,200,47890864,1179725
2021-11-27,France,188,0,165,47891052,1179725
2021-11-28,France,212,5,186,47891264,1179730
2021-11-29,France,188,7,165,47891452,1179737
2021-11-30,France,190,7,167,47891642,1179744
2021-12-01,France,162,7,142,47891804,1179751
2021-12-02,France,168,0,148,47891972,1179751
2021-12-03,France,153,7,134,47892125,1179758
2021-12-04,France,160,4,140,47892285,1179762
2021-12-05,France,150,6,132,47892435,1179768
2021-12-06,France,136,2,119,47892571,1179770
2021-12-07,France,120,1,105,47892691,1179771
2021-12-08,France,128,0,112,47892819,1179771
2021-12-09,France,98,3,86,47892917,1179774
2021-12-10,France,93,3,81,47893010,1179777
2021-12-11,France,94,0,82,47893104,1179777
2021-12-12,France,101,0,88,47893205,1179777
2021-12-13,France,82,2,72,47893287,1179779
2021-12-14,France,77,2,67,47893364,1179781
2021-12-15,France,66,0,58,47893430,1179781
2021-12-16,France,73,0,64,47893503,1179781
2021-12-17,France,68,2,59,47893571,1179783
2021-12-18,France,63,5,55,47893634,1179788
2021-12-19,France,54,0,47,47893688,1179788
2021-12-20,France,50,0,44,47893738,1179788
2021-12-21,France,45,1,39,47893783,1179789
2021-12-22,France,46,2,40,47893829,1179791
2021-12-23,France,40,0,35,47893869,1179791
2021-12-24,France,37,4,32,47893906,1179795
2021-12-25,France,36,2,31,47893942,1179797
2021-12-26,France,34,0,29,47893976,1179797
2021-12-27,France,31,0,27,47894007,1179797
2021-12-28,France,32,3,28,47894039,1179800
2021-12-29,France,29,3,25,47894068,1179803
2021-12-30,France,26,0,22,47894094,1179803
2020-01-01,Italy,76197,1225,68151,76197,1225
2020-01-02,Italy,77991,1257,69756,154188,2482
2020-01-03,Italy,78367,1262,70092,232555,3744
2020-01-04,Italy,70203,1131,62790,302758,4875
2020-01-05,Italy,75864,1220,67853,378622,6095
2020-01-06,Italy,80416,1291,71925,459038,7386
2020-01-07,Italy,83757,1348,74913,542795,8734
2020-01-08,Italy,86175,1387,77076,628970,10121
2020-01-09,Italy,84818,1363,75862,713788,11484
2020-01-10,Italy,86838,1400,77669,800626,12884
2020-01-11,Italy,87001,1400,77814,887627,14284
2020-01-12,Italy,90845,1461,81253,978472,15745
2020-01-13,Italy,90419,1457,80872,1068891,17202
2020-01-14,Italy,90507,1458,80950,1159398,18660
2020-01-15,Italy,90158,1450,80638,1249556,20110
2020-01-16,Italy,92925,1498,83113,1342481,21608
2020-01-17,Italy,95973,1549,85839,1438454,23157
2020-01-18,Italy,96111,1545,85963,1534565,24702
2020-01-19,Italy,97799,1574,87472,1632364,26276
2020-01-20,Italy,103605,1669,92665,1735969,27945
2020-01-21,Italy,99489,1606,88984,1835458,29551
2020-01-22,Italy,96050,1545,85908,1931508,31096
2020-01-23,Italy,104776,1685,93713,2036284,32781
2020-01-24,Italy,94468,1519,84493,2130752,34300
2020-01-25,Italy,96892,1562,86661,2227644,35862
2020-01-26,Italy,105188,1692,94081,2332832,37554
2020-01-27,Italy,107147,1723,95833,2439979,39277
2020-01-28,Italy,98865,1592,88426,2538844,40869
2020-01-29,Italy,104353,1681,93334,2643197,42550
2020-01-30,Italy,104075,1678,93086,2747272,44228
2020-01-31,Italy,105611,1700,94460,2852883,45928
2020-02-01,Italy,114291,1840,102223,2967174,47768
2020-02-02,Italy,113900,1833,101873,3081074,49601
2020-02-03,Italy,110756,1780,99061,3191830,51381
2020-02-04,Italy,108637,1748,97166,3300467,53129
2020-02-05,Italy,104893,1689,93817,3405360,54818
2020-02-06,Italy,121303,1952,108495,3526663,56770
2020-02-07,Italy,117383,1887,104989,3644046,58657
2020-02-08,Italy,110674,1779,98988,3754720,60436
2020-02-09,Italy,119577,1925,106951,3874297,62361
2020-02-10,Italy,115682,1864,103467,3989979,64225
2020-02-11,Italy,115052,1856,102904,4105031,66081
2020-02-12,Italy,119891,1930,107232,4224922,68011
2020-02-13,Italy,113546,1826,101557,4338468,69837
2020-02-14,Italy,116433,1874,104139,4454901,71711
2020-02-15,Italy,119713,1925,107073,4574614,73636
2020-02-16,Italy,116496,1877,104195,4691110,75513
2020-02-17,Italy,123953,2000,110865,4815063,77513
2020-02-18,Italy,131620,2118,117722,4946683,79631
2020-02-19,Italy,116211,1868,103940,5062894,81499
2020-02-20,Italy,111045,1790,99320,5173939,83289
2020-02-21,Italy,109306,1760,97764,5283245,85049
2020-02-22,Italy,120850,1946,108089,5404095,86995
2020-02-23,Italy,117988,1903,105530,5522083,88898
2020-02-24,Italy,123542,1986,110497,5645625,90884
2020-02-25,Italy,123287,1982,110269,5768912,92866
2020-02-26,Italy,112812,1816,100900,5881724,94682
2020-02-27,Italy,111639,1797,99851,5993363,96479
2020-02-28,Italy,124706,2007,111538,6118069,98486
2020-02-29,Italy,123791,1998,110720,6241860,100484
2020-03-01,Italy,120378,1937,107667,6362238,102421
2020-03-02,Italy,112809,1815,100897,6475047,104236
2020-03-03,Italy,125873,2027,112582,6600920,106263
2020-03-04,Italy,130732,2107,116928,6731652,108370
2020-03-05,Italy,124527,2003,111378,6856179,110373
2020-03-06,Italy,117494,1891,105088,6973673,112264
2020-03-07,Italy,122808,1979,109841,7096481,114243
2020-03-08,Italy,113986,1837,101950,7210467,116080
2020-03-09,Italy,128582,2070,115005,7339049,118150
2020-03-10,Italy,122364,1975,109444,7461413,120125
2020-03-11,Italy,110829,1788,99127,7572242,121913
2020-03-12,Italy,119438,1920,106827,7691680,123833
2020-03-13,Italy,123714,1988,110651,7815394,125821
2020-03-14,Italy,118525,1910,106010,7933919,127731
2020-03-15,Italy,118466,1910,105957,8052385,129641
2020-03-16,Italy,112356,1808,100492,8164741,131449
2020-03-17,Italy,122593,1973,109648,8287334,133422
2020-03-18,Italy,114868,1848,102739,8402202,135270
2020-03-19,Italy,105446,1695,94312,8507648,136965
2020-03-20,Italy,115454,1861,103263,8623102,138826
2020-03-21,Italy,122801,1976,109834,8745903,140802
2020-03-22,Italy,114197,1839,102139,8860100,142641
2020-03-23,Italy,125882,2023,112590,8985982,144664
2020-03-24,Italy,117627,1896,105207,9103609,146560
2020-03-25,Italy,116412,1875,104120,9220021,148435
2020-03-26,Italy,113034,1817,101099,9333055,150252
2020-03-27,Italy,112646,1814,100752,9445701,152066
2020-03-28,Italy,110798,1784,99099,9556499,153850
2020-03-29,Italy,109815,1767,98220,9666314,155617
2020-03-30,Italy,113640,1824,101641,9779954,157441
2020-03-31,Italy,104740,1685,93680,9884694,159126
2020-04-01,Italy,103176,1662,92282,9987870,160788
2020-04-02,Italy,102107,1643,91325,10089977,162431
2020-04-03,Italy,118284,1904,105794,10208261,164335
2020-04-04,Italy,109234,1761,97700,10317495,166096
2020-04-05,Italy,107106,1724,95797,10424601,167820
2020-04-06,Italy,99041,1590,88583,10523642,169410
2020-04-07,Italy,106859,1720,95576,10630501,171130
2020-04-08,Italy,102072,1643,91294,10732573,172773
2020-04-09,Italy,102789,1653,91935,10835362,174426
2020-04-10,Italy,95796,1544,85681,10931158,175970
2020-04-11,Italy,100519,1615,89905,11031677,177585
2020-04-12,Italy,96620,1555,86418,11128297,179140
2020-04-13,Italy,93954,1509,84033,11222251,180649
2020-04-14,Italy,100217,1613,89635,11322468,182262
2020-04-15,Italy,88278,1422,78957,11410746,183684
2020-04-16,Italy,97261,1565,86991,11508007,185249
2020-04-17,Italy,96741,1557,86526,11604748,186806
2020-04-18,Italy,88414,1423,79078,11693162,188229
2020-04-19,Italy,87671,1411,78414,11780833,189640
2020-04-20,Italy,89348,1440,79914,11870181,191080
2020-04-21,Italy,90546,1459,80985,11960727,192539
2020-04-22,Italy,87540,1412,78297,12048267,193951
2020-04-23,Italy,89031,1433,79630,12137298,195384
2020-04-24,Italy,93655,1504,83766,12230953,196888
2020-04-25,Italy,82833,1335,74087,12313786,198223
2020-04-26,Italy,76719,1238,68618,12390505,199461
2020-04-27,Italy,86266,1394,77157,12476771,200855
2020-04-28,Italy,88657,1430,79296,12565428,202285
2020-04-29,Italy,82291,1324,73602,12647719,203609
2020-04-30,Italy,75308,1213,67356,12723027,204822
2020-05-01,Italy,78094,1257,69848,12801121,206079
2020-05-02,Italy,73190,1177,65462,12874311,207256
2020-05-03,Italy,78937,1270,70602,12953248,208526
2020-05-04,Italy,70337,1135,62910,13023585,209661
2020-05-05,Italy,73284,1176,65546,13096869,210837
2020-05-06,Italy,69688,1120,62329,13166557,211957
2020-05-07,Italy,72814,1174,65125,13239371,213131
2020-05-08,Italy,70038,1130,62642,13309409,214261
2020-05-09,Italy,70968,1141,63474,13380377,215402
2020-05-10,Italy,69435,1121,62103,13449812,216523
2020-05-11,Italy,65005,1048,58141,13514817,217571
2020-05-12,Italy,69526,1119,62185,13584343,218690
2020-05-13,Italy,66296,1062,59296,13650639,219752
2020-05-14,Italy,62277,999,55701,13712916,220751
2020-05-15,Italy,71827,1155,64243,13784743,221906
2020-05-16,Italy,65190,1051,58306,13849933,222957
2020-05-17,Italy,62291,1004,55713,13912224,223961
2020-05-18,Italy,66267,1066,59270,13978491,225027
2020-05-19,Italy,66635,1072,59599,14045126,226099
2020-05-20,Italy,59721,961,53415,14104847,227060
2020-05-21,Italy,60349,971,53977,14165196,228031
2020-05-22,Italy,55603,895,49732,14220799,228926
2020-05-23,Italy,57261,922,51215,14278060,229848
2020-05-24,Italy,56328,903,50380,14334388,230751
2020-05-25,Italy,56640,911,50659,14391028,231662
2020-05-26,Italy,56285,906,50342,14447313,232568
2020-05-27,Italy,56154,906,50224,14503467,233474
2020-05-28,Italy,54543,876,48784,14558010,234350
2020-05-29,Italy,49977,805,44700,14607987,235155
2020-05-30,Italy,50048,807,44763,14658035,235962
2020-05-31,Italy,50429,811,45104,14708464,236773
2020-06-01,Italy,50474,809,45144,14758938,237582
2020-06-02,Italy,53223,859,47603,14812161,238441
2020-06-03,Italy,47048,759,42080,14859209,239200
2020-06-04,Italy,48478,781,43359,14907687,239981
2020-06-05,Italy,51111,823,45714,14958798,240804
2020-06-06,Italy,47506,761,42490,15006304,241565
2020-06-07,Italy,48790,787,43638,15055094,242352
2020-06-08,Italy,46843,757,41897,15101937,243109
2020-06-09,Italy,47272,758,42280,15149209,243867
2020-06-10,Italy,45663,737,40841,15194872,244604
2020-06-11,Italy,47254,763,42264,15242126,245367
2020-06-12,Italy,41783,670,37371,15283909,246037
2020-06-13,Italy,44041,708,39390,15327950,246745
2020-06-14,Italy,45108,723,40345,15373058,247468
2020-06-15,Italy,45234,728,40457,15418292,248196
2020-06-16,Italy,46948,756,41990,15465240,248952
2020-06-17,Italy,42483,681,37997,15507723,249633
2020-06-18,Italy,46175,744,41299,15553898,250377
2020-06-19,Italy,41266,665,36908,15595164,251042
2020-06-20,Italy,45186,728,40415,15640350,251770
2020-06-21,Italy,43804,706,39178,15684154,252476
2020-06-22,Italy,39902,640,35688,15724056,253116
2020-06-23,Italy,42198,679,37742,15766254,253795
2020-06-24,Italy,41215,664,36863,15807469,254459
2020-06-25,Italy,42385,685,37909,15849854,255144
2020-06-26,Italy,40434,651,36164,15890288,255795
2020-06-27,Italy,40073,646,35841,15930361,256441
2020-06-28,Italy,43296,695,38724,15973657,257136
2020-06-29,Italy,40158,644,35917,16013815,257780
2020-06-30,Italy,41870,671,37449,16055685,258451
2020-07-01,Italy,39619,637,35435,16095304,259088
2020-07-02,Italy,43278,701,38708,16138582,259789
2020-07-03,Italy,38485,618,34421,16177067,260407
2020-07-04,Italy,38518,620,34451,16215585,261027
2020-07-05,Italy,42676,688,38170,16258261,261715
2020-07-06,Italy,38696,620,34610,16296957,262335
2020-07-07,Italy,42677,686,38170,16339634,263021
2020-07-08,Italy,41219,664,36866,16380853,263685
2020-07-09,Italy,39111,630,34981,16419964,264315
2020-07-10,Italy,35809,572,32028,16455773,264887
2020-07-11,Italy,39319,634,35167,16495092,265521
2020-07-12,Italy,39541,635,35366,16534633,266156
2020-07-13,Italy,41631,669,37235,16576264,266825
2020-07-14,Italy,42460,684,37976,16618724,267509
2020-07-15,Italy,37994,614,33982,16656718,268123
2020-07-16,Italy,40934,658,36611,16697652,268781
2020-07-17,Italy,40886,660,36569,16738538,269441
2020-07-18,Italy,41521,665,37136,16780059,270106
2020-07-19,Italy,40422,651,36154,16820481,270757
2020-07-20,Italy,35640,572,31876,16856121,271329
2020-07-21,Italy,39212,631,35071,16895333,271960
2020-07-22,Italy,37278,599,33341,16932611,272559
2020-07-23,Italy,39215,628,35074,16971826,273187
2020-07-24,Italy,41615,668,37221,17013441,273855
2020-07-25,Italy,40333,646,36074,17053774,274501
2020-07-26,Italy,42071,674,37628,17095845,275175
2020-07-27,Italy,40528,653,36248,17136373,275828
2020-07-28,Italy,37317,600,33376,17173690,276428
2020-07-29,Italy,34932,562,31243,17208622,276990
2020-07-30,Italy,40335,653,36076,17248957,277643
2020-07-31,Italy,39673,638,35484,17288630,278281
2020-08-01,Italy,38203,616,34169,17326833,278897
2020-08-02,Italy,36808,592,32921,17363641,279489
2020-08-03,Italy,38812,630,34714,17402453,280119
2020-08-04,Italy,39962,637,35742,17442415,280756
2020-08-05,Italy,41760,671,37350,17484175,281427
2020-08-06,Italy,40854,659,36540,17525029,282086
2020-08-07,Italy,43787,703,39163,17568816,282789
2020-08-08,Italy,38477,620,34414,17607293,283409
2020-08-09,Italy,42419,682,37940,17649712,284091
2020-08-10,Italy,40770,658,36465,17690482,284749
2020-08-11,Italy,42131,676,37682,17732613,285425
2020-08-12,Italy,39863,642,35654,17772476,286067
2020-08-13,Italy,42973,692,38435,17815449,286759
2020-08-14,Italy,41418,667,37044,17856867,287426
2020-08-15,Italy,39450,635,35284,17896317,288061
2020-08-16,Italy,40832,659,36520,17937149,288720
2020-08-17,Italy,40379,646,36115,17977528,289366
2020-08-18,Italy,41875,674,37453,18019403,290040
2020-08-19,Italy,38463,616,34401,18057866,290656
2020-08-20,Italy,40810,658,36501,18098676,291314
2020-08-21,Italy,41666,669,37266,18140342,291983
2020-08-22,Italy,40906,653,36586,18181248,292636
2020-08-23,Italy,43563,703,38963,18224811,293339
2020-08-24,Italy,42359,681,37886,18267170,294020
2020-08-25,Italy,40725,656,36425,18307895,294676
2020-08-26,Italy,41133,665,36789,18349028,295341
2020-08-27,Italy,41238,664,36883,18390266,296005
2020-08-28,Italy,41393,666,37022,18431659,296671
2020-08-29,Italy,36805,592,32918,18468464,297263
2020-08-30,Italy,39816,638,35612,18508280,297901
2020-08-31,Italy,37344,600,33401,18545624,298501
2020-09-01,Italy,42819,693,38297,18588443,299194
2020-09-02,Italy,40020,643,35794,18628463,299837
2020-09-03,Italy,39645,638,35459,18668108,300475
2020-09-04,Italy,41704,674,37300,18709812,301149
2020-09-05,Italy,40627,651,36337,18750439,301800
2020-09-06,Italy,37412,603,33461,18787851,302403
2020-09-07,Italy,39367,630,35210,18827218,303033
2020-09-08,Italy,38696,623,34610,18865914,303656
2020-09-09,Italy,35775,576,31997,18901689,304232
2020-09-10,Italy,37680,607,33701,18939369,304839
2020-09-11,Italy,38495,617,34430,18977864,305456
2020-09-12,Italy,38445,618,34385,19016309,306074
2020-09-13,Italy,35622,574,31860,19051931,306648
2020-09-14,Italy,40480,650,36205,19092411,307298
2020-09-15,Italy,37872,611,33873,19130283,307909
2020-09-16,Italy,37922,611,33917,19168205,308520
2020-09-17,Italy,38381,617,34328,19206586,309137
2020-09-18,Italy,35922,577,32129,19242508,309714
2020-09-19,Italy,38006,612,33993,19280514,310326
2020-09-20,Italy,36234,583,32408,19316748,310909
2020-09-21,Italy,35014,565,31317,19351762,311474
2020-09-22,Italy,37443,602,33489,19389205,312076
2020-09-23,Italy,38828,624,34728,19428033,312700
2020-09-24,Italy,37159,600,33235,19465192,313300
2020-09-25,Italy,37221,598,33290,19502413,313898
2020-09-26,Italy,34373,552,30743,19536786,314450
2020-09-27,Italy,32202,513,28801,19568988,314963
2020-09-28,Italy,37289,598,33351,19606277,315561
2020-09-29,Italy,37933,609,33927,19644210,316170
2020-09-30,Italy,36720,590,32842,19680930,316760
2020-10-01,Italy,33206,533,29699,19714136,317293
2020-10-02,Italy,31521,509,28192,19745657,317802
2020-10-03,Italy,31363,503,28051,19777020,318305
2020-10-04,Italy,30037,482,26865,19807057,318787
2020-10-05,Italy,32292,520,28882,19839349,319307
2020-10-06,Italy,34710,556,31045,19874059,319863
2020-10-07,Italy,31562,511,28229,19905621,320374
2020-10-08,Italy,31918,515,28547,19937539,320889
2020-10-09,Italy,33234,532,29724,19970773,321421
2020-10-10,Italy,30121,487,26940,20000894,321908
2020-10-11,Italy,33483,541,29947,20034377,322449
2020-10-12,Italy,33024,529,29537,20067401,322978
2020-10-13,Italy,29477,472,26364,20096878,323450
2020-10-14,Italy,28464,457,25458,20125342,323907
2020-10-15,Italy,29958,479,26794,20155300,324386
2020-10-16,Italy,28086,450,25120,20183386,324836
2020-10-17,Italy,26585,427,23778,20209971,325263
2020-10-18,Italy,29636,478,26506,20239607,325741
2020-10-19,Italy,29156,469,26077,20268763,326210
2020-10-20,Italy,27327,439,24441,20296090,326649
2020-10-21,Italy,25058,402,22412,20321148,327051
2020-10-22,Italy,24758,396,22143,20345906,327447
2020-10-23,Italy,26153,422,23391,20372059,327869
2020-10-24,Italy,25005,403,22364,20397064,328272
2020-10-25,Italy,24850,398,22226,20421914,328670
2020-10-26,Italy,26192,419,23426,20448106,329089
2020-10-27,Italy,25456,413,22768,20473562,329502
2020-10-28,Italy,25863,416,23132,20499425,329918
2020-10-29,Italy,22654,365,20262,20522079,330283
2020-10-30,Italy,23076,372,20639,20545155,330655
2020-10-31,Italy,24004,384,21469,20569159,331039
2020-11-01,Italy,23285,377,20826,20592444,331416
2020-11-02,Italy,24147,388,21597,20616591,331804
2020-11-03,Italy,22547,364,20166,20639138,332168
2020-11-04,Italy,23753,385,21245,20662891,332553
2020-11-05,Italy,21984,354,19662,20684875,332907
2020-11-06,Italy,22193,355,19849,20707068,333262
2020-11-07,Italy,20409,323,18254,20727477,333585
2020-11-08,Italy,20437,329,18279,20747914,333914
2020-11-09,Italy,21020,338,18800,20768934,334252
2020-11-10,Italy,21388,343,19129,20790322,334595
2020-11-11,Italy,20194,325,18061,20810516,334920
2020-11-12,Italy,19101,308,17084,20829617,335228
2020-11-13,Italy,20187,327,18055,20849804,335555
2020-11-14,Italy,16554,266,14806,20866358,335821
2020-11-15,Italy,17007,273,15211,20883365,336094
2020-11-16,Italy,18649,299,16679,20902014,336393
2020-11-17,Italy,17776,286,15899,20919790,336679
2020-11-18,Italy,18030,289,16126,20937820,336968
2020-11-19,Italy,17299,277,15472,20955119,337245
2020-11-20,Italy,17481,280,15635,20972600,337525
2020-11-21,Italy,16071,259,14374,20988671,337784
2020-11-22,Italy,16992,271,15197,21005663,338055
2020-11-23,Italy,17106,274,15299,21022769,338329
2020-11-24,Italy,17060,278,15258,21039829,338607
2020-11-25,Italy,17469,283,15624,21057298,338890
2020-11-26,Italy,15860,253,14185,21073158,339143
2020-11-27,Italy,15690,254,14033,21088848,339397
2020-11-28,Italy,14128,228,12636,21102976,339625
2020-11-29,Italy,14719,236,13164,21117695,339861
2020-11-30,Italy,14812,237,13248,21132507,340098
2020-12-01,Italy,15580,249,13934,21148087,340347
2020-12-02,Italy,14208,229,12707,21162295,340576
2020-12-03,Italy,15100,241,13505,21177395,340817
2020-12-04,Italy,14394,233,12874,21191789,341050
2020-12-05,Italy,14153,230,12658,21205942,341280
2020-12-06,Italy,14350,230,12834,21220292,341510
2020-12-07,Italy,13803,224,12345,21234095,341734
2020-12-08,Italy,13693,219,12247,21247788,341953
2020-12-09,Italy,12731,203,11386,21260519,342156
2020-12-10,Italy,13683,222,12238,21274202,342378
2020-12-11,Italy,13470,220,12047,21287672,342598
2020-12-12,Italy,13404,219,11988,21301076,342817
2020-12-13,Italy,14015,226,12535,21315091,343043
2020-12-14,Italy,14161,229,12665,21329252,343272
2020-12-15,Italy,13859,223,12395,21343111,343495
2020-12-16,Italy,14385,234,12866,21357496,343729
2020-12-17,Italy,14111,228,12621,21371607,343957
2020-12-18,Italy,13538,219,12108,21385145,344176
2020-12-19,Italy,13458,214,12037,21398603,344390
2020-12-20,Italy,14043,225,12560,21412646,344615
2020-12-21,Italy,14285,231,12776,21426931,344846
2020-12-22,Italy,14935,241,13358,21441866,345087
2020-12-23,Italy,14879,241,13307,21456745,345328
2020-12-24,Italy,13753,221,12300,21470498,345549
2020-12-25,Italy,14171,226,12674,21484669,345775
2020-12-26,Italy,14845,238,13277,21499514,346013
2020-12-27,Italy,15269,245,13656,21514783,346258
2020-12-28,Italy,15325,247,13706,21530108,346505
2020-12-29,Italy,14745,235,13188,21544853,346740
2020-12-30,Italy,14020,225,12539,21558873,346965
2020-12-31,Italy,14382,231,12863,21573255,347196
2021-01-01,Italy,15539,245,13898,21588794,347441
2021-01-02,Italy,15800,256,14131,21604594,347697
2021-01-03,Italy,14883,239,13311,21619477,347936
2021-01-04,Italy,16012,258,14321,21635489,348194
2021-01-05,Italy,16729,268,14962,21652218,348462
2021-01-06,Italy,15519,251,13880,21667737,348713
2021-01-07,Italy,17657,282,15792,21685394,348995
2021-01-08,Italy,16685,267,14923,21702079,349262
2021-01-09,Italy,18383,297,16442,21720462,349559
2021-01-10,Italy,17124,276,15315,21737586,349835
2021-01-11,Italy,16985,270,15191,21754571,350105
2021-01-12,Italy,17810,289,15929,21772381,350394
2021-01-13,Italy,18474,295,16523,21790855,350689
2021-01-14,Italy,18541,298,16583,21809396,350987
2021-01-15,Italy,19058,310,17045,21828454,351297
2021-01-16,Italy,19964,317,17856,21848418,351614
2021-01-17,Italy,19845,316,17749,21868263,351930
2021-01-18,Italy,20340,328,18192,21888603,352258
2021-01-19,Italy,19030,301,17020,21907633,352559
2021-01-20,Italy,21640,344,19355,21929273,352903
2021-01-21,Italy,21552,349,19276,21950825,353252
2021-01-22,Italy,23864,383,21344,21974689,353635
2021-01-23,Italy,21471,350,19203,21996160,353985
2021-01-24,Italy,20906,334,18698,22017066,354319
2021-01-25,Italy,24178,388,21625,22041244,354707
2021-01-26,Italy,24344,393,21773,22065588,355100
2021-01-27,Italy,23184,374,20736,22088772,355474
2021-01-28,Italy,23005,369,20576,22111777,355843
2021-01-29,Italy,27373,439,24482,22139150,356282
2021-01-30,Italy,27767,447,24835,22166917,356729
2021-01-31,Italy,23163,375,20717,22190080,357104
2021-02-01,Italy,26370,426,23585,22216450,357530
2021-02-02,Italy,29823,478,26674,22246273,358008
2021-02-03,Italy,27411,439,24516,22273684,358447
2021-02-04,Italy,27935,448,24985,22301619,358895
2021-02-05,Italy,28790,461,25750,22330409,359356
2021-02-06,Italy,28107,452,25139,22358516,359808
2021-02-07,Italy,27768,448,24836,22386284,360256
2021-02-08,Italy,32574,524,29134,22418858,360780
2021-02-09,Italy,28631,464,25607,22447489,361244
2021-02-10,Italy,32537,527,29101,22480026,361771
2021-02-11,Italy,34199,551,30588,22514225,362322
2021-02-12,Italy,30937,499,27670,22545162,362821
2021-02-13,Italy,32406,520,28984,22577568,363341
2021-02-14,Italy,36700,590,32825,22614268,363931
2021-02-15,Italy,36167,584,32348,22650435,364515
2021-02-16,Italy,34753,558,31083,22685188,365073
2021-02-17,Italy,38692,626,34606,22723880,365699
2021-02-18,Italy,39378,636,35220,22763258,366335
2021-02-19,Italy,38289,618,34246,22801547,366953
2021-02-20,Italy,36696,588,32821,22838243,367541
2021-02-21,Italy,38268,615,34227,22876511,368156
2021-02-22,Italy,40296,650,36041,22916807,368806
2021-02-23,Italy,39999,642,35775,22956806,369448
2021-02-24,Italy,42962,691,38425,22999768,370139
2021-02-25,Italy,38499,621,34434,23038267,370760
2021-02-26,Italy,39180,629,35043,23077447,371389
2021-02-27,Italy,43390,697,38808,23120837,372086
2021-02-28,Italy,42584,682,38087,23163421,372768
2021-03-01,Italy,42922,690,38390,23206343,373458
2021-03-02,Italy,40989,661,36661,23247332,374119
2021-03-03,Italy,45663,733,40841,23292995,374852
2021-03-04,Italy,46146,743,41273,23339141,375595
2021-03-05,Italy,48450,779,43334,23387591,376374
2021-03-06,Italy,47725,767,42685,23435316,377141
2021-03-07,Italy,47883,772,42827,23483199,377913
2021-03-08,Italy,51715,836,46254,23534914,378749
2021-03-09,Italy,46225,746,41344,23581139,379495
2021-03-10,Italy,51446,827,46014,23632585,380322
2021-03-11,Italy,46485,752,41576,23679070,381074
2021-03-12,Italy,49190,794,43996,23728260,381868
2021-03-13,Italy,48804,784,43651,23777064,382652
2021-03-14,Italy,54616,877,48849,23831680,383529
2021-03-15,Italy,52985,855,47390,23884665,384384
2021-03-16,Italy,53714,865,48042,23938379,385249
2021-03-17,Italy,51325,824,45905,23989704,386073
2021-03-18,Italy,54085,870,48374,24043789,386943
2021-03-19,Italy,53356,858,47722,24097145,387801
2021-03-20,Italy,57106,917,51076,24154251,388718
2021-03-21,Italy,53774,867,48096,24208025,389585
2021-03-22,Italy,60915,982,54483,24268940,390567
2021-03-23,Italy,52812,852,47235,24321752,391419
2021-03-24,Italy,55813,900,49919,24377565,392319
2021-03-25,Italy,63585,1022,56871,24441150,393341
2021-03-26,Italy,57869,930,51758,24499019,394271
2021-03-27,Italy,55716,900,49833,24554735,395171
2021-03-28,Italy,60765,978,54349,24615500,396149
2021-03-29,Italy,59123,949,52880,24674623,397098
2021-03-30,Italy,58455,941,52282,24733078,398039
2021-03-31,Italy,58068,936,51936,24791146,398975
2021-04-01,Italy,70414,1134,62979,24861560,400109
2021-04-02,Italy,61468,987,54977,24923028,401096
2021-04-03,Italy,56605,915,50628,24979633,402011
2021-04-04,Italy,67717,1087,60567,25047350,403098
2021-04-05,Italy,65303,1051,58407,25112653,404149
2021-04-06,Italy,61265,990,54796,25173918,405139
2021-04-07,Italy,61044,984,54598,25234962,406123
2021-04-08,Italy,66509,1072,59486,25301471,407195
2021-04-09,Italy,63837,1025,57096,25365308,408220
2021-04-10,Italy,58659,945,52465,25423967,409165
2021-04-11,Italy,70997,1143,63500,25494964,410308
2021-04-12,Italy,63994,1028,57237,25558958,411336
2021-04-13,Italy,70550,1137,63100,25629508,412473
2021-04-14,Italy,70058,1126,62660,25699566,413599
2021-04-15,Italy,62732,1008,56108,25762298,414607
2021-04-16,Italy,69633,1122,62280,25831931,415729
2021-04-17,Italy,64204,1033,57424,25896135,416762
2021-04-18,Italy,60294,971,53927,25956429,417733
2021-04-19,Italy,65207,1049,58322,26021636,418782
2021-04-20,Italy,68050,1098,60864,26089686,419880
2021-04-21,Italy,65259,1049,58368,26154945,420929
2021-04-22,Italy,65842,1059,58890,26220787,421988
2021-04-23,Italy,70742,1140,63272,26291529,423128
2021-04-24,Italy,67298,1081,60192,26358827,424209
2021-04-25,Italy,64126,1030,57355,26422953,425239
2021-04-26,Italy,69290,1116,61973,26492243,426355
2021-04-27,Italy,67572,1089,60437,26559815,427444
2021-04-28,Italy,58431,942,52261,26618246,428386
2021-04-29,Italy,68229,1098,61025,26686475,429484
2021-04-30,Italy,68021,1093,60838,26754496,430577
2021-05-01,Italy,66678,1074,59637,26821174,431651
2021-05-02,Italy,69456,1119,62122,26890630,432770
2021-05-03,Italy,64120,1033,57349,26954750,433803
2021-05-04,Italy,67309,1086,60202,27022059,434889
2021-05-05,Italy,60846,977,54421,27082905,435866
2021-05-06,Italy,67167,1080,60075,27150072,436946
2021-05-07,Italy,72027,1162,64421,27222099,438108
2021-05-08,Italy,62135,997,55574,27284234,439105
2021-05-09,Italy,62668,1008,56051,27346902,440113
2021-05-10,Italy,62578,1006,55970,27409480,441119
2021-05-11,Italy,65023,1043,58157,27474503,442162
2021-05-12,Italy,60888,980,54459,27535391,443142
2021-05-13,Italy,65343,1053,58443,27600734,444195
2021-05-14,Italy,66363,1068,59356,27667097,445263
2021-05-15,Italy,65015,1048,58150,27732112,446311
2021-05-16,Italy,57394,926,51334,27789506,447237
2021-05-17,Italy,65703,1057,58765,27855209,448294
2021-05-18,Italy,65114,1053,58238,27920323,449347
2021-05-19,Italy,64358,1035,57562,27984681,450382
2021-05-20,Italy,62518,1006,55917,28047199,451388
2021-05-21,Italy,61611,990,55105,28108810,452378
2021-05-22,Italy,63617,1025,56899,28172427,453403
2021-05-23,Italy,65808,1059,58859,28238235,454462
2021-05-24,Italy,56720,913,50731,28294955,455375
2021-05-25,Italy,62258,1002,55684,28357213,456377
2021-05-26,Italy,58322,938,52164,28415535,457315
2021-05-27,Italy,57687,929,51596,28473222,458244
2021-05-28,Italy,53120,854,47511,28526342,459098
2021-05-29,Italy,56197,904,50263,28582539,460002
2021-05-30,Italy,53649,866,47984,28636188,460868
2021-05-31,Italy,54614,878,48847,28690802,461746
2021-06-01,Italy,52307,843,46784,28743109,462589
2021-06-02,Italy,53543,860,47889,28796652,463449
2021-06-03,Italy,53090,854,47484,28849742,464303
2021-06-04,Italy,53859,864,48172,28903601,465167
2021-06-05,Italy,48719,788,43574,28952320,465955
2021-06-06,Italy,48604,785,43472,29000924,466740
2021-06-07,Italy,52714,850,47148,29053638,467590
2021-06-08,Italy,49115,795,43929,29102753,468385
2021-06-09,Italy,53242,858,47620,29155995,469243
2021-06-10,Italy,50454,812,45126,29206449,470055
2021-06-11,Italy,50747,817,45388,29257196,470872
2021-06-12,Italy,52036,840,46541,29309232,471712
2021-06-13,Italy,47213,758,42227,29356445,472470
2021-06-14,Italy,45941,737,41090,29402386,473207
2021-06-15,Italy,48676,784,43536,29451062,473991
2021-06-16,Italy,47151,758,42172,29498213,474749
2021-06-17,Italy,44889,718,40149,29543102,475467
2021-06-18,Italy,47753,766,42710,29590855,476233
2021-06-19,Italy,43507,699,38913,29634362,476932
2021-06-20,Italy,43373,698,38793,29677735,477630
2021-06-21,Italy,42673,687,38167,29720408,478317
2021-06-22,Italy,39990,647,35767,29760398,478964
2021-06-23,Italy,41436,666,37060,29801834,479630
2021-06-24,Italy,43436,700,38849,29845270,480330
2021-06-25,Italy,40811,653,36501,29886081,480983
2021-06-26,Italy,39307,632,35156,29925388,481615
2021-06-27,Italy,38259,616,34219,29963647,482231
2021-06-28,Italy,38524,617,34456,30002171,482848
2021-06-29,Italy,38620,620,34542,30040791,483468
2021-06-30,Italy,37666,607,33689,30078457,484075
2021-07-01,Italy,35287,567,31561,30113744,484642
2021-07-02,Italy,35789,576,32010,30149533,485218
2021-07-03,Italy,35382,570,31646,30184915,485788
2021-07-04,Italy,32184,522,28785,30217099,486310
2021-07-05,Italy,33515,539,29976,30250614,486849
2021-07-06,Italy,29058,471,25989,30279672,487320
2021-07-07,Italy,32703,522,29250,30312375,487842
2021-07-08,Italy,32320,520,28907,30344695,488362
2021-07-09,Italy,31792,511,28435,30376487,488873
2021-07-10,Italy,29416,472,26310,30405903,489345
2021-07-11,Italy,29833,481,26683,30435736,489826
2021-07-12,Italy,30801,495,27548,30466537,490321
2021-07-13,Italy,30123,481,26942,30496660,490802
2021-07-14,Italy,27478,439,24576,30524138,491241
2021-07-15,Italy,27097,437,24235,30551235,491678
2021-07-16,Italy,27770,443,24837,30579005,492121
2021-07-17,Italy,23780,384,21269,30602785,492505
2021-07-18,Italy,24716,398,22106,30627501,492903
2021-07-19,Italy,26179,421,23414,30653680,493324
2021-07-20,Italy,25132,404,22478,30678812,493728
2021-07-21,Italy,23826,384,21310,30702638,494112
2021-07-22,Italy,21112,337,18882,30723750,494449
2021-07-23,Italy,22222,357,19875,30745972,494806
2021-07-24,Italy,21089,337,18862,30767061,495143
2021-07-25,Italy,21542,347,19267,30788603,495490
2021-07-26,Italy,19823,320,17729,30808426,495810
2021-07-27,Italy,19102,307,17085,30827528,496117
2021-07-28,Italy,17591,284,15733,30845119,496401
2021-07-29,Italy,20280,325,18138,30865399,496726
2021-07-30,Italy,18238,293,16312,30883637,497019
2021-07-31,Italy,18261,293,16332,30901898,497312
2021-08-01,Italy,17632,283,15770,30919530,497595
2021-08-02,Italy,16241,259,14526,30935771,497854
2021-08-03,Italy,15638,250,13986,30951409,498104
2021-08-04,Italy,15414,245,13786,30966823,498349
2021-08-05,Italy,15208,241,13602,30982031,498590
2021-08-06,Italy,15618,250,13968,30997649,498840
2021-08-07,Italy,14308,231,12797,31011957,499071
2021-08-08,Italy,15742,253,14079,31027699,499324
2021-08-09,Italy,14781,235,13220,31042480,499559
2021-08-10,Italy,14200,227,12700,31056680,499786
2021-08-11,Italy,13167,213,11776,31069847,499999
2021-08-12,Italy,13828,221,12367,31083675,500220
2021-08-13,Italy,12332,195,11029,31096007,500415
2021-08-14,Italy,12072,198,10797,31108079,500613
2021-08-15,Italy,11822,190,10573,31119901,500803
2021-08-16,Italy,11761,187,10519,31131662,500990
2021-08-17,Italy,11360,183,10160,31143022,501173
2021-08-18,Italy,10410,167,9310,31153432,501340
2021-08-19,Italy,10052,158,8990,31163484,501498
2021-08-20,Italy,10319,166,9229,31173803,501664
2021-08-21,Italy,10024,163,8965,31183827,501827
2021-08-22,Italy,9180,147,8210,31193007,501974
2021-08-23,Italy,8338,130,7457,31201345,502104
2021-08-24,Italy,8669,140,7753,31210014,502244
2021-08-25,Italy,8734,141,7811,31218748,502385
2021-08-26,Italy,8927,142,7984,31227675,502527
2021-08-27,Italy,7435,118,6649,31235110,502645
2021-08-28,Italy,7478,124,6688,31242588,502769
2021-08-29,Italy,7235,115,6471,31249823,502884
2021-08-30,Italy,7609,120,6805,31257432,503004
2021-08-31,Italy,6865,110,6140,31264297,503114
2021-09-01,Italy,6333,103,5664,31270630,503217
2021-09-02,Italy,6580,107,5885,31277210,503324
2021-09-03,Italy,6048,92,5409,31283258,503416
2021-09-04,Italy,5586,88,4996,31288844,503504
2021-09-05,Italy,5480,90,4901,31294324,503594
2021-09-06,Italy,6009,97,5374,31300333,503691
2021-09-07,Italy,5428,84,4854,31305761,503775
2021-09-08,Italy,5156,85,4611,31310917,503860
2021-09-09,Italy,4875,80,4360,31315792,503940
2021-09-10,Italy,4822,77,4312,31320614,504017
2021-09-11,Italy,4637,76,4147,31325251,504093
2021-09-12,Italy,4464,75,3992,31329715,504168
2021-09-13,Italy,4255,66,3805,31333970,504234
2021-09-14,Italy,4245,69,3796,31338215,504303
2021-09-15,Italy,3914,66,3500,31342129,504369
2021-09-16,Italy,3572,58,3194,31345701,504427
2021-09-17,Italy,3498,54,3128,31349199,504481
2021-09-18,Italy,3121,50,2791,31352320,504531
2021-09-19,Italy,3667,61,3279,31355987,504592
2021-09-20,Italy,3333,51,2981,31359320,504643
2021-09-21,Italy,2937,47,2626,31362257,504690
2021-09-22,Italy,2899,46,2592,31365156,504736
2021-09-23,Italy,2730,42,2441,31367886,504778
2021-09-24,Italy,2914,47,2606,31370800,504825
2021-09-25,Italy,2406,38,2151,31373206,504863
2021-09-26,Italy,2498,41,2234,31375704,504904
2021-09-27,Italy,2366,40,2116,31378070,504944
2021-09-28,Italy,2374,35,2123,31380444,504979
2021-09-29,Italy,2170,35,1940,31382614,505014
2021-09-30,Italy,1903,30,1702,31384517,505044
2021-10-01,Italy,1973,32,1764,31386490,505076
2021-10-02,Italy,1818,29,1626,31388308,505105
2021-10-03,Italy,1836,27,1642,31390144,505132
2021-10-04,Italy,1875,33,1677,31392019,505165
2021-10-05,Italy,1524,28,1363,31393543,505193
2021-10-06,Italy,1532,25,1370,31395075,505218
2021-10-07,Italy,1483,25,1326,31396558,505243
2021-10-08,Italy,1429,23,1278,31397987,505266
2021-10-09,Italy,1443,25,1290,31399430,505291
2021-10-10,Italy,1316,16,1177,31400746,505307
2021-10-11,Italy,1294,20,1157,31402040,505327
2021-10-12,Italy,1170,17,1046,31403210,505344
2021-10-13,Italy,1166,19,1042,31404376,505363
2021-10-14,Italy,1143,20,1022,31405519,505383
2021-10-15,Italy,1008,16,901,31406527,505399
2021-10-16,Italy,1038,15,928,31407565,505414
2021-10-17,Italy,954,12,853,31408519,505426
2021-10-18,Italy,954,15,853,31409473,505441
2021-10-19,Italy,853,15,762,31410326,505456
2021-10-20,Italy,837,11,748,31411163,505467
2021-10-21,Italy,779,8,696,31411942,505475
2021-10-22,Italy,739,16,660,31412681,505491
2021-10-23,Italy,716,12,640,31413397,505503
2021-10-24,Italy,691,10,618,31414088,505513
2021-10-25,Italy,598,12,534,31414686,505525
2021-10-26,Italy,652,10,583,31415338,505535
2021-10-27,Italy,521,11,465,31415859,505546
2021-10-28,Italy,528,10,472,31416387,505556
2021-10-29,Italy,517,5,462,31416904,505561
2021-10-30,Italy,504,9,450,31417408,505570
2021-10-31,Italy,507,11,453,31417915,505581
2021-11-01,Italy,401,4,358,31418316,505585
2021-11-02,Italy,410,4,366,31418726,505589
2021-11-03,Italy,355,4,317,31419081,505593
2021-11-04,Italy,379,7,338,31419460,505600
2021-11-05,Italy,364,6,325,31419824,505606
2021-11-06,Italy,369,2,330,31420193,505608
2021-11-07,Italy,324,5,289,31420517,505613
2021-11-08,Italy,322,4,288,31420839,505617
2021-11-09,Italy,298,4,266,31421137,505621
2021-11-10,Italy,267,2,238,31421404,505623
2021-11-11,Italy,239,4,213,31421643,505627
2021-11-12,Italy,248,6,221,31421891,505633
2021-11-13,Italy,212,2,189,31422103,505635
2021-11-14,Italy,234,0,209,31422337,505635
2021-11-15,Italy,204,2,182,31422541,505637
2021-11-16,Italy,208,4,186,31422749,505641
2021-11-17,Italy,179,2,160,31422928,505643
2021-11-18,Italy,176,0,157,31423104,505643
2021-11-19,Italy,166,4,148,31423270,505647
2021-11-20,Italy,154,5,137,31423424,505652
2021-11-21,Italy,142,2,127,31423566,505654
2021-11-22,Italy,141,0,126,31423707,505654
2021-11-23,Italy,123,1,110,31423830,505655
2021-11-24,Italy,114,2,101,31423944,505657
2021-11-25,Italy,124,0,110,31424068,505657
2021-11-26,Italy,113,2,101,31424181,505659
2021-11-27,Italy,103,0,92,31424284,505659
2021-11-28,Italy,106,1,94,31424390,505660
2021-11-29,Italy,89,0,79,31424479,505660
2021-11-30,Italy,92,2,82,31424571,505662
2021-12-01,Italy,81,1,72,31424652,505663
2021-12-02,Italy,70,0,62,31424722,505663
2021-12-03,Italy,79,0,70,31424801,505663
2021-12-04,Italy,71,1,63,31424872,505664
2021-12-05,Italy,62,0,55,31424934,505664
2021-12-06,Italy,62,0,55,31424996,505664
2021-12-07,Italy,54,1,48,31425050,505665
2021-12-08,Italy,55,1,49,31425105,505666
2021-12-09,Italy,40,0,35,31425145,505666
2021-12-10,Italy,42,2,37,31425187,505668
2021-12-11,Italy,46,1,41,31425233,505669
2021-12-12,Italy,39,0,34,31425272,505669
2021-12-13,Italy,38,3,33,31425310,505672
2021-12-14,Italy,31,2,27,31425341,505674
2021-12-15,Italy,38,2,33,31425379,505676
2021-12-16,Italy,34,1,30,31425413,505677
2021-12-17,Italy,28,0,25,31425441,505677
2021-12-18,Italy,26,2,23,31425467,505679
2021-12-19,Italy,27,0,24,31425494,505679
2021-12-20,Italy,28,1,25,31425522,505680
2021-12-21,Italy,24,1,21,31425546,505681
2021-12-22,Italy,25,4,22,31425571,505685
2021-12-23,Italy,17,0,15,31425588,505685
2021-12-24,Italy,16,0,14,31425604,505685
2021-12-25,Italy,14,0,12,31425618,505685
2021-12-26,Italy,16,0,14,31425634,505685
2021-12-27,Italy,15,0,13,31425649,505685
2021-12-28,Italy,13,0,11,31425662,505685
2021-12-29,Italy,14,1,12,31425676,505686
2021-12-30,Italy,14,4,12,31425690,505690
2020-01-01,Spain,50548,959,44673,50548,959
2020-01-02,Spain,44691,848,39496,95239,1807
2020-01-03,Spain,48300,916,42686,143539,2723
2020-01-04,Spain,45411,863,40133,188950,3586
2020-01-05,Spain,49307,935,43576,238257,4521
2020-01-06,Spain,51005,968,45076,289262,5489
2020-01-07,Spain,50412,955,44552,339674,6444
2020-01-08,Spain,53410,1015,47202,393084,7459
2020-01-09,Spain,52588,1000,46475,445672,8459
2020-01-10,Spain,51699,981,45690,497371,9440
2020-01-11,Spain,52314,995,46233,549685,10435
2020-01-12,Spain,56803,1078,50201,606488,11513
2020-01-13,Spain,53524,1011,47303,660012,12524
2020-01-14,Spain,58641,1113,51825,718653,13637
2020-01-15,Spain,60281,1144,53274,778934,14781
2020-01-16,Spain,52732,1001,46603,831666,15782
2020-01-17,Spain,61556,1169,54401,893222,16951
2020-01-18,Spain,65046,1234,57486,958268,18185
2020-01-19,Spain,60427,1150,53403,1018695,19335
2020-01-20,Spain,62182,1181,54954,1080877,20516
2020-01-21,Spain,64230,1219,56764,1145107,21735
2020-01-22,Spain,60893,1158,53815,1206000,22893
2020-01-23,Spain,62984,1196,55663,1268984,24089
2020-01-24,Spain,58931,1124,52081,1327915,25213
2020-01-25,Spain,64170,1218,56711,1392085,26431
2020-01-26,Spain,65973,1253,58305,1458058,27684
2020-01-27,Spain,66676,1265,58926,1524734,28949
2020-01-28,Spain,69113,1314,61080,1593847,30263
2020-01-29,Spain,63656,1209,56257,1657503,31472
2020-01-30,Spain,65036,1234,57477,1722539,32706
2020-01-31,Spain,73786,1399,65210,1796325,34105
2020-02-01,Spain,67453,1278,59613,1863778,35383
2020-02-02,Spain,69203,1315,61159,1932981,36698
2020-02-03,Spain,68826,1304,60826,2001807,38002
2020-02-04,Spain,66724,1270,58969,2068531,39272
2020-02-05,Spain,75786,1437,66977,2144317,40709
2020-02-06,Spain,68727,1305,60739,2213044,42014
2020-02-07,Spain,67064,1272,59269,2280108,43286
2020-02-08,Spain,69923,1328,61796,2350031,44614
2020-02-09,Spain,64778,1230,57249,2414809,45844
2020-02-10,Spain,70059,1331,61916,2484868,47175
2020-02-11,Spain,69307,1313,61251,2554175,48488
2020-02-12,Spain,75494,1432,66719,2629669,49920
2020-02-13,Spain,71136,1353,62868,2700805,51273
2020-02-14,Spain,77265,1468,68284,2778070,52741
2020-02-15,Spain,79527,1505,70284,2857597,54246
2020-02-16,Spain,77575,1474,68558,2935172,55720
2020-02-17,Spain,74162,1406,65542,3009334,57126
2020-02-18,Spain,75795,1438,66985,3085129,58564
2020-02-19,Spain,69779,1325,61668,3154908,59889
2020-02-20,Spain,75291,1433,66540,3230199,61322
2020-02-21,Spain,72765,1380,64307,3302964,62702
2020-02-22,Spain,78906,1496,69735,3381870,64198
2020-02-23,Spain,86299,1640,76268,3468169,65838
2020-02-24,Spain,78561,1492,69430,3546730,67330
2020-02-25,Spain,69161,1316,61122,3615891,68646
2020-02-26,Spain,75566,1434,66783,3691457,70080
2020-02-27,Spain,77557,1475,68542,3769014,71555
2020-02-28,Spain,77532,1472,68520,3846546,73027
2020-02-29,Spain,74461,1415,65806,3921007,74442
2020-03-01,Spain,78308,1490,69206,3999315,75932
2020-03-02,Spain,72602,1378,64163,4071917,77310
2020-03-03,Spain,73789,1403,65212,4145706,78713
2020-03-04,Spain,79970,1517,70675,4225676,80230
2020-03-05,Spain,73533,1397,64986,4299209,81627
2020-03-06,Spain,79535,1507,70291,4378744,83134
2020-03-07,Spain,72113,1368,63731,4450857,84502
2020-03-08,Spain,84192,1597,74406,4535049,86099
2020-03-09,Spain,74301,1413,65665,4609350,87512
2020-03-10,Spain,76344,1453,67470,4685694,88965
2020-03-11,Spain,78380,1488,69270,4764074,90453
2020-03-12,Spain,74810,1419,66115,4838884,91872
2020-03-13,Spain,77403,1467,68406,4916287,93339
2020-03-14,Spain,78909,1499,69737,4995196,94838
2020-03-15,Spain,80213,1522,70890,5075409,96360
2020-03-16,Spain,79378,1506,70152,5154787,97866
2020-03-17,Spain,75506,1437,66730,5230293,99303
2020-03-18,Spain,75395,1431,66632,5305688,100734
2020-03-19,Spain,84627,1608,74791,5390315,102342
2020-03-20,Spain,79081,1502,69889,5469396,103844
2020-03-21,Spain,71777,1360,63434,5541173,105204
2020-03-22,Spain,75360,1427,66601,5616533,106631
2020-03-23,Spain,73461,1396,64923,5689994,108027
2020-03-24,Spain,73926,1407,65333,5763920,109434
2020-03-25,Spain,69577,1322,61490,5833497,110756
2020-03-26,Spain,72310,1374,63905,5905807,112130
2020-03-27,Spain,80178,1521,70859,5985985,113651
2020-03-28,Spain,75314,1432,66560,6061299,115083
2020-03-29,Spain,63785,1213,56371,6125084,116296
2020-03-30,Spain,76937,1460,67995,6202021,117756
2020-03-31,Spain,76111,1446,67265,6278132,119202
2020-04-01,Spain,70533,1336,62335,6348665,120538
2020-04-02,Spain,74029,1407,65425,6422694,121945
2020-04-03,Spain,68044,1291,60135,6490738,123236
2020-04-04,Spain,69067,1309,61039,6559805,124545
2020-04-05,Spain,75631,1437,66840,6635436,125982
2020-04-06,Spain,69030,1307,61007,6704466,127289
2020-04-07,Spain,63092,1199,55759,6767558,128488
2020-04-08,Spain,69000,1308,60980,6836558,129796
2020-04-09,Spain,68565,1299,60596,6905123,131095
2020-04-10,Spain,72555,1378,64122,6977678,132473
2020-04-11,Spain,68116,1293,60199,7045794,133766
2020-04-12,Spain,66257,1261,58556,7112051,135027
2020-04-13,Spain,70819,1342,62588,7182870,136369
2020-04-14,Spain,67325,1281,59500,7250195,137650
2020-04-15,Spain,64047,1214,56603,7314242,138864
2020-04-16,Spain,69991,1331,61856,7384233,140195
2020-04-17,Spain,66436,1264,58714,7450669,141459
2020-04-18,Spain,65442,1243,57836,7516111,142702
2020-04-19,Spain,65651,1245,58020,7581762,143947
2020-04-20,Spain,61252,1160,54133,7643014,145107
2020-04-21,Spain,62671,1186,55387,7705685,146293
2020-04-22,Spain,64040,1220,56596,7769725,147513
2020-04-23,Spain,63076,1197,55745,7832801,148710
2020-04-24,Spain,67406,1278,59571,7900207,149988
2020-04-25,Spain,63744,1208,56335,7963951,151196
2020-04-26,Spain,65437,1243,57831,8029388,152439
2020-04-27,Spain,62488,1186,55225,8091876,153625
2020-04-28,Spain,65461,1239,57852,8157337,154864
2020-04-29,Spain,63136,1201,55798,8220473,156065
2020-04-30,Spain,61687,1172,54517,8282160,157237
2020-05-01,Spain,61359,1169,54227,8343519,158406
2020-05-02,Spain,58247,1108,51477,8401766,159514
2020-05-03,Spain,62494,1180,55230,8464260,160694
2020-05-04,Spain,60623,1154,53577,8524883,161848
2020-05-05,Spain,59035,1123,52173,8583918,162971
2020-05-06,Spain,63724,1208,56317,8647642,164179
2020-05-07,Spain,56459,1071,49897,8704101,165250
2020-05-08,Spain,58815,1118,51979,8762916,166368
2020-05-09,Spain,63043,1195,55715,8825959,167563
2020-05-10,Spain,60799,1154,53732,8886758,168717
2020-05-11,Spain,59623,1134,52693,8946381,169851
2020-05-12,Spain,60446,1149,53420,9006827,171000
2020-05-13,Spain,60180,1141,53185,9067007,172141
2020-05-14,Spain,55090,1048,48687,9122097,173189
2020-05-15,Spain,58558,1112,51752,9180655,174301
2020-05-16,Spain,64425,1224,56937,9245080,175525
2020-05-17,Spain,57665,1094,50962,9302745,176619
2020-05-18,Spain,58728,1115,51902,9361473,177734
2020-05-19,Spain,58127,1102,51371,9419600,178836
2020-05-20,Spain,59573,1127,52649,9479173,179963
2020-05-21,Spain,58193,1104,51429,9537366,181067
2020-05-22,Spain,61534,1168,54382,9598900,182235
2020-05-23,Spain,60816,1155,53747,9659716,183390
2020-05-24,Spain,62731,1194,55440,9722447,184584
2020-05-25,Spain,57403,1089,50731,9779850,185673
2020-05-26,Spain,59767,1134,52820,9839617,186807
2020-05-27,Spain,60350,1147,53335,9899967,187954
2020-05-28,Spain,62694,1189,55407,9962661,189143
2020-05-29,Spain,59133,1123,52260,10021794,190266
2020-05-30,Spain,64711,1228,57190,10086505,191494
2020-05-31,Spain,65891,1251,58232,10152396,192745
2020-06-01,Spain,59450,1130,52540,10211846,193875
2020-06-02,Spain,61365,1164,54232,10273211,195039
2020-06-03,Spain,61612,1171,54451,10334823,196210
2020-06-04,Spain,72090,1365,63711,10406913,197575
2020-06-05,Spain,62752,1189,55458,10469665,198764
2020-06-06,Spain,69999,1325,61863,10539664,200089
2020-06-07,Spain,60929,1155,53847,10600593,201244
2020-06-08,Spain,62295,1187,55054,10662888,202431
2020-06-09,Spain,63780,1211,56367,10726668,203642
2020-06-10,Spain,63761,1209,56350,10790429,204851
2020-06-11,Spain,66226,1259,58528,10856655,206110
2020-06-12,Spain,65293,1242,57704,10921948,207352
2020-06-13,Spain,65480,1241,57869,10987428,208593
2020-06-14,Spain,72872,1389,64402,11060300,209982
2020-06-15,Spain,73756,1401,65183,11134056,211383
2020-06-16,Spain,73470,1396,64930,11207526,212779
2020-06-17,Spain,72650,1381,64206,11280176,214160
2020-06-18,Spain,71798,1364,63453,11351974,215524
2020-06-19,Spain,70359,1335,62181,11422333,216859
2020-06-20,Spain,69382,1322,61318,11491715,218181
2020-06-21,Spain,74907,1422,66200,11566622,219603
2020-06-22,Spain,69940,1330,61811,11636562,220933
2020-06-23,Spain,71315,1353,63026,11707877,222286
2020-06-24,Spain,80172,1521,70854,11788049,223807
2020-06-25,Spain,83848,1596,74102,11871897,225403
2020-06-26,Spain,78871,1497,69704,11950768,226900
2020-06-27,Spain,82464,1566,72879,12033232,228466
2020-06-28,Spain,77970,1481,68907,12111202,229947
2020-06-29,Spain,74415,1418,65766,12185617,231365
2020-06-30,Spain,83036,1581,73385,12268653,232946
2020-07-01,Spain,83713,1592,73983,12352366,234538
2020-07-02,Spain,82524,1573,72932,12434890,236111
2020-07-03,Spain,82062,1556,72524,12516952,237667
2020-07-04,Spain,87952,1671,77729,12604904,239338
2020-07-05,Spain,80585,1530,71219,12685489,240868
2020-07-06,Spain,82305,1559,72739,12767794,242427
2020-07-07,Spain,82115,1560,72571,12849909,243987
2020-07-08,Spain,87705,1665,77511,12937614,245652
2020-07-09,Spain,83397,1587,73704,13021011,247239
2020-07-10,Spain,86009,1632,76012,13107020,248871
2020-07-11,Spain,86744,1646,76662,13193764,250517
2020-07-12,Spain,89594,1704,79180,13283358,252221
2020-07-13,Spain,84819,1611,74960,13368177,253832
2020-07-14,Spain,92894,1766,82097,13461071,255598
2020-07-15,Spain,99165,1884,87639,13560236,257482
2020-07-16,Spain,94827,1802,83805,13655063,259284
2020-07-17,Spain,102356,1943,90459,13757419,261227
2020-07-18,Spain,102262,1943,90376,13859681,263170
2020-07-19,Spain,100455,1907,88779,13960136,265077
2020-07-20,Spain,97879,1857,86503,14058015,266934
2020-07-21,Spain,98437,1869,86996,14156452,268803
2020-07-22,Spain,102915,1957,90953,14259367,270760
2020-07-23,Spain,97962,1861,86576,14357329,272621
2020-07-24,Spain,91219,1734,80617,14448548,274355
2020-07-25,Spain,103964,1974,91880,14552512,276329
2020-07-26,Spain,96440,1828,85231,14648952,278157
2020-07-27,Spain,98009,1859,86617,14746961,280016
2020-07-28,Spain,103691,1969,91639,14850652,281985
2020-07-29,Spain,103904,1971,91827,14954556,283956
2020-07-30,Spain,97674,1854,86321,15052230,285810
2020-07-31,Spain,106649,2024,94253,15158879,287834
2020-08-01,Spain,111576,2118,98608,15270455,289952
2020-08-02,Spain,101033,1922,89290,15371488,291874
2020-08-03,Spain,114552,2175,101238,15486040,294049
2020-08-04,Spain,99851,1898,88245,15585891,295947
2020-08-05,Spain,120413,2287,106418,15706304,298234
2020-08-06,Spain,107194,2039,94735,15813498,300273
2020-08-07,Spain,110785,2106,97909,15924283,302379
2020-08-08,Spain,100046,1899,88418,16024329,304278
2020-08-09,Spain,110650,2105,97789,16134979,306383
2020-08-10,Spain,112739,2140,99635,16247718,308523
2020-08-11,Spain,111430,2117,98479,16359148,310640
2020-08-12,Spain,109170,2074,96481,16468318,312714
2020-08-13,Spain,107394,2040,94912,16575712,314754
2020-08-14,Spain,119495,2271,105606,16695207,317025
2020-08-15,Spain,113620,2156,100414,16808827,319181
2020-08-16,Spain,122529,2328,108288,16931356,321509
2020-08-17,Spain,111051,2110,98144,17042407,323619
2020-08-18,Spain,111832,2124,98834,17154239,325743
2020-08-19,Spain,119226,2264,105369,17273465,328007
2020-08-20,Spain,105447,2001,93191,17378912,330008
2020-08-21,Spain,107965,2051,95416,17486877,332059
2020-08-22,Spain,121408,2304,107297,17608285,334363
2020-08-23,Spain,108461,2060,95855,17716746,336423
2020-08-24,Spain,104816,1990,92633,17821562,338413
2020-08-25,Spain,126149,2393,111487,17947711,340806
2020-08-26,Spain,107358,2037,94880,18055069,342843
2020-08-27,Spain,116469,2213,102932,18171538,345056
2020-08-28,Spain,115780,2198,102323,18287318,347254
2020-08-29,Spain,99116,1881,87596,18386434,349135
2020-08-30,Spain,113700,2158,100485,18500134,351293
2020-08-31,Spain,117707,2234,104026,18617841,353527
2020-09-01,Spain,117017,2226,103416,18734858,355753
2020-09-02,Spain,119992,2277,106045,18854850,358030
2020-09-03,Spain,112380,2137,99318,18967230,360167
2020-09-04,Spain,118441,2249,104675,19085671,362416
2020-09-05,Spain,110168,2091,97363,19195839,364507
2020-09-06,Spain,105781,2010,93486,19301620,366517
2020-09-07,Spain,106121,2015,93787,19407741,368532
2020-09-08,Spain,104862,1991,92674,19512603,370523
2020-09-09,Spain,118447,2250,104680,19631050,372773
2020-09-10,Spain,103835,1972,91766,19734885,374745
2020-09-11,Spain,113441,2154,100256,19848326,376899
2020-09-12,Spain,109960,2090,97179,19958286,378989
2020-09-13,Spain,110380,2093,97551,20068666,381082
2020-09-14,Spain,117960,2238,104250,20186626,383320
2020-09-15,Spain,107473,2039,94982,20294099,385359
2020-09-16,Spain,112652,2137,99559,20406751,387496
2020-09-17,Spain,108913,2069,96254,20515664,389565
2020-09-18,Spain,107262,2038,94795,20622926,391603
2020-09-19,Spain,119791,2271,105868,20742717,393874
2020-09-20,Spain,99064,1880,87550,20841781,395754
2020-09-21,Spain,112898,2143,99776,20954679,397897
2020-09-22,Spain,108795,2066,96150,21063474,399963
2020-09-23,Spain,102084,1936,90219,21165558,401899
2020-09-24,Spain,112284,2132,99233,21277842,404031
2020-09-25,Spain,93511,1774,82642,21371353,405805
2020-09-26,Spain,99556,1890,87985,21470909,407695
2020-09-27,Spain,95263,1806,84191,21566172,409501
2020-09-28,Spain,102611,1948,90685,21668783,411449
2020-09-29,Spain,94120,1786,83180,21762903,413235
2020-09-30,Spain,100918,1916,89188,21863821,415151
2020-10-01,Spain,96958,1842,85689,21960779,416993
2020-10-02,Spain,94621,1797,83623,22055400,418790
2020-10-03,Spain,97870,1860,86495,22153270,420650
2020-10-04,Spain,93769,1780,82870,22247039,422430
2020-10-05,Spain,88951,1690,78612,22335990,424120
2020-10-06,Spain,106127,2018,93792,22442117,426138
2020-10-07,Spain,89841,1707,79399,22531958,427845
2020-10-08,Spain,80970,1538,71559,22612928,429383
2020-10-09,Spain,86252,1639,76227,22699180,431022
2020-10-10,Spain,83366,1584,73676,22782546,432606
2020-10-11,Spain,91592,1741,80946,22874138,434347
2020-10-12,Spain,88298,1678,78035,22962436,436025
2020-10-13,Spain,87544,1664,77369,23049980,437689
2020-10-14,Spain,83187,1580,73518,23133167,439269
2020-10-15,Spain,82503,1567,72914,23215670,440836
2020-10-16,Spain,81049,1540,71629,23296719,442376
2020-10-17,Spain,81154,1539,71721,23377873,443915
2020-10-18,Spain,83740,1592,74007,23461613,445507
2020-10-19,Spain,80608,1527,71239,23542221,447034
2020-10-20,Spain,80120,1523,70808,23622341,448557
2020-10-21,Spain,78976,1500,69797,23701317,450057
2020-10-22,Spain,79294,1505,70078,23780611,451562
2020-10-23,Spain,75895,1442,67074,23856506,453004
2020-10-24,Spain,75021,1425,66301,23931527,454429
2020-10-25,Spain,76895,1458,67957,24008422,455887
2020-10-26,Spain,69084,1315,61054,24077506,457202
2020-10-27,Spain,67334,1279,59508,24144840,458481
2020-10-28,Spain,65123,1241,57554,24209963,459722
2020-10-29,Spain,68741,1307,60751,24278704,461029
2020-10-30,Spain,60796,1154,53730,24339500,462183
2020-10-31,Spain,67427,1279,59590,24406927,463462
2020-11-01,Spain,64450,1224,56959,24471377,464686
2020-11-02,Spain,67326,1279,59501,24538703,465965
2020-11-03,Spain,60517,1152,53483,24599220,467117
2020-11-04,Spain,60914,1159,53834,24660134,468276
2020-11-05,Spain,63860,1213,56437,24723994,469489
2020-11-06,Spain,63510,1209,56128,24787504,470698
2020-11-07,Spain,56358,1066,49807,24843862,471764
2020-11-08,Spain,57816,1099,51096,24901678,472863
2020-11-09,Spain,57085,1086,50450,24958763,473949
2020-11-10,Spain,56260,1069,49721,25015023,475018
2020-11-11,Spain,53499,1013,47281,25068522,476031
2020-11-12,Spain,56615,1078,50034,25125137,477109
2020-11-13,Spain,47277,899,41782,25172414,478008
2020-11-14,Spain,50151,953,44322,25222565,478961
2020-11-15,Spain,51389,976,45416,25273954,479937
2020-11-16,Spain,50436,962,44574,25324390,480899
2020-11-17,Spain,51640,981,45638,25376030,481880
2020-11-18,Spain,50285,954,44440,25426315,482834
2020-11-19,Spain,45865,869,40534,25472180,483703
2020-11-20,Spain,48601,924,42952,25520781,484627
2020-11-21,Spain,43155,821,38139,25563936,485448
2020-11-22,Spain,45933,872,40594,25609869,486320
2020-11-23,Spain,46940,890,41484,25656809,487210
2020-11-24,Spain,44776,853,39571,25701585,488063
2020-11-25,Spain,41617,788,36780,25743202,488851
2020-11-26,Spain,39928,762,35287,25783130,489613
2020-11-27,Spain,36778,697,32503,25819908,490310
2020-11-28,Spain,39671,751,35060,25859579,491061
2020-11-29,Spain,36185,685,31979,25895764,491746
2020-11-30,Spain,36108,683,31911,25931872,492429
2020-12-01,Spain,34699,658,30666,25966571,493087
2020-12-02,Spain,35379,671,31267,26001950,493758
2020-12-03,Spain,35499,676,31373,26037449,494434
2020-12-04,Spain,35382,673,31269,26072831,495107
2020-12-05,Spain,33250,631,29385,26106081,495738
2020-12-06,Spain,35477,680,31353,26141558,496418
2020-12-07,Spain,32747,621,28940,26174305,497039
2020-12-08,Spain,31246,593,27614,26205551,497632
2020-12-09,Spain,32348,611,28588,26237899,498243
2020-12-10,Spain,34555,656,30538,26272454,498899
2020-12-11,Spain,31483,598,27823,26303937,499497
2020-12-12,Spain,29931,566,26452,26333868,500063
2020-12-13,Spain,27731,525,24507,26361599,500588
2020-12-14,Spain,29265,556,25863,26390864,501144
2020-12-15,Spain,29517,559,26086,26420381,501703
2020-12-16,Spain,28223,534,24942,26448604,502237
2020-12-17,Spain,26042,496,23015,26474646,502733
2020-12-18,Spain,26865,507,23742,26501511,503240
2020-12-19,Spain,29748,562,26290,26531259,503802
2020-12-20,Spain,29391,558,25975,26560650,504360
2020-12-21,Spain,25935,494,22920,26586585,504854
2020-12-22,Spain,27780,528,24551,26614365,505382
2020-12-23,Spain,25064,475,22150,26639429,505857
2020-12-24,Spain,28271,536,24985,26667700,506393
2020-12-25,Spain,26539,506,23454,26694239,506899
2020-12-26,Spain,27278,519,24107,26721517,507418
2020-12-27,Spain,23665,449,20914,26745182,507867
2020-12-28,Spain,26627,505,23532,26771809,508372
2020-12-29,Spain,25633,486,22653,26797442,508858
2020-12-30,Spain,26643,504,23546,26824085,509362
2020-12-31,Spain,26652,505,23554,26850737,509867
2021-01-01,Spain,25522,483,22555,26876259,510350
2021-01-02,Spain,24649,468,21784,26900908,510818
2021-01-03,Spain,26400,500,23331,26927308,511318
2021-01-04,Spain,25349,482,22402,26952657,511800
2021-01-05,Spain,24351,464,21520,26977008,512264
2021-01-06,Spain,24346,461,21516,27001354,512725
2021-01-07,Spain,23708,448,20952,27025062,513173
2021-01-08,Spain,25043,477,22132,27050105,513650
2021-01-09,Spain,27244,517,24077,27077349,514167
2021-01-10,Spain,26190,496,23146,27103539,514663
2021-01-11,Spain,25426,485,22470,27128965,515148
2021-01-12,Spain,27357,518,24177,27156322,515666
2021-01-13,Spain,25394,478,22442,27181716,516144
2021-01-14,Spain,26843,508,23723,27208559,516652
2021-01-15,Spain,26711,510,23606,27235270,517162
2021-01-16,Spain,28270,536,24984,27263540,517698
2021-01-17,Spain,25315,479,22372,27288855,518177
2021-01-18,Spain,26596,505,23504,27315451,518682
2021-01-19,Spain,25787,491,22789,27341238,519173
2021-01-20,Spain,28050,532,24789,27369288,519705
2021-01-21,Spain,30510,580,26963,27399798,520285
2021-01-22,Spain,28394,538,25093,27428192,520823
2021-01-23,Spain,28758,547,25415,27456950,521370
2021-01-24,Spain,31214,593,27586,27488164,521963
2021-01-25,Spain,31946,606,28233,27520110,522569
2021-01-26,Spain,30619,582,27060,27550729,523151
2021-01-27,Spain,32271,611,28520,27583000,523762
2021-01-28,Spain,29957,566,26475,27612957,524328
2021-01-29,Spain,34357,652,30363,27647314,524980
2021-01-30,Spain,36141,683,31940,27683455,525663
2021-01-31,Spain,34003,647,30051,27717458,526310
2021-02-01,Spain,30149,572,26644,27747607,526882
2021-02-02,Spain,33238,634,29374,27780845,527516
2021-02-03,Spain,35805,679,31643,27816650,528195
2021-02-04,Spain,34556,656,30539,27851206,528851
2021-02-05,Spain,38156,721,33721,27889362,529572
2021-02-06,Spain,37530,710,33168,27926892,530282
2021-02-07,Spain,35744,675,31589,27962636,530957
2021-02-08,Spain,37722,718,33337,28000358,531675
2021-02-09,Spain,36568,693,32317,28036926,532368
2021-02-10,Spain,38553,734,34072,28075479,533102
2021-02-11,Spain,38449,724,33980,28113928,533826
2021-02-12,Spain,42557,811,37610,28156485,534637
2021-02-13,Spain,45175,857,39924,28201660,535494
2021-02-14,Spain,38544,732,34064,28240204,536226
2021-02-15,Spain,38131,722,33699,28278335,536948
2021-02-16,Spain,42345,805,37423,28320680,537753
2021-02-17,Spain,40250,763,35571,28360930,538516
2021-02-18,Spain,44355,840,39199,28405285,539356
2021-02-19,Spain,46637,883,41216,28451922,540239
2021-02-20,Spain,49071,929,43367,28500993,541168
2021-02-21,Spain,46837,890,41393,28547830,542058
2021-02-22,Spain,46630,884,41210,28594460,542942
2021-02-23,Spain,43073,814,38066,28637533,543756
2021-02-24,Spain,48590,923,42942,28686123,544679
2021-02-25,Spain,49427,934,43682,28735550,545613
2021-02-26,Spain,51577,982,45582,28787127,546595
2021-02-27,Spain,48912,933,43227,28836039,547528
2021-02-28,Spain,50320,953,44471,28886359,548481
2021-03-01,Spain,48313,919,42697,28934672,549400
2021-03-02,Spain,46838,890,41394,28981510,550290
2021-03-03,Spain,50658,961,44770,29032168,551251
2021-03-04,Spain,50092,950,44270,29082260,552201
2021-03-05,Spain,56017,1065,49506,29138277,553266
2021-03-06,Spain,54369,1032,48049,29192646,554298
2021-03-07,Spain,55016,1039,48621,29247662,555337
2021-03-08,Spain,54439,1038,48111,29302101,556375
2021-03-09,Spain,48600,924,42951,29350701,557299
2021-03-10,Spain,63113,1198,55777,29413814,558497
2021-03-11,Spain,56420,1070,49862,29470234,559567
2021-03-12,Spain,58853,1117,52012,29529087,560684
2021-03-13,Spain,56363,1073,49812,29585450,561757
2021-03-14,Spain,64463,1225,56970,29649913,562982
2021-03-15,Spain,62601,1189,55325,29712514,564171
2021-03-16,Spain,60231,1141,53230,29772745,565312
2021-03-17,Spain,62246,1181,55011,29834991,566493
2021-03-18,Spain,69532,1320,61450,29904523,567813
2021-03-19,Spain,64557,1227,57053,29969080,569040
2021-03-20,Spain,64834,1230,57298,30033914,570270
2021-03-21,Spain,62944,1197,55628,30096858,571467
2021-03-22,Spain,60351,1144,53336,30157209,572611
2021-03-23,Spain,66733,1267,58976,30223942,573878
2021-03-24,Spain,68967,1309,60951,30292909,575187
2021-03-25,Spain,72204,1368,63812,30365113,576555
2021-03-26,Spain,61245,1163,54126,30426358,577718
2021-03-27,Spain,65643,1245,58013,30492001,578963
2021-03-28,Spain,68058,1295,60147,30560059,580258
2021-03-29,Spain,70605,1340,62398,30630664,581598
2021-03-30,Spain,70610,1341,62403,30701274,582939
2021-03-31,Spain,71182,1349,62908,30772456,584288
2021-04-01,Spain,73567,1397,65016,30846023,585685
2021-04-02,Spain,69278,1315,61226,30915301,587000
2021-04-03,Spain,76411,1449,67530,30991712,588449
2021-04-04,Spain,75019,1430,66299,31066731,589879
2021-04-05,Spain,72656,1379,64211,31139387,591258
2021-04-06,Spain,80172,1522,70854,31219559,592780
2021-04-07,Spain,80410,1529,71064,31299969,594309
2021-04-08,Spain,78456,1488,69337,31378425,595797
2021-04-09,Spain,63928,1215,56498,31442353,597012
2021-04-10,Spain,81585,1550,72102,31523938,598562
2021-04-11,Spain,78930,1499,69756,31602868,600061
2021-04-12,Spain,83837,1597,74093,31686705,601658
2021-04-13,Spain,81182,1540,71746,31767887,603198
2021-04-14,Spain,82744,1574,73127,31850631,604772
2021-04-15,Spain,80288,1526,70956,31930919,606298
2021-04-16,Spain,82308,1565,72741,32013227,607863
2021-04-17,Spain,84993,1615,75114,32098220,609478
2021-04-18,Spain,78281,1490,69182,32176501,610968
2021-04-19,Spain,71478,1357,63170,32247979,612325
2021-04-20,Spain,76498,1454,67607,32324477,613779
2021-04-21,Spain,79304,1509,70086,32403781,615288
2021-04-22,Spain,78151,1483,69067,32481932,616771
2021-04-23,Spain,73053,1389,64562,32554985,618160
2021-04-24,Spain,71582,1359,63262,32626567,619519
2021-04-25,Spain,75059,1423,66335,32701626,620942
2021-04-26,Spain,81083,1537,71659,32782709,622479
2021-04-27,Spain,84057,1596,74287,32866766,624075
2021-04-28,Spain,81412,1548,71949,32948178,625623
2021-04-29,Spain,81879,1551,72362,33030057,627174
2021-04-30,Spain,77353,1469,68362,33107410,628643
2021-05-01,Spain,70790,1346,62562,33178200,629989
2021-05-02,Spain,75643,1434,66851,33253843,631423
2021-05-03,Spain,76243,1446,67381,33330086,632869
2021-05-04,Spain,75143,1428,66409,33405229,634297
2021-05-05,Spain,77065,1465,68108,33482294,635762
2021-05-06,Spain,78321,1490,69218,33560615,637252
2021-05-07,Spain,79642,1511,70385,33640257,638763
2021-05-08,Spain,75059,1424,66335,33715316,640187
2021-05-09,Spain,68612,1306,60637,33783928,641493
2021-05-10,Spain,73702,1398,65136,33857630,642891
2021-05-11,Spain,75365,1432,66605,33932995,644323
2021-05-12,Spain,79434,1513,70201,34012429,645836
2021-05-13,Spain,72377,1376,63965,34084806,647212
2021-05-14,Spain,76010,1445,67175,34160816,648657
2021-05-15,Spain,74778,1422,66086,34235594,650079
2021-05-16,Spain,73451,1396,64914,34309045,651475
2021-05-17,Spain,76243,1449,67381,34385288,652924
2021-05-18,Spain,70005,1329,61868,34455293,654253
2021-05-19,Spain,69858,1329,61738,34525151,655582
2021-05-20,Spain,71396,1357,63098,34596547,656939
2021-05-21,Spain,68663,1301,60682,34665210,658240
2021-05-22,Spain,72202,1371,63810,34737412,659611
2021-05-23,Spain,67384,1275,59552,34804796,660886
2021-05-24,Spain,70110,1333,61961,34874906,662219
2021-05-25,Spain,68415,1299,60463,34943321,663518
2021-05-26,Spain,68912,1312,60902,35012233,664830
2021-05-27,Spain,66031,1255,58356,35078264,666085
2021-05-28,Spain,65841,1252,58188,35144105,667337
2021-05-29,Spain,66675,1264,58925,35210780,668601
2021-05-30,Spain,66388,1262,58672,35277168,669863
2021-05-31,Spain,65065,1234,57502,35342233,671097
2021-06-01,Spain,69916,1330,61790,35412149,672427
2021-06-02,Spain,60595,1148,53552,35472744,673575
2021-06-03,Spain,62873,1194,55565,35535617,674769
2021-06-04,Spain,57477,1089,50796,35593094,675858
2021-06-05,Spain,62837,1193,55533,35655931,677051
2021-06-06,Spain,57580,1097,50887,35713511,678148
2021-06-07,Spain,59427,1130,52520,35772938,679278
2021-06-08,Spain,58434,1109,51642,35831372,680387
2021-06-09,Spain,59637,1127,52705,35891009,681514
2021-06-10,Spain,56466,1071,49903,35947475,682585
2021-06-11,Spain,55619,1057,49154,36003094,683642
2021-06-12,Spain,60638,1150,53590,36063732,684792
2021-06-13,Spain,56612,1078,50032,36120344,685870
2021-06-14,Spain,53510,1016,47290,36173854,686886
2021-06-15,Spain,53607,1020,47376,36227461,687906
2021-06-16,Spain,57922,1100,51190,36285383,689006
2021-06-17,Spain,52122,989,46064,36337505,689995
2021-06-18,Spain,50173,952,44341,36387678,690947
2021-06-19,Spain,49430,936,43685,36437108,691883
2021-06-20,Spain,49016,933,43319,36486124,692816
2021-06-21,Spain,48140,913,42544,36534264,693729
2021-06-22,Spain,45704,869,40392,36579968,694598
2021-06-23,Spain,45341,860,40071,36625309,695458
2021-06-24,Spain,45294,858,40029,36670603,696316
2021-06-25,Spain,47842,909,42281,36718445,697225
2021-06-26,Spain,44809,849,39601,36763254,698074
2021-06-27,Spain,44429,843,39265,36807683,698917
2021-06-28,Spain,46911,888,41458,36854594,699805
2021-06-29,Spain,46132,875,40770,36900726,700680
2021-06-30,Spain,41944,796,37069,36942670,701476
2021-07-01,Spain,40448,767,35746,36983118,702243
2021-07-02,Spain,39217,746,34659,37022335,702989
2021-07-03,Spain,41611,790,36774,37063946,703779
2021-07-04,Spain,39044,747,34506,37102990,704526
2021-07-05,Spain,37935,721,33526,37140925,705247
2021-07-06,Spain,36379,687,32150,37177304,705934
2021-07-07,Spain,35735,678,31581,37213039,706612
2021-07-08,Spain,36998,702,32697,37250037,707314
2021-07-09,Spain,33322,631,29449,37283359,707945
2021-07-10,Spain,36668,696,32406,37320027,708641
2021-07-11,Spain,33281,630,29412,37353308,709271
2021-07-12,Spain,33216,631,29355,37386524,709902
2021-07-13,Spain,30554,576,27002,37417078,710478
2021-07-14,Spain,32010,610,28289,37449088,711088
2021-07-15,Spain,30807,582,27226,37479895,711670
2021-07-16,Spain,30543,579,26993,37510438,712249
2021-07-17,Spain,32130,608,28395,37542568,712857
2021-07-18,Spain,29500,560,26071,37572068,713417
2021-07-19,Spain,27426,520,24238,37599494,713937
2021-07-20,Spain,26899,511,23772,37626393,714448
2021-07-21,Spain,28040,534,24781,37654433,714982
2021-07-22,Spain,28302,539,25012,37682735,715521
2021-07-23,Spain,26296,499,23239,37709031,716020
2021-07-24,Spain,26165,497,23123,37735196,716517
2021-07-25,Spain,25418,486,22463,37760614,717003
2021-07-26,Spain,25754,490,22760,37786368,717493
2021-07-27,Spain,21150,401,18691,37807518,717894
2021-07-28,Spain,23598,450,20855,37831116,718344
2021-07-29,Spain,23339,444,20626,37854455,718788
2021-07-30,Spain,20210,381,17861,37874665,719169
2021-07-31,Spain,20154,382,17811,37894819,719551
2021-08-01,Spain,19651,370,17367,37914470,719921
2021-08-02,Spain,19242,360,17005,37933712,720281
2021-08-03,Spain,18958,358,16754,37952670,720639
2021-08-04,Spain,19121,363,16898,37971791,721002
2021-08-05,Spain,19162,364,16934,37990953,721366
2021-08-06,Spain,18817,354,16630,38009770,721720
2021-08-07,Spain,16618,310,14686,38026388,722030
2021-08-08,Spain,16136,309,14260,38042524,722339
2021-08-09,Spain,17440,331,15413,38059964,722670
2021-08-10,Spain,16399,314,14493,38076363,722984
2021-08-11,Spain,15482,297,13682,38091845,723281
2021-08-12,Spain,15315,292,13535,38107160,723573
2021-08-13,Spain,14490,275,12805,38121650,723848
2021-08-14,Spain,14443,273,12764,38136093,724121
2021-08-15,Spain,13414,256,11854,38149507,724377
2021-08-16,Spain,13402,254,11844,38162909,724631
2021-08-17,Spain,11844,223,10467,38174753,724854
2021-08-18,Spain,11985,223,10592,38186738,725077
2021-08-19,Spain,11613,220,10263,38198351,725297
2021-08-20,Spain,11420,219,10092,38209771,725516
2021-08-21,Spain,10741,206,9492,38220512,725722
2021-08-22,Spain,10608,201,9375,38231120,725923
2021-08-23,Spain,9744,183,8611,38240864,726106
2021-08-24,Spain,10477,200,9259,38251341,726306
2021-08-25,Spain,9817,186,8676,38261158,726492
2021-08-26,Spain,8714,164,7701,38269872,726656
2021-08-27,Spain,8822,164,7796,38278694,726820
2021-08-28,Spain,9044,176,7992,38287738,726996
2021-08-29,Spain,8355,160,7383,38296093,727156
2021-08-30,Spain,8003,153,7072,38304096,727309
2021-08-31,Spain,7974,149,7047,38312070,727458
2021-09-01,Spain,7856,149,6942,38319926,727607
2021-09-02,Spain,6914,131,6110,38326840,727738
2021-09-03,Spain,7383,141,6524,38334223,727879
2021-09-04,Spain,6649,129,5876,38340872,728008
2021-09-05,Spain,6671,123,5895,38347543,728131
2021-09-06,Spain,6423,119,5676,38353966,728250
2021-09-07,Spain,6034,115,5332,38360000,728365
2021-09-08,Spain,5662,106,5003,38365662,728471
2021-09-09,Spain,5665,109,5006,38371327,728580
2021-09-10,Spain,5983,112,5287,38377310,728692
2021-09-11,Spain,4959,91,4382,38382269,728783
2021-09-12,Spain,5555,102,4909,38387824,728885
2021-09-13,Spain,4860,93,4295,38392684,728978
2021-09-14,Spain,4743,91,4191,38397427,729069
2021-09-15,Spain,4302,83,3802,38401729,729152
2021-09-16,Spain,4204,80,3715,38405933,729232
2021-09-17,Spain,4095,70,3619,38410028,729302
2021-09-18,Spain,3822,73,3377,38413850,729375
2021-09-19,Spain,3833,69,3387,38417683,729444
2021-09-20,Spain,3642,65,3218,38421325,729509
2021-09-21,Spain,3900,70,3446,38425225,729579
2021-09-22,Spain,3222,57,2847,38428447,729636
2021-09-23,Spain,3299,63,2915,38431746,729699
2021-09-24,Spain,3186,59,2815,38434932,729758
2021-09-25,Spain,2854,51,2522,38437786,729809
2021-09-26,Spain,2991,56,2643,38440777,729865
2021-09-27,Spain,2714,49,2398,38443491,729914
2021-09-28,Spain,2319,46,2049,38445810,729960
2021-09-29,Spain,2624,52,2319,38448434,730012
2021-09-30,Spain,2294,43,2027,38450728,730055
2021-10-01,Spain,2203,44,1946,38452931,730099
2021-10-02,Spain,2302,46,2034,38455233,730145
2021-10-03,Spain,2091,39,1847,38457324,730184
2021-10-04,Spain,2129,43,1881,38459453,730227
2021-10-05,Spain,2064,37,1824,38461517,730264
2021-10-06,Spain,1798,30,1589,38463315,730294
2021-10-07,Spain,1847,31,1632,38465162,730325
2021-10-08,Spain,1631,29,1441,38466793,730354
2021-10-09,Spain,1802,35,1592,38468595,730389
2021-10-10,Spain,1491,26,1317,38470086,730415
2021-10-11,Spain,1551,28,1370,38471637,730443
2021-10-12,Spain,1467,25,1296,38473104,730468
2021-10-13,Spain,1363,24,1204,38474467,730492
2021-10-14,Spain,1236,26,1092,38475703,730518
2021-10-15,Spain,1210,23,1069,38476913,730541
2021-10-16,Spain,1035,18,914,38477948,730559
2021-10-17,Spain,1120,23,989,38479068,730582
2021-10-18,Spain,1073,20,948,38480141,730602
2021-10-19,Spain,1011,19,893,38481152,730621
2021-10-20,Spain,810,17,715,38481962,730638
2021-10-21,Spain,850,15,751,38482812,730653
2021-10-22,Spain,832,17,735,38483644,730670
2021-10-23,Spain,835,17,737,38484479,730687
2021-10-24,Spain,794,14,701,38485273,730701
2021-10-25,Spain,737,11,651,38486010,730712
2021-10-26,Spain,730,13,645,38486740,730725
2021-10-27,Spain,636,14,562,38487376,730739
2021-10-28,Spain,658,14,581,38488034,730753
2021-10-29,Spain,620,15,547,38488654,730768
2021-10-30,Spain,586,10,517,38489240,730778
2021-10-31,Spain,540,11,477,38489780,730789
2021-11-01,Spain,566,8,500,38490346,730797
2021-11-02,Spain,503,9,444,38490849,730806
2021-11-03,Spain,442,10,390,38491291,730816
2021-11-04,Spain,447,10,395,38491738,730826
2021-11-05,Spain,434,8,383,38492172,730834
2021-11-06,Spain,384,6,339,38492556,730840
2021-11-07,Spain,396,5,349,38492952,730845
2021-11-08,Spain,362,6,319,38493314,730851
2021-11-09,Spain,294,2,259,38493608,730853
2021-11-10,Spain,323,5,285,38493931,730858
2021-11-11,Spain,294,1,259,38494225,730859
2021-11-12,Spain,293,2,258,38494518,730861
2021-11-13,Spain,283,7,250,38494801,730868
2021-11-14,Spain,257,6,227,38495058,730874
2021-11-15,Spain,262,4,231,38495320,730878
2021-11-16,Spain,225,4,198,38495545,730882
2021-11-17,Spain,222,4,196,38495767,730886
2021-11-18,Spain,211,4,186,38495978,730890
2021-11-19,Spain,190,4,167,38496168,730894
2021-11-20,Spain,188,0,166,38496356,730894
2021-11-21,Spain,164,0,144,38496520,730894
2021-11-22,Spain,156,0,137,38496676,730894
2021-11-23,Spain,140,2,123,38496816,730896
2021-11-24,Spain,144,4,127,38496960,730900
2021-11-25,Spain,137,3,121,38497097,730903
2021-11-26,Spain,135,3,119,38497232,730906
2021-11-27,Spain,125,0,110,38497357,730906
2021-11-28,Spain,110,1,97,38497467,730907
2021-11-29,Spain,98,1,86,38497565,730908
2021-11-30,Spain,102,0,90,38497667,730908
2021-12-01,Spain,100,0,88,38497767,730908
2021-12-02,Spain,92,1,81,38497859,730909
2021-12-03,Spain,88,2,77,38497947,730911
2021-12-04,Spain,76,0,67,38498023,730911
2021-12-05,Spain,71,0,62,38498094,730911
2021-12-06,Spain,65,3,57,38498159,730914
2021-12-07,Spain,64,0,56,38498223,730914
2021-12-08,Spain,60,1,53,38498283,730915
2021-12-09,Spain,57,0,50,38498340,730915
2021-12-10,Spain,53,0,46,38498393,730915
2021-12-11,Spain,49,4,43,38498442,730919
2021-12-12,Spain,44,1,38,38498486,730920
2021-12-13,Spain,47,0,41,38498533,730920
2021-12-14,Spain,41,3,36,38498574,730923
2021-12-15,Spain,38,1,33,38498612,730924
2021-12-16,Spain,34,0,30,38498646,730924
2021-12-17,Spain,30,3,26,38498676,730927
2021-12-18,Spain,35,0,30,38498711,730927
2021-12-19,Spain,31,4,27,38498742,730931
2021-12-20,Spain,24,0,21,38498766,730931
2021-12-21,Spain,27,2,23,38498793,730933
2021-12-22,Spain,26,6,22,38498819,730939
2021-12-23,Spain,23,0,20,38498842,730939
2021-12-24,Spain,24,0,21,38498866,730939
2021-12-25,Spain,20,0,17,38498886,730939
2021-12-26,Spain,15,0,13,38498901,730939
2021-12-27,Spain,18,0,15,38498919,730939
2021-12-28,Spain,16,0,14,38498935,730939
2021-12-29,Spain,14,6,12,38498949,730945
2021-12-30,Spain,15,0,13,38498964,730945
2020-01-01,Canada,24747,254,21140,24747,254
2020-01-02,Canada,27006,279,23070,51753,533
2020-01-03,Canada,27067,280,23122,78820,813
2020-01-04,Canada,26811,278,22903,105631,1091
2020-01-05,Canada,28321,294,24193,133952,1385
2020-01-06,Canada,27994,286,23914,161946,1671
2020-01-07,Canada,26626,273,22745,188572,1944
2020-01-08,Canada,29103,299,24861,217675,2243
2020-01-09,Canada,28481,295,24330,246156,2538
2020-01-10,Canada,30990,320,26473,277146,2858
2020-01-11,Canada,30050,306,25670,307196,3164
2020-01-12,Canada,33254,348,28407,340450,3512
2020-01-13,Canada,34493,353,29465,374943,3865
2020-01-14,Canada,33457,346,28580,408400,4211
2020-01-15,Canada,30236,314,25829,438636,4525
2020-01-16,Canada,35699,368,30496,474335,4893
2020-01-17,Canada,36264,376,30978,510599,5269
2020-01-18,Canada,34058,350,29094,544657,5619
2020-01-19,Canada,36712,380,31361,581369,5999
2020-01-20,Canada,33873,346,28936,615242,6345
2020-01-21,Canada,31943,333,27287,647185,6678
2020-01-22,Canada,34269,355,29274,681454,7033
2020-01-23,Canada,39126,402,33423,720580,7435
2020-01-24,Canada,33677,350,28768,754257,7785
2020-01-25,Canada,36766,384,31407,791023,8169
2020-01-26,Canada,37199,383,31777,828222,8552
2020-01-27,Canada,36535,378,31210,864757,8930
2020-01-28,Canada,37013,382,31618,901770,9312
2020-01-29,Canada,38339,395,32751,940109,9707
2020-01-30,Canada,37459,386,31999,977568,10093
2020-01-31,Canada,36110,372,30847,1013678,10465
2020-02-01,Canada,39624,409,33849,1053302,10874
2020-02-02,Canada,41642,430,35573,1094944,11304
2020-02-03,Canada,41563,429,35505,1136507,11733
2020-02-04,Canada,38506,400,32894,1175013,12133
2020-02-05,Canada,37894,393,32371,1212907,12526
2020-02-06,Canada,40130,412,34281,1253037,12938
2020-02-07,Canada,44198,456,37756,1297235,13394
2020-02-08,Canada,42582,443,36376,1339817,13837
2020-02-09,Canada,42969,445,36706,1382786,14282
2020-02-10,Canada,43613,452,37256,1426399,14734
2020-02-11,Canada,42876,444,36627,1469275,15178
2020-02-12,Canada,42474,439,36283,1511749,15617
2020-02-13,Canada,43843,454,37453,1555592,16071
2020-02-14,Canada,41480,428,35434,1597072,16499
2020-02-15,Canada,39811,414,34008,1636883,16913
2020-02-16,Canada,44586,461,38087,1681469,17374
2020-02-17,Canada,45881,475,39194,1727350,17849
2020-02-18,Canada,40946,425,34978,1768296,18274
2020-02-19,Canada,45317,468,38712,1813613,18742
2020-02-20,Canada,47344,490,40444,1860957,19232
2020-02-21,Canada,43801,453,37417,1904758,19685
2020-02-22,Canada,42131,436,35990,1946889,20121
2020-02-23,Canada,44312,458,37853,1991201,20579
2020-02-24,Canada,42927,443,36670,2034128,21022
2020-02-25,Canada,42868,442,36620,2076996,21464
2020-02-26,Canada,45272,468,38674,2122268,21932
2020-02-27,Canada,40820,424,34870,2163088,22356
2020-02-28,Canada,41228,428,35219,2204316,22784
2020-02-29,Canada,44527,458,38037,2248843,23242
2020-03-01,Canada,44470,459,37988,2293313,23701
2020-03-02,Canada,45309,468,38705,2338622,24169
2020-03-03,Canada,48737,501,41634,2387359,24670
2020-03-04,Canada,44794,464,38265,2432153,25134
2020-03-05,Canada,45886,475,39198,2478039,25609
2020-03-06,Canada,42362,442,36188,2520401,26051
2020-03-07,Canada,46216,478,39480,2566617,26529
2020-03-08,Canada,43296,446,36986,2609913,26975
2020-03-09,Canada,44577,460,38080,2654490,27435
2020-03-10,Canada,44117,456,37687,2698607,27891
2020-03-11,Canada,46578,483,39789,2745185,28374
2020-03-12,Canada,41313,429,35292,2786498,28803
2020-03-13,Canada,39082,410,33386,2825580,29213
2020-03-14,Canada,43554,448,37206,2869134,29661
2020-03-15,Canada,44945,465,38394,2914079,30126
2020-03-16,Canada,44133,455,37701,2958212,30581
2020-03-17,Canada,46367,481,39609,3004579,31062
2020-03-18,Canada,44493,463,38008,3049072,31525
2020-03-19,Canada,42174,438,36027,3091246,31963
2020-03-20,Canada,38217,393,32647,3129463,32356
2020-03-21,Canada,42578,442,36372,3172041,32798
2020-03-22,Canada,45131,463,38553,3217172,33261
2020-03-23,Canada,41912,429,35803,3259084,33690
2020-03-24,Canada,42630,441,36417,3301714,34131
2020-03-25,Canada,43276,449,36968,3344990,34580
2020-03-26,Canada,40046,415,34209,3385036,34995
2020-03-27,Canada,43298,452,36987,3428334,35447
2020-03-28,Canada,45205,468,38616,3473539,35915
2020-03-29,Canada,41213,426,35206,3514752,36341
2020-03-30,Canada,39019,406,33332,3553771,36747
2020-03-31,Canada,40997,423,35022,3594768,37170
2020-04-01,Canada,36355,377,31056,3631123,37547
2020-04-02,Canada,41362,429,35333,3672485,37976
2020-04-03,Canada,41357,426,35329,3713842,38402
2020-04-04,Canada,43575,452,37224,3757417,38854
2020-04-05,Canada,39575,414,33807,3796992,39268
2020-04-06,Canada,40531,422,34623,3837523,39690
2020-04-07,Canada,37772,389,32267,3875295,40079
2020-04-08,Canada,38524,403,32909,3913819,40482
2020-04-09,Canada,35999,374,30752,3949818,40856
2020-04-10,Canada,38344,398,32755,3988162,41254
2020-04-11,Canada,37881,392,32360,4026043,41646
2020-04-12,Canada,38786,403,33133,4064829,42049
2020-04-13,Canada,36776,381,31416,4101605,42430
2020-04-14,Canada,37864,392,32345,4139469,42822
2020-04-15,Canada,36829,381,31461,4176298,43203
2020-04-16,Canada,36584,380,31252,4212882,43583
2020-04-17,Canada,37098,386,31691,4249980,43969
2020-04-18,Canada,36774,380,31414,4286754,44349
2020-04-19,Canada,37840,388,32325,4324594,44737
2020-04-20,Canada,35987,372,30742,4360581,45109
2020-04-21,Canada,35334,364,30184,4395915,45473
2020-04-22,Canada,35400,365,30240,4431315,45838
2020-04-23,Canada,34218,354,29231,4465533,46192
2020-04-24,Canada,34619,356,29573,4500152,46548
2020-04-25,Canada,38584,396,32960,4538736,46944
2020-04-26,Canada,33212,344,28371,4571948,47288
2020-04-27,Canada,34100,353,29130,4606048,47641
2020-04-28,Canada,33701,349,28789,4639749,47990
2020-04-29,Canada,33736,350,28819,4673485,48340
2020-04-30,Canada,33393,344,28526,4706878,48684
2020-05-01,Canada,34230,355,29241,4741108,49039
2020-05-02,Canada,30696,320,26222,4771804,49359
2020-05-03,Canada,35117,363,29999,4806921,49722
2020-05-04,Canada,34258,358,29265,4841179,50080
2020-05-05,Canada,30984,321,26468,4872163,50401
2020-05-06,Canada,29144,300,24896,4901307,50701
2020-05-07,Canada,31122,324,26586,4932429,51025
2020-05-08,Canada,32180,333,27490,4964609,51358
2020-05-09,Canada,36626,381,31288,5001235,51739
2020-05-10,Canada,33187,344,28350,5034422,52083
2020-05-11,Canada,29278,302,25010,5063700,52385
2020-05-12,Canada,30971,323,26457,5094671,52708
2020-05-13,Canada,31891,329,27243,5126562,53037
2020-05-14,Canada,32288,330,27582,5158850,53367
2020-05-15,Canada,29709,309,25379,5188559,53676
2020-05-16,Canada,31514,327,26921,5220073,54003
2020-05-17,Canada,30528,318,26078,5250601,54321
2020-05-18,Canada,29867,307,25514,5280468,54628
2020-05-19,Canada,31980,330,27319,5312448,54958
2020-05-20,Canada,32759,338,27984,5345207,55296
2020-05-21,Canada,32843,342,28056,5378050,55638
2020-05-22,Canada,32411,337,27687,5410461,55975
2020-05-23,Canada,30722,318,26244,5441183,56293
2020-05-24,Canada,32644,338,27886,5473827,56631
2020-05-25,Canada,32026,329,27358,5505853,56960
2020-05-26,Canada,31783,330,27150,5537636,57290
2020-05-27,Canada,30647,319,26180,5568283,57609
2020-05-28,Canada,30883,324,26382,5599166,57933
2020-05-29,Canada,31853,330,27210,5631019,58263
2020-05-30,Canada,35696,371,30493,5666715,58634
2020-05-31,Canada,32381,336,27661,5699096,58970
2020-06-01,Canada,31021,319,26499,5730117,59289
2020-06-02,Canada,30772,321,26287,5760889,59610
2020-06-03,Canada,31437,325,26855,5792326,59935
2020-06-04,Canada,35887,371,30656,5828213,60306
2020-06-05,Canada,31855,329,27212,5860068,60635
2020-06-06,Canada,34139,353,29163,5894207,60988
2020-06-07,Canada,32204,332,27510,5926411,61320
2020-06-08,Canada,33427,346,28555,5959838,61666
2020-06-09,Canada,34495,357,29467,5994333,62023
2020-06-10,Canada,32420,335,27695,6026753,62358
2020-06-11,Canada,32503,337,27765,6059256,62695
2020-06-12,Canada,36600,379,31265,6095856,63074
2020-06-13,Canada,35695,368,30492,6131551,63442
2020-06-14,Canada,35609,367,30419,6167160,63809
2020-06-15,Canada,35856,371,30630,6203016,64180
2020-06-16,Canada,35548,366,30367,6238564,64546
2020-06-17,Canada,38545,397,32927,6277109,64943
2020-06-18,Canada,35358,364,30204,6312467,65307
2020-06-19,Canada,36586,379,31253,6349053,65686
2020-06-20,Canada,33244,346,28398,6382297,66032
2020-06-21,Canada,34648,359,29598,6416945,66391
2020-06-22,Canada,34252,356,29260,6451197,66747
2020-06-23,Canada,39093,404,33395,6490290,67151
2020-06-24,Canada,32333,335,27620,6522623,67486
2020-06-25,Canada,36637,382,31297,6559260,67868
2020-06-26,Canada,32069,333,27395,6591329,68201
2020-06-27,Canada,36471,379,31155,6627800,68580
2020-06-28,Canada,37451,387,31992,6665251,68967
2020-06-29,Canada,41424,429,35386,6706675,69396
2020-06-30,Canada,39866,413,34055,6746541,69809
2020-07-01,Canada,37802,390,32292,6784343,70199
2020-07-02,Canada,41929,429,35818,6826272,70628
2020-07-03,Canada,40205,417,34345,6866477,71045
2020-07-04,Canada,40613,422,34694,6907090,71467
2020-07-05,Canada,38446,398,32842,6945536,71865
2020-07-06,Canada,39235,405,33516,6984771,72270
2020-07-07,Canada,39935,413,34114,7024706,72683
2020-07-08,Canada,42129,432,35989,7066835,73115
2020-07-09,Canada,42575,440,36370,7109410,73555
2020-07-10,Canada,46095,475,39377,7155505,74030
2020-07-11,Canada,44001,454,37588,7199506,74484
2020-07-12,Canada,37652,387,32164,7237158,74871
2020-07-13,Canada,44508,458,38021,7281666,75329
2020-07-14,Canada,41096,423,35106,7322762,75752
2020-07-15,Canada,42530,441,36331,7365292,76193
2020-07-16,Canada,43235,446,36933,7408527,76639
2020-07-17,Canada,43934,452,37531,7452461,77091
2020-07-18,Canada,42663,443,36445,7495124,77534
2020-07-19,Canada,46655,483,39855,7541779,78017
2020-07-20,Canada,43267,443,36961,7585046,78460
2020-07-21,Canada,47753,496,40793,7632799,78956
2020-07-22,Canada,52566,544,44904,7685365,79500
2020-07-23,Canada,44464,462,37983,7729829,79962
2020-07-24,Canada,47299,489,40405,7777128,80451
2020-07-25,Canada,42228,440,36073,7819356,80891
2020-07-26,Canada,47935,495,40948,7867291,81386
2020-07-27,Canada,50577,518,43205,7917868,81904
2020-07-28,Canada,51108,527,43659,7968976,82431
2020-07-29,Canada,49843,517,42578,8018819,82948
2020-07-30,Canada,52187,540,44581,8071006,83488
2020-07-31,Canada,56673,586,48413,8127679,84074
2020-08-01,Canada,54901,566,46899,8182580,84640
2020-08-02,Canada,49530,513,42311,8232110,85153
2020-08-03,Canada,47429,491,40516,8279539,85644
2020-08-04,Canada,50370,521,43029,8329909,86165
2020-08-05,Canada,49230,511,42055,8379139,86676
2020-08-06,Canada,53105,550,45365,8432244,87226
2020-08-07,Canada,49094,508,41938,8481338,87734
2020-08-08,Canada,52219,538,44608,8533557,88272
2020-08-09,Canada,54840,570,46847,8588397,88842
2020-08-10,Canada,52581,548,44917,8640978,89390
2020-08-11,Canada,50538,527,43172,8691516,89917
2020-08-12,Canada,56368,585,48152,8747884,90502
2020-08-13,Canada,48398,498,41344,8796282,91000
2020-08-14,Canada,52707,542,45025,8848989,91542
2020-08-15,Canada,53628,554,45812,8902617,92096
2020-08-16,Canada,53926,558,46066,8956543,92654
2020-08-17,Canada,54502,564,46558,9011045,93218
2020-08-18,Canada,55785,578,47654,9066830,93796
2020-08-19,Canada,54141,558,46250,9120971,94354
2020-08-20,Canada,53329,555,45556,9174300,94909
2020-08-21,Canada,53299,555,45531,9227599,95464
2020-08-22,Canada,52808,544,45111,9280407,96008
2020-08-23,Canada,56674,583,48414,9337081,96591
2020-08-24,Canada,52801,546,45105,9389882,97137
2020-08-25,Canada,56903,592,48609,9446785,97729
2020-08-26,Canada,54655,566,46689,9501440,98295
2020-08-27,Canada,53177,551,45426,9554617,98846
2020-08-28,Canada,56273,582,48071,9610890,99428
2020-08-29,Canada,52570,544,44908,9663460,99972
2020-08-30,Canada,56252,584,48053,9719712,100556
2020-08-31,Canada,55034,570,47013,9774746,101126
2020-09-01,Canada,52761,547,45071,9827507,101673
2020-09-02,Canada,55734,574,47611,9883241,102247
2020-09-03,Canada,55681,581,47566,9938922,102828
2020-09-04,Canada,57218,589,48878,9996140,103417
2020-09-05,Canada,56568,586,48323,10052708,104003
2020-09-06,Canada,55143,570,47106,10107851,104573
2020-09-07,Canada,50640,524,43259,10158491,105097
2020-09-08,Canada,60052,623,51299,10218543,105720
2020-09-09,Canada,49575,512,42349,10268118,106232
2020-09-10,Canada,55648,575,47537,10323766,106807
2020-09-11,Canada,54060,557,46181,10377826,107364
2020-09-12,Canada,49603,516,42373,10427429,107880
2020-09-13,Canada,52140,540,44541,10479569,108420
2020-09-14,Canada,52015,540,44434,10531584,108960
2020-09-15,Canada,55356,575,47288,10586940,109535
2020-09-16,Canada,49848,520,42583,10636788,110055
2020-09-17,Canada,50737,529,43342,10687525,110584
2020-09-18,Canada,45144,468,38564,10732669,111052
2020-09-19,Canada,55220,572,47172,10787889,111624
2020-09-20,Canada,47791,494,40825,10835680,112118
2020-09-21,Canada,50987,529,43556,10886667,112647
2020-09-22,Canada,49575,515,42349,10936242,113162
2020-09-23,Canada,49236,508,42060,10985478,113670
2020-09-24,Canada,51108,530,43659,11036586,114200
2020-09-25,Canada,52824,549,45125,11089410,114749
2020-09-26,Canada,48978,505,41839,11138388,115254
2020-09-27,Canada,49552,513,42330,11187940,115767
2020-09-28,Canada,48365,500,41316,11236305,116267
2020-09-29,Canada,49576,513,42350,11285881,116780
2020-09-30,Canada,45677,471,39019,11331558,117251
2020-10-01,Canada,48829,502,41712,11380387,117753
2020-10-02,Canada,48455,500,41393,11428842,118253
2020-10-03,Canada,47928,494,40942,11476770,118747
2020-10-04,Canada,43534,451,37189,11520304,119198
2020-10-05,Canada,44193,458,37752,11564497,119656
2020-10-06,Canada,44637,463,38131,11609134,120119
2020-10-07,Canada,40651,418,34726,11649785,120537
2020-10-08,Canada,46617,480,39822,11696402,121017
2020-10-09,Canada,42671,440,36452,11739073,121457
2020-10-10,Canada,42815,443,36575,11781888,121900
2020-10-11,Canada,40526,419,34619,11822414,122319
2020-10-12,Canada,38503,399,32891,11860917,122718
2020-10-13,Canada,39516,411,33756,11900433,123129
2020-10-14,Canada,40692,419,34761,11941125,123548
2020-10-15,Canada,41089,423,35100,11982214,123971
2020-10-16,Canada,39565,410,33798,12021779,124381
2020-10-17,Canada,39415,408,33670,12061194,124789
2020-10-18,Canada,37591,390,32112,12098785,125179
2020-10-19,Canada,38664,400,33029,12137449,125579
2020-10-20,Canada,39980,417,34153,12177429,125996
2020-10-21,Canada,38003,390,32464,12215432,126386
2020-10-22,Canada,37664,391,32174,12253096,126777
2020-10-23,Canada,36213,375,30935,12289309,127152
2020-10-24,Canada,32533,334,27791,12321842,127486
2020-10-25,Canada,32857,336,28068,12354699,127822
2020-10-26,Canada,34939,359,29846,12389638,128181
2020-10-27,Canada,33636,350,28733,12423274,128531
2020-10-28,Canada,33880,353,28942,12457154,128884
2020-10-29,Canada,35387,366,30229,12492541,129250
2020-10-30,Canada,33317,344,28461,12525858,129594
2020-10-31,Canada,33647,346,28743,12559505,129940
2020-11-01,Canada,31308,323,26745,12590813,130263
2020-11-02,Canada,29432,303,25142,12620245,130566
2020-11-03,Canada,30098,315,25711,12650343,130881
2020-11-04,Canada,28509,292,24354,12678852,131173
2020-11-05,Canada,31508,327,26915,12710360,131500
2020-11-06,Canada,29896,313,25538,12740256,131813
2020-11-07,Canada,29030,302,24799,12769286,132115
2020-11-08,Canada,29555,303,25247,12798841,132418
2020-11-09,Canada,24613,251,21025,12823454,132669
2020-11-10,Canada,27726,287,23685,12851180,132956
2020-11-11,Canada,24756,256,21148,12875936,133212
2020-11-12,Canada,26051,272,22254,12901987,133484
2020-11-13,Canada,25234,262,21556,12927221,133746
2020-11-14,Canada,26051,268,22254,12953272,134014
2020-11-15,Canada,25089,258,21432,12978361,134272
2020-11-16,Canada,26047,267,22250,13004408,134539
2020-11-17,Canada,23287,241,19893,13027695,134780
2020-11-18,Canada,24464,250,20898,13052159,135030
2020-11-19,Canada,23439,244,20022,13075598,135274
2020-11-20,Canada,21011,218,17948,13096609,135492
2020-11-21,Canada,21491,223,18358,13118100,135715
2020-11-22,Canada,22014,225,18805,13140114,135940
2020-11-23,Canada,23059,238,19698,13163173,136178
2020-11-24,Canada,22016,227,18807,13185189,136405
2020-11-25,Canada,19962,207,17052,13205151,136612
2020-11-26,Canada,20749,216,17725,13225900,136828
2020-11-27,Canada,22682,233,19376,13248582,137061
2020-11-28,Canada,20431,210,17453,13269013,137271
2020-11-29,Canada,19718,205,16844,13288731,137476
2020-11-30,Canada,20273,207,17318,13309004,137683
2020-12-01,Canada,20284,208,17327,13329288,137891
2020-12-02,Canada,18861,195,16112,13348149,138086
2020-12-03,Canada,19557,204,16706,13367706,138290
2020-12-04,Canada,18555,190,15850,13386261,138480
2020-12-05,Canada,19338,203,16519,13405599,138683
2020-12-06,Canada,18636,190,15919,13424235,138873
2020-12-07,Canada,18747,197,16014,13442982,139070
2020-12-08,Canada,17455,183,14911,13460437,139253
2020-12-09,Canada,17257,175,14741,13477694,139428
2020-12-10,Canada,18707,190,15980,13496401,139618
2020-12-11,Canada,17670,184,15094,13514071,139802
2020-12-12,Canada,17885,184,15278,13531956,139986
2020-12-13,Canada,17270,176,14753,13549226,140162
2020-12-14,Canada,18245,192,15585,13567471,140354
2020-12-15,Canada,16864,172,14406,13584335,140526
2020-12-16,Canada,17223,176,14712,13601558,140702
2020-12-17,Canada,17983,185,15362,13619541,140887
2020-12-18,Canada,18293,183,15626,13637834,141070
2020-12-19,Canada,16816,174,14365,13654650,141244
2020-12-20,Canada,18967,194,16202,13673617,141438
2020-12-21,Canada,17563,183,15003,13691180,141621
2020-12-22,Canada,16421,172,14027,13707601,141793
2020-12-23,Canada,17694,183,15115,13725295,141976
2020-12-24,Canada,17101,177,14608,13742396,142153
2020-12-25,Canada,17893,185,15285,13760289,142338
2020-12-26,Canada,17566,180,15005,13777855,142518
2020-12-27,Canada,17776,182,15185,13795631,142700
2020-12-28,Canada,17017,178,14536,13812648,142878
2020-12-29,Canada,18857,196,16108,13831505,143074
2020-12-30,Canada,17069,177,14581,13848574,143251
2020-12-31,Canada,17268,180,14751,13865842,143431
2021-01-01,Canada,18802,194,16061,13884644,143625
2021-01-02,Canada,20153,209,17215,13904797,143834
2021-01-03,Canada,18533,193,15831,13923330,144027
2021-01-04,Canada,19760,200,16880,13943090,144227
2021-01-05,Canada,20367,212,17398,13963457,144439
2021-01-06,Canada,20380,212,17409,13983837,144651
2021-01-07,Canada,19540,200,16692,14003377,144851
2021-01-08,Canada,19032,199,16258,14022409,145050
2021-01-09,Canada,18171,183,15522,14040580,145233
2021-01-10,Canada,20466,212,17483,14061046,145445
2021-01-11,Canada,22306,231,19055,14083352,145676
2021-01-12,Canada,20199,208,17255,14103551,145884
2021-01-13,Canada,22519,233,19237,14126070,146117
2021-01-14,Canada,21072,219,18000,14147142,146336
2021-01-15,Canada,22625,230,19327,14169767,146566
2021-01-16,Canada,23712,247,20256,14193479,146813
2021-01-17,Canada,22540,232,19255,14216019,147045
2021-01-18,Canada,23934,249,20445,14239953,147294
2021-01-19,Canada,23665,246,20216,14263618,147540
2021-01-20,Canada,25485,263,21770,14289103,147803
2021-01-21,Canada,25373,262,21675,14314476,148065
2021-01-22,Canada,25624,265,21889,14340100,148330
2021-01-23,Canada,28070,294,23979,14368170,148624
2021-01-24,Canada,27418,281,23422,14395588,148905
2021-01-25,Canada,26116,269,22309,14421704,149174
2021-01-26,Canada,27456,281,23454,14449160,149455
2021-01-27,Canada,28004,290,23922,14477164,149745
2021-01-28,Canada,28773,296,24579,14505937,150041
2021-01-29,Canada,32907,339,28111,14538844,150380
2021-01-30,Canada,30339,317,25917,14569183,150697
2021-01-31,Canada,27273,280,23298,14596456,150977
2021-02-01,Canada,30117,311,25727,14626573,151288
2021-02-02,Canada,28508,294,24353,14655081,151582
2021-02-03,Canada,31639,326,27027,14686720,151908
2021-02-04,Canada,29531,311,25227,14716251,152219
2021-02-05,Canada,31964,327,27305,14748215,152546
2021-02-06,Canada,31469,327,26882,14779684,152873
2021-02-07,Canada,35376,371,30220,14815060,153244
2021-02-08,Canada,35366,368,30211,14850426,153612
2021-02-09,Canada,36576,379,31245,14887002,153991
2021-02-10,Canada,36510,375,31188,14923512,154366
2021-02-11,Canada,34774,362,29706,14958286,154728
2021-02-12,Canada,39046,406,33355,14997332,155134
2021-02-13,Canada,42489,437,36296,15039821,155571
2021-02-14,Canada,40269,416,34400,15080090,155987
2021-02-15,Canada,39310,404,33580,15119400,156391
2021-02-16,Canada,37956,387,32424,15157356,156778
2021-02-17,Canada,39702,408,33915,15197058,157186
2021-02-18,Canada,43270,448,36963,15240328,157634
2021-02-19,Canada,45345,470,38736,15285673,158104
2021-02-20,Canada,44334,458,37872,15330007,158562
2021-02-21,Canada,46274,482,39529,15376281,159044
2021-02-22,Canada,46828,487,40003,15423109,159531
2021-02-23,Canada,47127,487,40258,15470236,160018
2021-02-24,Canada,45162,467,38580,15515398,160485
2021-02-25,Canada,47852,496,40878,15563250,160981
2021-02-26,Canada,46134,477,39410,15609384,161458
2021-02-27,Canada,48962,504,41826,15658346,161962
2021-02-28,Canada,50481,522,43123,15708827,162484
2021-03-01,Canada,54630,567,46668,15763457,163051
2021-03-02,Canada,47786,497,40821,15811243,163548
2021-03-03,Canada,53123,552,45380,15864366,164100
2021-03-04,Canada,56505,586,48269,15920871,164686
2021-03-05,Canada,55364,576,47295,15976235,165262
2021-03-06,Canada,56321,584,48112,16032556,165846
2021-03-07,Canada,56404,584,48183,16088960,166430
2021-03-08,Canada,59119,615,50502,16148079,167045
2021-03-09,Canada,53172,552,45422,16201251,167597
2021-03-10,Canada,52994,551,45270,16254245,168148
2021-03-11,Canada,57629,594,49230,16311874,168742
2021-03-12,Canada,52039,537,44454,16363913,169279
2021-03-13,Canada,62672,647,53538,16426585,169926
2021-03-14,Canada,63370,656,54134,16489955,170582
2021-03-15,Canada,59091,615,50479,16549046,171197
2021-03-16,Canada,59937,618,51201,16608983,171815
2021-03-17,Canada,61506,639,52542,16670489,172454
2021-03-18,Canada,62543,645,53427,16733032,173099
2021-03-19,Canada,63422,661,54178,16796454,173760
2021-03-20,Canada,65429,674,55893,16861883,174434
2021-03-21,Canada,63717,661,54430,16925600,175095
2021-03-22,Canada,67941,705,58039,16993541,175800
2021-03-23,Canada,66938,694,57182,17060479,176494
2021-03-24,Canada,64057,661,54721,17124536,177155
2021-03-25,Canada,71084,734,60724,17195620,177889
2021-03-26,Canada,62628,651,53500,17258248,178540
2021-03-27,Canada,67426,700,57599,17325674,179240
2021-03-28,Canada,71571,743,61140,17397245,179983
2021-03-29,Canada,66298,689,56635,17463543,180672
2021-03-30,Canada,70360,725,60105,17533903,181397
2021-03-31,Canada,71670,739,61224,17605573,182136
2021-04-01,Canada,67222,695,57425,17672795,182831
2021-04-02,Canada,70443,728,60176,17743238,183559
2021-04-03,Canada,70581,730,60294,17813819,184289
2021-04-04,Canada,69584,721,59442,17883403,185010
2021-04-05,Canada,80247,833,68551,17963650,185843
2021-04-06,Canada,69589,720,59447,18033239,186563
2021-04-07,Canada,76374,789,65243,18109613,187352
2021-04-08,Canada,71634,743,61193,18181247,188095
2021-04-09,Canada,69412,718,59295,18250659,188813
2021-04-10,Canada,74094,767,63295,18324753,189580
2021-04-11,Canada,76412,790,65275,18401165,190370
2021-04-12,Canada,77704,805,66379,18478869,191175
2021-04-13,Canada,80364,830,68651,18559233,192005
2021-04-14,Canada,85791,890,73287,18645024,192895
2021-04-15,Canada,75932,786,64865,18720956,193681
2021-04-16,Canada,72694,751,62099,18793650,194432
2021-04-17,Canada,77071,799,65838,18870721,195231
2021-04-18,Canada,74513,770,63653,18945234,196001
2021-04-19,Canada,79157,818,67620,19024391,196819
2021-04-20,Canada,70852,731,60525,19095243,197550
2021-04-21,Canada,84846,875,72480,19180089,198425
2021-04-22,Canada,79184,821,67643,19259273,199246
2021-04-23,Canada,69584,723,59442,19328857,199969
2021-04-24,Canada,73319,758,62633,19402176,200727
2021-04-25,Canada,79127,818,67594,19481303,201545
2021-04-26,Canada,80484,830,68754,19561787,202375
2021-04-27,Canada,71145,732,60776,19632932,203107
2021-04-28,Canada,78633,816,67172,19711565,203923
2021-04-29,Canada,68463,705,58485,19780028,204628
2021-04-30,Canada,75417,779,64425,19855445,205407
2021-05-01,Canada,79845,827,68208,19935290,206234
2021-05-02,Canada,73419,760,62718,20008709,206994
2021-05-03,Canada,69665,722,59511,20078374,207716
2021-05-04,Canada,75715,784,64680,20154089,208500
2021-05-05,Canada,72699,752,62103,20226788,209252
2021-05-06,Canada,77101,796,65864,20303889,210048
2021-05-07,Canada,71209,736,60830,20375098,210784
2021-05-08,Canada,71380,738,60977,20446478,211522
2021-05-09,Canada,66494,685,56803,20512972,212207
2021-05-10,Canada,74300,768,63471,20587272,212975
2021-05-11,Canada,72766,753,62161,20660038,213728
2021-05-12,Canada,68681,710,58671,20728719,214438
2021-05-13,Canada,73371,759,62677,20802090,215197
2021-05-14,Canada,76007,788,64929,20878097,215985
2021-05-15,Canada,71127,738,60760,20949224,216723
2021-05-16,Canada,72453,753,61893,21021677,217476
2021-05-17,Canada,72040,743,61540,21093717,218219
2021-05-18,Canada,66371,686,56698,21160088,218905
2021-05-19,Canada,77382,804,66104,21237470,219709
2021-05-20,Canada,68048,701,58130,21305518,220410
2021-05-21,Canada,71468,738,61052,21376986,221148
2021-05-22,Canada,71332,737,60936,21448318,221885
2021-05-23,Canada,67691,705,57825,21516009,222590
2021-05-24,Canada,69681,719,59525,21585690,223309
2021-05-25,Canada,67901,705,58005,21653591,224014
2021-05-26,Canada,61795,640,52788,21715386,224654
2021-05-27,Canada,64835,669,55385,21780221,225323
2021-05-28,Canada,63337,661,54106,21843558,225984
2021-05-29,Canada,63238,655,54021,21906796,226639
2021-05-30,Canada,59934,621,51199,21966730,227260
2021-05-31,Canada,67063,695,57289,22033793,227955
2021-06-01,Canada,67881,704,57987,22101674,228659
2021-06-02,Canada,65237,680,55729,22166911,229339
2021-06-03,Canada,65443,681,55905,22232354,230020
2021-06-04,Canada,59812,617,51094,22292166,230637
2021-06-05,Canada,58265,607,49773,22350431,231244
2021-06-06,Canada,57174,590,48841,22407605,231834
2021-06-07,Canada,60686,629,51841,22468291,232463
2021-06-08,Canada,58746,605,50184,22527037,233068
2021-06-09,Canada,57151,594,48821,22584188,233662
2021-06-10,Canada,60322,624,51530,22644510,234286
2021-06-11,Canada,57058,588,48742,22701568,234874
2021-06-12,Canada,52877,550,45170,22754445,235424
2021-06-13,Canada,52599,547,44933,22807044,235971
2021-06-14,Canada,55542,578,47447,22862586,236549
2021-06-15,Canada,55721,574,47600,22918307,237123
2021-06-16,Canada,53650,558,45831,22971957,237681
2021-06-17,Canada,56335,583,48124,23028292,238264
2021-06-18,Canada,54840,572,46847,23083132,238836
2021-06-19,Canada,51034,529,43596,23134166,239365
2021-06-20,Canada,47106,488,40240,23181272,239853
2021-06-21,Canada,45231,468,38638,23226503,240321
2021-06-22,Canada,46713,483,39905,23273216,240804
2021-06-23,Canada,48634,502,41546,23321850,241306
2021-06-24,Canada,50312,519,42979,23372162,241825
2021-06-25,Canada,46278,478,39533,23418440,242303
2021-06-26,Canada,47169,491,40294,23465609,242794
2021-06-27,Canada,43259,445,36954,23508868,243239
2021-06-28,Canada,44371,462,37904,23553239,243701
2021-06-29,Canada,44008,456,37594,23597247,244157
2021-06-30,Canada,37394,388,31944,23634641,244545
2021-07-01,Canada,39902,415,34086,23674543,244960
2021-07-02,Canada,41888,435,35783,23716431,245395
2021-07-03,Canada,39773,412,33976,23756204,245807
2021-07-04,Canada,36181,374,30907,23792385,246181
2021-07-05,Canada,33150,345,28318,23825535,246526
2021-07-06,Canada,36319,374,31025,23861854,246900
2021-07-07,Canada,36128,371,30862,23897982,247271
2021-07-08,Canada,33954,350,29005,23931936,247621
2021-07-09,Canada,35047,363,29939,23966983,247984
2021-07-10,Canada,34939,365,29846,24001922,248349
2021-07-11,Canada,34478,357,29453,24036400,248706
2021-07-12,Canada,28800,302,24602,24065200,249008
2021-07-13,Canada,29844,310,25494,24095044,249318
2021-07-14,Canada,30770,317,26285,24125814,249635
2021-07-15,Canada,31430,327,26849,24157244,249962
2021-07-16,Canada,30603,316,26142,24187847,250278
2021-07-17,Canada,29884,310,25528,24217731,250588
2021-07-18,Canada,27978,287,23900,24245709,250875
2021-07-19,Canada,27407,280,23412,24273116,251155
2021-07-20,Canada,26218,272,22396,24299334,251427
2021-07-21,Canada,27585,287,23564,24326919,251714
2021-07-22,Canada,24732,260,21127,24351651,251974
2021-07-23,Canada,26372,271,22528,24378023,252245
2021-07-24,Canada,24932,261,21298,24402955,252506
2021-07-25,Canada,24008,251,20509,24426963,252757
2021-07-26,Canada,22688,234,19381,24449651,252991
2021-07-27,Canada,21312,223,18205,24470963,253214
2021-07-28,Canada,21555,225,18413,24492518,253439
2021-07-29,Canada,21342,223,18231,24513860,253662
2021-07-30,Canada,18626,197,15911,24532486,253859
2021-07-31,Canada,20370,213,17401,24552856,254072
2021-08-01,Canada,20950,212,17896,24573806,254284
2021-08-02,Canada,20036,208,17115,24593842,254492
2021-08-03,Canada,18481,188,15787,24612323,254680
2021-08-04,Canada,18473,191,15780,24630796,254871
2021-08-05,Canada,17419,180,14880,24648215,255051
2021-08-06,Canada,17544,180,14987,24665759,255231
2021-08-07,Canada,18226,186,15569,24683985,255417
2021-08-08,Canada,17234,177,14722,24701219,255594
2021-08-09,Canada,16378,169,13991,24717597,255763
2021-08-10,Canada,15115,156,12912,24732712,255919
2021-08-11,Canada,15606,161,13331,24748318,256080
2021-08-12,Canada,13362,139,11414,24761680,256219
2021-08-13,Canada,13978,144,11940,24775658,256363
2021-08-14,Canada,14131,148,12071,24789789,256511
2021-08-15,Canada,13804,142,11792,24803593,256653
2021-08-16,Canada,13334,139,11390,24816927,256792
2021-08-17,Canada,12685,130,10836,24829612,256922
2021-08-18,Canada,11990,129,10242,24841602,257051
2021-08-19,Canada,12043,125,10287,24853645,257176
2021-08-20,Canada,10812,115,9236,24864457,257291
2021-08-21,Canada,10524,107,8990,24874981,257398
2021-08-22,Canada,10666,109,9111,24885647,257507
2021-08-23,Canada,10375,106,8862,24896022,257613
2021-08-24,Canada,9037,98,7719,24905059,257711
2021-08-25,Canada,9836,101,8402,24914895,257812
2021-08-26,Canada,9655,98,8247,24924550,257910
2021-08-27,Canada,8947,95,7643,24933497,258005
2021-08-28,Canada,9709,100,8294,24943206,258105
2021-08-29,Canada,8092,83,6912,24951298,258188
2021-08-30,Canada,7943,81,6785,24959241,258269
2021-08-31,Canada,7654,80,6538,24966895,258349
2021-09-01,Canada,7506,79,6412,24974401,258428
2021-09-02,Canada,7148,75,6106,24981549,258503
2021-09-03,Canada,6515,66,5565,24988064,258569
2021-09-04,Canada,6573,66,5615,24994637,258635
2021-09-05,Canada,6482,59,5537,25001119,258694
2021-09-06,Canada,6664,67,5692,25007783,258761
2021-09-07,Canada,6715,68,5736,25014498,258829
2021-09-08,Canada,6213,64,5307,25020711,258893
2021-09-09,Canada,5388,55,4602,25026099,258948
2021-09-10,Canada,5208,59,4448,25031307,259007
2021-09-11,Canada,5151,54,4400,25036458,259061
2021-09-12,Canada,5443,53,4649,25041901,259114
2021-09-13,Canada,4764,50,4069,25046665,259164
2021-09-14,Canada,4311,45,3682,25050976,259209
2021-09-15,Canada,4328,42,3697,25055304,259251
2021-09-16,Canada,4428,46,3782,25059732,259297
2021-09-17,Canada,4240,44,3622,25063972,259341
2021-09-18,Canada,3896,42,3328,25067868,259383
2021-09-19,Canada,3909,36,3339,25071777,259419
2021-09-20,Canada,3213,34,2744,25074990,259453
2021-09-21,Canada,3499,39,2989,25078489,259492
2021-09-22,Canada,3484,39,2976,25081973,259531
2021-09-23,Canada,3068,29,2620,25085041,259560
2021-09-24,Canada,2941,30,2512,25087982,259590
2021-09-25,Canada,2666,27,2277,25090648,259617
2021-09-26,Canada,3046,32,2602,25093694,259649
2021-09-27,Canada,2604,26,2224,25096298,259675
2021-09-28,Canada,2619,25,2237,25098917,259700
2021-09-29,Canada,2553,26,2180,25101470,259726
2021-09-30,Canada,2552,25,2180,25104022,259751
2021-10-01,Canada,2251,24,1922,25106273,259775
2021-10-02,Canada,2112,20,1804,25108385,259795
2021-10-03,Canada,2094,19,1788,25110479,259814
2021-10-04,Canada,2114,24,1805,25112593,259838
2021-10-05,Canada,1881,24,1606,25114474,259862
2021-10-06,Canada,1725,21,1473,25116199,259883
2021-10-07,Canada,1597,16,1364,25117796,259899
2021-10-08,Canada,1552,18,1325,25119348,259917
2021-10-09,Canada,1649,15,1408,25120997,259932
2021-10-10,Canada,1483,16,1266,25122480,259948
2021-10-11,Canada,1394,13,1190,25123874,259961
2021-10-12,Canada,1323,16,1130,25125197,259977
2021-10-13,Canada,1315,15,1123,25126512,259992
2021-10-14,Canada,1233,16,1053,25127745,260008
2021-10-15,Canada,1173,11,1002,25128918,260019
2021-10-16,Canada,1211,15,1034,25130129,260034
2021-10-17,Canada,1165,13,995,25131294,260047
2021-10-18,Canada,944,9,806,25132238,260056
2021-10-19,Canada,996,10,850,25133234,260066
2021-10-20,Canada,895,12,764,25134129,260078
2021-10-21,Canada,876,8,748,25135005,260086
2021-10-22,Canada,857,8,732,25135862,260094
2021-10-23,Canada,794,4,678,25136656,260098
2021-10-24,Canada,772,7,659,25137428,260105
2021-10-25,Canada,750,8,640,25138178,260113
2021-10-26,Canada,700,5,597,25138878,260118
2021-10-27,Canada,633,4,540,25139511,260122
2021-10-28,Canada,602,2,514,25140113,260124
2021-10-29,Canada,546,4,466,25140659,260128
2021-10-30,Canada,536,8,457,25141195,260136
2021-10-31,Canada,586,3,500,25141781,260139
2021-11-01,Canada,484,6,413,25142265,260145
2021-11-02,Canada,449,6,383,25142714,260151
2021-11-03,Canada,461,9,393,25143175,260160
2021-11-04,Canada,428,6,365,25143603,260166
2021-11-05,Canada,403,6,344,25144006,260172
2021-11-06,Canada,415,5,354,25144421,260177
2021-11-07,Canada,376,3,321,25144797,260180
2021-11-08,Canada,336,5,287,25145133,260185
2021-11-09,Canada,320,5,273,25145453,260190
2021-11-10,Canada,302,3,257,25145755,260193
2021-11-11,Canada,307,5,262,25146062,260198
2021-11-12,Canada,273,8,233,25146335,260206
2021-11-13,Canada,237,2,202,25146572,260208
2021-11-14,Canada,247,2,211,25146819,260210
2021-11-15,Canada,215,2,183,25147034,260212
2021-11-16,Canada,248,2,211,25147282,260214
2021-11-17,Canada,198,4,169,25147480,260218
2021-11-18,Canada,196,2,167,25147676,260220
2021-11-19,Canada,189,2,161,25147865,260222
2021-11-20,Canada,173,1,147,25148038,260223
2021-11-21,Canada,163,2,139,25148201,260225
2021-11-22,Canada,160,0,136,25148361,260225
2021-11-23,Canada,160,0,136,25148521,260225
2021-11-24,Canada,145,2,123,25148666,260227
2021-11-25,Canada,142,5,121,25148808,260232
2021-11-26,Canada,116,0,99,25148924,260232
2021-11-27,Canada,118,0,100,25149042,260232
2021-11-28,Canada,110,4,93,25149152,260236
2021-11-29,Canada,105,1,89,25149257,260237
2021-11-30,Canada,105,2,89,25149362,260239
2021-12-01,Canada,90,0,76,25149452,260239
2021-12-02,Canada,83,0,70,25149535,260239
2021-12-03,Canada,83,3,70,25149618,260242
2021-12-04,Canada,67,0,57,25149685,260242
2021-12-05,Canada,70,1,59,25149755,260243
2021-12-06,Canada,66,0,56,25149821,260243
2021-12-07,Canada,59,2,50,25149880,260245
2021-12-08,Canada,63,0,53,25149943,260245
2021-12-09,Canada,51,2,43,25149994,260247
2021-12-10,Canada,51,0,43,25150045,260247
2021-12-11,Canada,49,1,41,25150094,260248
2021-12-12,Canada,50,2,42,25150144,260250
2021-12-13,Canada,43,1,36,25150187,260251
2021-12-14,Canada,43,3,36,25150230,260254
2021-12-15,Canada,39,3,33,25150269,260257
2021-12-16,Canada,35,0,29,25150304,260257
2021-12-17,Canada,30,0,25,25150334,260257
2021-12-18,Canada,27,1,23,25150361,260258
2021-12-19,Canada,29,0,24,25150390,260258
2021-12-20,Canada,25,0,21,25150415,260258
2021-12-21,Canada,27,0,23,25150442,260258
2021-12-22,Canada,25,0,21,25150467,260258
2021-12-23,Canada,21,0,17,25150488,260258
2021-12-24,Canada,18,0,15,25150506,260258
2021-12-25,Canada,20,0,17,25150526,260258
2021-12-26,Canada,16,2,13,25150542,260260
2021-12-27,Canada,15,2,12,25150557,260262
2021-12-28,Canada,14,0,11,25150571,260262
2021-12-29,Canada,14,0,11,25150585,260262
2021-12-30,Canada,15,1,12,25150600,260263
2020-01-01,Japan,82166,1884,71648,82166,1884
2020-01-02,Japan,77891,1790,67920,160057,3674
2020-01-03,Japan,79563,1825,69378,239620,5499
2020-01-04,Japan,81083,1860,70704,320703,7359
2020-01-05,Japan,82661,1896,72080,403364,9255
2020-01-06,Japan,81114,1862,70731,484478,11117
2020-01-07,Japan,81371,1871,70955,565849,12988
2020-01-08,Japan,84638,1944,73804,650487,14932
2020-01-09,Japan,90102,2068,78568,740589,17000
2020-01-10,Japan,91271,2095,79588,831860,19095
2020-01-11,Japan,86575,1990,75493,918435,21085
2020-01-12,Japan,92257,2120,80447,1010692,23205
2020-01-13,Japan,89177,2049,77762,1099869,25254
2020-01-14,Japan,91408,2097,79707,1191277,27351
2020-01-15,Japan,90255,2072,78702,1281532,29423
2020-01-16,Japan,92774,2136,80898,1374306,31559
2020-01-17,Japan,101153,2321,88205,1475459,33880
2020-01-18,Japan,96395,2215,84056,1571854,36095
2020-01-19,Japan,97753,2250,85240,1669607,38345
2020-01-20,Japan,91118,2092,79454,1760725,40437
2020-01-21,Japan,97809,2250,85289,1858534,42687
2020-01-22,Japan,99235,2278,86532,1957769,44965
2020-01-23,Japan,97324,2232,84866,2055093,47197
2020-01-24,Japan,102716,2358,89568,2157809,49555
2020-01-25,Japan,101433,2328,88449,2259242,51883
2020-01-26,Japan,105113,2411,91658,2364355,54294
2020-01-27,Japan,106353,2442,92739,2470708,56736
2020-01-28,Japan,101608,2336,88601,2572316,59072
2020-01-29,Japan,105539,2423,92029,2677855,61495
2020-01-30,Japan,109063,2504,95102,2786918,63999
2020-01-31,Japan,116068,2669,101211,2902986,66668
2020-02-01,Japan,111910,2569,97585,3014896,69237
2020-02-02,Japan,107695,2475,93909,3122591,71712
2020-02-03,Japan,114490,2626,99835,3237081,74338
2020-02-04,Japan,122750,2818,107037,3359831,77156
2020-02-05,Japan,119134,2736,103884,3478965,79892
2020-02-06,Japan,117846,2709,102761,3596811,82601
2020-02-07,Japan,119663,2747,104345,3716474,85348
2020-02-08,Japan,124583,2860,108636,3841057,88208
2020-02-09,Japan,123219,2831,107446,3964276,91039
2020-02-10,Japan,120950,2779,105468,4085226,93818
2020-02-11,Japan,124597,2860,108648,4209823,96678
2020-02-12,Japan,112476,2583,98078,4322299,99261
2020-02-13,Japan,110532,2541,96383,4432831,101802
2020-02-14,Japan,121027,2778,105535,4553858,104580
2020-02-15,Japan,121042,2781,105548,4674900,107361
2020-02-16,Japan,117847,2706,102762,4792747,110067
2020-02-17,Japan,126649,2912,110437,4919396,112979
2020-02-18,Japan,110706,2544,96535,5030102,115523
2020-02-19,Japan,119226,2740,103964,5149328,118263
2020-02-20,Japan,119913,2753,104563,5269241,121016
2020-02-21,Japan,113168,2601,98682,5382409,123617
2020-02-22,Japan,132820,3053,115818,5515229,126670
2020-02-23,Japan,115459,2653,100680,5630688,129323
2020-02-24,Japan,120492,2767,105068,5751180,132090
2020-02-25,Japan,130026,2987,113382,5881206,135077
2020-02-26,Japan,128605,2950,112143,6009811,138027
2020-02-27,Japan,117837,2710,102753,6127648,140737
2020-02-28,Japan,129150,2965,112618,6256798,143702
2020-02-29,Japan,126805,2912,110573,6383603,146614
2020-03-01,Japan,139659,3205,121782,6523262,149819
2020-03-02,Japan,127636,2933,111298,6650898,152752
2020-03-03,Japan,124235,2855,108332,6775133,155607
2020-03-04,Japan,119740,2750,104413,6894873,158357
2020-03-05,Japan,120391,2761,104980,7015264,161118
2020-03-06,Japan,119801,2750,104466,7135065,163868
2020-03-07,Japan,133406,3065,116329,7268471,166933
2020-03-08,Japan,124812,2867,108835,7393283,169800
2020-03-09,Japan,128044,2941,111654,7521327,172741
2020-03-10,Japan,133732,3071,116614,7655059,175812
2020-03-11,Japan,109447,2511,95437,7764506,178323
2020-03-12,Japan,131735,3028,114872,7896241,181351
2020-03-13,Japan,123865,2842,108010,8020106,184193
2020-03-14,Japan,125880,2891,109767,8145986,187084
2020-03-15,Japan,117760,2703,102686,8263746,189787
2020-03-16,Japan,117846,2709,102761,8381592,192496
2020-03-17,Japan,125050,2874,109043,8506642,195370
2020-03-18,Japan,136140,3127,118713,8642782,198497
2020-03-19,Japan,127258,2925,110968,8770040,201422
2020-03-20,Japan,128334,2945,111906,8898374,204367
2020-03-21,Japan,119034,2734,103797,9017408,207101
2020-03-22,Japan,116066,2664,101209,9133474,209765
2020-03-23,Japan,114453,2631,99802,9247927,212396
2020-03-24,Japan,115633,2657,100831,9363560,215053
2020-03-25,Japan,105822,2432,92276,9469382,217485
2020-03-26,Japan,113056,2596,98584,9582438,220081
2020-03-27,Japan,113400,2606,98884,9695838,222687
2020-03-28,Japan,114993,2639,100273,9810831,225326
2020-03-29,Japan,116093,2665,101232,9926924,227991
2020-03-30,Japan,116715,2681,101775,10043639,230672
2020-03-31,Japan,113840,2613,99268,10157479,233285
2020-04-01,Japan,109905,2526,95836,10267384,235811
2020-04-02,Japan,101411,2328,88430,10368795,238139
2020-04-03,Japan,108481,2490,94595,10477276,240629
2020-04-04,Japan,105528,2422,92020,10582804,243051
2020-04-05,Japan,112706,2590,98279,10695510,245641
2020-04-06,Japan,114315,2621,99682,10809825,248262
2020-04-07,Japan,113631,2608,99086,10923456,250870
2020-04-08,Japan,111798,2571,97487,11035254,253441
2020-04-09,Japan,106182,2438,92590,11141436,255879
2020-04-10,Japan,103294,2374,90072,11244730,258253
2020-04-11,Japan,101292,2327,88326,11346022,260580
2020-04-12,Japan,96509,2216,84155,11442531,262796
2020-04-13,Japan,108663,2493,94753,11551194,265289
2020-04-14,Japan,101776,2335,88748,11652970,267624
2020-04-15,Japan,95469,2190,83248,11748439,269814
2020-04-16,Japan,96783,2224,84394,11845222,272038
2020-04-17,Japan,95756,2201,83499,11940978,274239
2020-04-18,Japan,99449,2283,86719,12040427,276522
2020-04-19,Japan,103627,2380,90362,12144054,278902
2020-04-20,Japan,95821,2201,83555,12239875,281103
2020-04-21,Japan,85774,1970,74794,12325649,283073
2020-04-22,Japan,94905,2178,82756,12420554,285251
2020-04-23,Japan,94223,2168,82162,12514777,287419
2020-04-24,Japan,93065,2139,81152,12607842,289558
2020-04-25,Japan,90362,2076,78795,12698204,291634
2020-04-26,Japan,93467,2146,81503,12791671,293780
2020-04-27,Japan,91946,2110,80176,12883617,295890
2020-04-28,Japan,90721,2085,79108,12974338,297975
2020-04-29,Japan,91892,2110,80129,13066230,300085
2020-04-30,Japan,87327,2006,76148,13153557,302091
2020-05-01,Japan,86316,1979,75267,13239873,304070
2020-05-02,Japan,93758,2152,81756,13333631,306222
2020-05-03,Japan,89386,2053,77944,13423017,308275
2020-05-04,Japan,89782,2064,78289,13512799,310339
2020-05-05,Japan,90737,2082,79122,13603536,312421
2020-05-06,Japan,87018,1996,75879,13690554,314417
2020-05-07,Japan,88003,2022,76738,13778557,316439
2020-05-08,Japan,76836,1765,67000,13855393,318204
2020-05-09,Japan,83615,1917,72912,13939008,320121
2020-05-10,Japan,81382,1866,70964,14020390,321987
2020-05-11,Japan,88355,2028,77045,14108745,324015
2020-05-12,Japan,84671,1945,73832,14193416,325960
2020-05-13,Japan,77806,1790,67846,14271222,327750
2020-05-14,Japan,81269,1864,70866,14352491,329614
2020-05-15,Japan,79910,1836,69681,14432401,331450
2020-05-16,Japan,80521,1846,70214,14512922,333296
2020-05-17,Japan,74253,1706,64748,14587175,335002
2020-05-18,Japan,79171,1821,69036,14666346,336823
2020-05-19,Japan,76442,1756,66657,14742788,338579
2020-05-20,Japan,77988,1790,68005,14820776,340369
2020-05-21,Japan,73731,1696,64293,14894507,342065
2020-05-22,Japan,73900,1698,64440,14968407,343763
2020-05-23,Japan,80226,1843,69956,15048633,345606
2020-05-24,Japan,71484,1640,62333,15120117,347246
2020-05-25,Japan,71476,1642,62326,15191593,348888
2020-05-26,Japan,74682,1714,65122,15266275,350602
2020-05-27,Japan,71744,1648,62560,15338019,352250
2020-05-28,Japan,71107,1633,62005,15409126,353883
2020-05-29,Japan,74591,1715,65043,15483717,355598
2020-05-30,Japan,68455,1571,59692,15552172,357169
2020-05-31,Japan,70155,1611,61175,15622327,358780
2020-06-01,Japan,81335,1870,70923,15703662,360650
2020-06-02,Japan,75354,1730,65708,15779016,362380
2020-06-03,Japan,70843,1627,61774,15849859,364007
2020-06-04,Japan,75084,1724,65473,15924943,365731
2020-06-05,Japan,75612,1736,65933,16000555,367467
2020-06-06,Japan,77189,1774,67308,16077744,369241
2020-06-07,Japan,73095,1682,63738,16150839,370923
2020-06-08,Japan,77214,1770,67330,16228053,372693
2020-06-09,Japan,66185,1518,57713,16294238,374211
2020-06-10,Japan,69905,1605,60957,16364143,375816
2020-06-11,Japan,74539,1712,64997,16438682,377528
2020-06-12,Japan,75308,1729,65668,16513990,379257
2020-06-13,Japan,70877,1627,61804,16584867,380884
2020-06-14,Japan,75429,1730,65773,16660296,382614
2020-06-15,Japan,72356,1661,63094,16732652,384275
2020-06-16,Japan,73893,1699,64434,16806545,385974
2020-06-17,Japan,79052,1816,68933,16885597,387790
2020-06-18,Japan,78918,1814,68816,16964515,389604
2020-06-19,Japan,72017,1652,62798,17036532,391256
2020-06-20,Japan,72101,1659,62871,17108633,392915
2020-06-21,Japan,74903,1719,65315,17183536,394634
2020-06-22,Japan,76742,1764,66918,17260278,396398
2020-06-23,Japan,74692,1715,65131,17334970,398113
2020-06-24,Japan,81679,1875,71223,17416649,399988
2020-06-25,Japan,79418,1825,69252,17496067,401813
2020-06-26,Japan,80096,1841,69843,17576163,403654
2020-06-27,Japan,73957,1704,64490,17650120,405358
2020-06-28,Japan,84067,1932,73306,17734187,407290
2020-06-29,Japan,68645,1578,59858,17802832,408868
2020-06-30,Japan,83771,1926,73048,17886603,410794
2020-07-01,Japan,84712,1947,73868,17971315,412741
2020-07-02,Japan,79695,1830,69493,18051010,414571
2020-07-03,Japan,87214,2004,76050,18138224,416575
2020-07-04,Japan,82282,1892,71749,18220506,418467
2020-07-05,Japan,83361,1917,72690,18303867,420384
2020-07-06,Japan,85090,1951,74198,18388957,422335
2020-07-07,Japan,97672,2240,85169,18486629,424575
2020-07-08,Japan,90534,2082,78945,18577163,426657
2020-07-09,Japan,88416,2029,77098,18665579,428686
2020-07-10,Japan,82091,1882,71583,18747670,430568
2020-07-11,Japan,87242,2000,76074,18834912,432568
2020-07-12,Japan,83678,1926,72967,18918590,434494
2020-07-13,Japan,91446,2102,79740,19010036,436596
2020-07-14,Japan,89068,2044,77667,19099104,438640
2020-07-15,Japan,84051,1929,73292,19183155,440569
2020-07-16,Japan,90038,2068,78512,19273193,442637
2020-07-17,Japan,86453,1987,75386,19359646,444624
2020-07-18,Japan,91588,2103,79864,19451234,446727
2020-07-19,Japan,87580,2010,76369,19538814,448737
2020-07-20,Japan,92247,2121,80439,19631061,450858
2020-07-21,Japan,96205,2210,83890,19727266,453068
2020-07-22,Japan,93077,2138,81162,19820343,455206
2020-07-23,Japan,92083,2116,80296,19912426,457322
2020-07-24,Japan,95468,2189,83247,20007894,459511
2020-07-25,Japan,98404,2261,85808,20106298,461772
2020-07-26,Japan,90365,2076,78798,20196663,463848
2020-07-27,Japan,97481,2236,85003,20294144,466084
2020-07-28,Japan,103158,2366,89953,20397302,468450
2020-07-29,Japan,100118,2299,87302,20497420,470749
2020-07-30,Japan,98142,2255,85579,20595562,473004
2020-07-31,Japan,101528,2333,88532,20697090,475337
2020-08-01,Japan,101127,2326,88182,20798217,477663
2020-08-02,Japan,103130,2369,89929,20901347,480032
2020-08-03,Japan,89757,2059,78267,20991104,482091
2020-08-04,Japan,92536,2125,80691,21083640,484216
2020-08-05,Japan,105846,2429,92297,21189486,486645
2020-08-06,Japan,93596,2149,81615,21283082,488794
2020-08-07,Japan,103673,2384,90402,21386755,491178
2020-08-08,Japan,100235,2303,87404,21486990,493481
2020-08-09,Japan,97311,2234,84854,21584301,495715
2020-08-10,Japan,104572,2403,91186,21688873,498118
2020-08-11,Japan,104154,2391,90822,21793027,500509
2020-08-12,Japan,114357,2621,99719,21907384,503130
2020-08-13,Japan,100501,2306,87636,22007885,505436
2020-08-14,Japan,111515,2562,97240,22119400,507998
2020-08-15,Japan,106121,2439,92537,22225521,510437
2020-08-16,Japan,101065,2325,88128,22326586,512762
2020-08-17,Japan,108922,2503,94979,22435508,515265
2020-08-18,Japan,107896,2481,94085,22543404,517746
2020-08-19,Japan,105285,2420,91808,22648689,520166
2020-08-20,Japan,106643,2451,92992,22755332,522617
2020-08-21,Japan,102217,2350,89133,22857549,524967
2020-08-22,Japan,101104,2323,88162,22958653,527290
2020-08-23,Japan,109540,2518,95518,23068193,529808
2020-08-24,Japan,104396,2397,91033,23172589,532205
2020-08-25,Japan,105178,2411,91715,23277767,534616
2020-08-26,Japan,107076,2461,93370,23384843,537077
2020-08-27,Japan,106970,2458,93277,23491813,539535
2020-08-28,Japan,97973,2249,85432,23589786,541784
2020-08-29,Japan,112218,2575,97853,23702004,544359
2020-08-30,Japan,105968,2434,92403,23807972,546793
2020-08-31,Japan,104132,2393,90802,23912104,549186
2020-09-01,Japan,107304,2466,93568,24019408,551652
2020-09-02,Japan,106097,2435,92516,24125505,554087
2020-09-03,Japan,108662,2494,94753,24234167,556581
2020-09-04,Japan,107221,2464,93496,24341388,559045
2020-09-05,Japan,107890,2478,94079,24449278,561523
2020-09-06,Japan,110881,2549,96688,24560159,564072
2020-09-07,Japan,108127,2483,94286,24668286,566555
2020-09-08,Japan,102385,2353,89279,24770671,568908
2020-09-09,Japan,97074,2230,84648,24867745,571138
2020-09-10,Japan,111008,2548,96798,24978753,573686
2020-09-11,Japan,100835,2318,87927,25079588,576004
2020-09-12,Japan,99207,2277,86508,25178795,578281
2020-09-13,Japan,92363,2122,80540,25271158,580403
2020-09-14,Japan,102366,2352,89262,25373524,582755
2020-09-15,Japan,100898,2317,87982,25474422,585072
2020-09-16,Japan,92071,2117,80285,25566493,587189
2020-09-17,Japan,101308,2328,88340,25667801,589517
2020-09-18,Japan,96030,2207,83737,25763831,591724
2020-09-19,Japan,111052,2551,96837,25874883,594275
2020-09-20,Japan,94490,2174,82395,25969373,596449
2020-09-21,Japan,94512,2174,82414,26063885,598623
2020-09-22,Japan,91752,2109,80007,26155637,600732
2020-09-23,Japan,101352,2330,88378,26256989,603062
2020-09-24,Japan,92796,2130,80917,26349785,605192
2020-09-25,Japan,90432,2077,78856,26440217,607269
2020-09-26,Japan,96381,2215,84044,26536598,609484
2020-09-27,Japan,85954,1976,74951,26622552,611460
2020-09-28,Japan,94410,2170,82325,26716962,613630
2020-09-29,Japan,98836,2271,86184,26815798,615901
2020-09-30,Japan,92486,2128,80647,26908284,618029
2020-10-01,Japan,91950,2112,80180,27000234,620141
2020-10-02,Japan,92103,2118,80313,27092337,622259
2020-10-03,Japan,94877,2181,82732,27187214,624440
2020-10-04,Japan,91765,2109,80018,27278979,626549
2020-10-05,Japan,87526,2011,76322,27366505,628560
2020-10-06,Japan,88573,2035,77235,27455078,630595
2020-10-07,Japan,80116,1839,69860,27535194,632434
2020-10-08,Japan,86126,1979,75101,27621320,634413
2020-10-09,Japan,77850,1790,67885,27699170,636203
2020-10-10,Japan,79541,1828,69359,27778711,638031
2020-10-11,Japan,67730,1552,59060,27846441,639583
2020-10-12,Japan,80700,1850,70370,27927141,641433
2020-10-13,Japan,75625,1735,65944,28002766,643168
2020-10-14,Japan,81452,1871,71025,28084218,645039
2020-10-15,Japan,77665,1782,67723,28161883,646821
2020-10-16,Japan,79415,1825,69249,28241298,648646
2020-10-17,Japan,70171,1614,61188,28311469,650260
2020-10-18,Japan,76993,1771,67137,28388462,652031
2020-10-19,Japan,79790,1833,69576,28468252,653864
2020-10-20,Japan,73900,1699,64440,28542152,655563
2020-10-21,Japan,72944,1674,63607,28615096,657237
2020-10-22,Japan,69745,1602,60817,28684841,658839
2020-10-23,Japan,66357,1522,57863,28751198,660361
2020-10-24,Japan,69687,1603,60766,28820885,661964
2020-10-25,Japan,61138,1408,53312,28882023,663372
2020-10-26,Japan,63745,1463,55585,28945768,664835
2020-10-27,Japan,58417,1337,50939,29004185,666172
2020-10-28,Japan,60866,1396,53075,29065051,667568
2020-10-29,Japan,64074,1470,55872,29129125,669038
2020-10-30,Japan,62622,1436,54606,29191747,670474
2020-10-31,Japan,60233,1381,52523,29251980,671855
2020-11-01,Japan,59590,1369,51962,29311570,673224
2020-11-02,Japan,52618,1210,45882,29364188,674434
2020-11-03,Japan,56051,1283,48876,29420239,675717
2020-11-04,Japan,54227,1244,47285,29474466,676961
2020-11-05,Japan,53353,1225,46523,29527819,678186
2020-11-06,Japan,55836,1280,48688,29583655,679466
2020-11-07,Japan,50966,1171,44442,29634621,680637
2020-11-08,Japan,50732,1165,44238,29685353,681802
2020-11-09,Japan,46016,1056,40125,29731369,682858
2020-11-10,Japan,49713,1140,43349,29781082,683998
2020-11-11,Japan,46845,1076,40848,29827927,685074
2020-11-12,Japan,48830,1120,42579,29876757,686194
2020-11-13,Japan,45474,1041,39653,29922231,687235
2020-11-14,Japan,47111,1082,41080,29969342,688317
2020-11-15,Japan,45665,1046,39819,30015007,689363
2020-11-16,Japan,48919,1120,42657,30063926,690483
2020-11-17,Japan,45403,1043,39591,30109329,691526
2020-11-18,Japan,39473,906,34420,30148802,692432
2020-11-19,Japan,39961,916,34845,30188763,693348
2020-11-20,Japan,41976,964,36602,30230739,694312
2020-11-21,Japan,39166,900,34152,30269905,695212
2020-11-22,Japan,34322,789,29928,30304227,696001
2020-11-23,Japan,42224,970,36819,30346451,696971
2020-11-24,Japan,40215,920,35067,30386666,697891
2020-11-25,Japan,39088,900,34084,30425754,698791
2020-11-26,Japan,36255,834,31614,30462009,699625
2020-11-27,Japan,37489,859,32690,30499498,700484
2020-11-28,Japan,34764,798,30314,30534262,701282
2020-11-29,Japan,35743,821,31167,30570005,702103
2020-11-30,Japan,33146,761,28903,30603151,702864
2020-12-01,Japan,36719,847,32018,30639870,703711
2020-12-02,Japan,30897,705,26942,30670767,704416
2020-12-03,Japan,34984,800,30505,30705751,705216
2020-12-04,Japan,32454,741,28299,30738205,705957
2020-12-05,Japan,31070,713,27092,30769275,706670
2020-12-06,Japan,31589,726,27545,30800864,707396
2020-12-07,Japan,31955,734,27864,30832819,708130
2020-12-08,Japan,32416,744,28266,30865235,708874
2020-12-09,Japan,30346,697,26461,30895581,709571
2020-12-10,Japan,28122,645,24522,30923703,710216
2020-12-11,Japan,29091,669,25367,30952794,710885
2020-12-12,Japan,31208,719,27213,30984002,711604
2020-12-13,Japan,30128,690,26271,31014130,712294
2020-12-14,Japan,29129,668,25400,31043259,712962
2020-12-15,Japan,28616,657,24953,31071875,713619
2020-12-16,Japan,28151,649,24547,31100026,714268
2020-12-17,Japan,28459,652,24816,31128485,714920
2020-12-18,Japan,26011,599,22681,31154496,715519
2020-12-19,Japan,24573,561,21427,31179069,716080
2020-12-20,Japan,26213,604,22857,31205282,716684
2020-12-21,Japan,24846,572,21665,31230128,717256
2020-12-22,Japan,24353,559,21235,31254481,717815
2020-12-23,Japan,24615,567,21464,31279096,718382
2020-12-24,Japan,28538,654,24885,31307634,719036
2020-12-25,Japan,25420,582,22166,31333054,719618
2020-12-26,Japan,25592,591,22316,31358646,720209
2020-12-27,Japan,23513,539,20503,31382159,720748
2020-12-28,Japan,22671,522,19769,31404830,721270
2020-12-29,Japan,23904,551,20844,31428734,721821
2020-12-30,Japan,26689,614,23272,31455423,722435
2020-12-31,Japan,25306,582,22066,31480729,723017
2021-01-01,Japan,25649,590,22365,31506378,723607
2021-01-02,Japan,25858,596,22548,31532236,724203
2021-01-03,Japan,24251,557,21146,31556487,724760
2021-01-04,Japan,26806,615,23374,31583293,725375
2021-01-05,Japan,24363,556,21244,31607656,725931
2021-01-06,Japan,27054,622,23591,31634710,726553
2021-01-07,Japan,25973,598,22648,31660683,727151
2021-01-08,Japan,23277,532,20297,31683960,727683
2021-01-09,Japan,24777,568,21605,31708737,728251
2021-01-10,Japan,23618,543,20594,31732355,728794
2021-01-11,Japan,27671,638,24129,31760026,729432
2021-01-12,Japan,26349,603,22976,31786375,730035
2021-01-13,Japan,23664,545,20634,31810039,730580
2021-01-14,Japan,27411,629,23902,31837450,731209
2021-01-15,Japan,26464,606,23076,31863914,731815
2021-01-16,Japan,25462,583,22202,31889376,732398
2021-01-17,Japan,30167,691,26305,31919543,733089
2021-01-18,Japan,28326,651,24700,31947869,733740
2021-01-19,Japan,28119,645,24519,31975988,734385
2021-01-20,Japan,28340,652,24712,32004328,735037
2021-01-21,Japan,27096,620,23627,32031424,735657
2021-01-22,Japan,27789,639,24231,32059213,736296
2021-01-23,Japan,32100,738,27991,32091313,737034
2021-01-24,Japan,29883,683,26057,32121196,737717
2021-01-25,Japan,31107,717,27125,32152303,738434
2021-01-26,Japan,28325,651,24699,32180628,739085
2021-01-27,Japan,29934,689,26102,32210562,739774
2021-01-28,Japan,33552,773,29257,32244114,740547
2021-01-29,Japan,33709,776,29394,32277823,741323
2021-01-30,Japan,36573,839,31891,32314396,742162
2021-01-31,Japan,36474,839,31805,32350870,743001
2021-02-01,Japan,34345,785,29948,32385215,743786
2021-02-02,Japan,36163,831,31534,32421378,744617
2021-02-03,Japan,35353,815,30827,32456731,745432
2021-02-04,Japan,40284,924,35127,32497015,746356
2021-02-05,Japan,39284,904,34255,32536299,747260
2021-02-06,Japan,38101,878,33223,32574400,748138
2021-02-07,Japan,38809,892,33841,32613209,749030
2021-02-08,Japan,41902,964,36538,32655111,749994
2021-02-09,Japan,40894,936,35659,32696005,750930
2021-02-10,Japan,43568,999,37991,32739573,751929
2021-02-11,Japan,36591,843,31907,32776164,752772
2021-02-12,Japan,42759,984,37285,32818923,753756
2021-02-13,Japan,41402,952,36102,32860325,754708
2021-02-14,Japan,47005,1079,40988,32907330,755787
2021-02-15,Japan,47325,1087,41267,32954655,756874
2021-02-16,Japan,44726,1031,39000,32999381,757905
2021-02-17,Japan,48872,1122,42616,33048253,759027
2021-02-18,Japan,50239,1155,43808,33098492,760182
2021-02-19,Japan,47044,1082,41022,33145536,761264
2021-02-20,Japan,53508,1227,46658,33199044,762491
2021-02-21,Japan,48299,1108,42116,33247343,763599
2021-02-22,Japan,48606,1119,42384,33295949,764718
2021-02-23,Japan,52058,1197,45394,33348007,765915
2021-02-24,Japan,49766,1141,43395,33397773,767056
2021-02-25,Japan,51650,1186,45038,33449423,768242
2021-02-26,Japan,55881,1281,48728,33505304,769523
2021-02-27,Japan,53024,1220,46236,33558328,770743
2021-02-28,Japan,49189,1129,42892,33607517,771872
2021-03-01,Japan,55521,1275,48414,33663038,773147
2021-03-02,Japan,53366,1227,46535,33716404,774374
2021-03-03,Japan,58490,1340,51003,33774894,775714
2021-03-04,Japan,58814,1351,51285,33833708,777065
2021-03-05,Japan,61843,1420,53926,33895551,778485
2021-03-06,Japan,61019,1401,53208,33956570,779886
2021-03-07,Japan,62357,1431,54375,34018927,781317
2021-03-08,Japan,57887,1328,50477,34076814,782645
2021-03-09,Japan,63085,1449,55009,34139899,784094
2021-03-10,Japan,67441,1547,58808,34207340,785641
2021-03-11,Japan,60000,1378,52319,34267340,787019
2021-03-12,Japan,68539,1573,59765,34335879,788592
2021-03-13,Japan,61863,1420,53944,34397742,790012
2021-03-14,Japan,61593,1415,53708,34459335,791427
2021-03-15,Japan,66015,1515,57564,34525350,792942
2021-03-16,Japan,68114,1567,59395,34593464,794509
2021-03-17,Japan,69490,1596,60595,34662954,796105
2021-03-18,Japan,63919,1470,55737,34726873,797575
2021-03-19,Japan,69303,1590,60432,34796176,799165
2021-03-20,Japan,66149,1518,57681,34862325,800683
2021-03-21,Japan,64005,1467,55812,34926330,802150
2021-03-22,Japan,66559,1528,58039,34992889,803678
2021-03-23,Japan,67790,1556,59112,35060679,805234
2021-03-24,Japan,72910,1675,63577,35133589,806909
2021-03-25,Japan,75794,1742,66092,35209383,808651
2021-03-26,Japan,66934,1539,58366,35276317,810190
2021-03-27,Japan,74120,1705,64632,35350437,811895
2021-03-28,Japan,69083,1585,60240,35419520,813480
2021-03-29,Japan,76280,1752,66516,35495800,815232
2021-03-30,Japan,72167,1656,62929,35567967,816888
2021-03-31,Japan,71061,1633,61965,35639028,818521
2021-04-01,Japan,78526,1807,68474,35717554,820328
2021-04-02,Japan,73759,1692,64317,35791313,822020
2021-04-03,Japan,75248,1730,65616,35866561,823750
2021-04-04,Japan,68367,1572,59615,35934928,825322
2021-04-05,Japan,80997,1859,70629,36015925,827181
2021-04-06,Japan,80940,1860,70579,36096865,829041
2021-04-07,Japan,78162,1795,68157,36175027,830836
2021-04-08,Japan,72516,1665,63233,36247543,832501
2021-04-09,Japan,83639,1920,72933,36331182,834421
2021-04-10,Japan,76563,1758,66762,36407745,836179
2021-04-11,Japan,77713,1787,67765,36485458,837966
2021-04-12,Japan,89038,2045,77640,36574496,840011
2021-04-13,Japan,77263,1773,67373,36651759,841784
2021-04-14,Japan,83315,1914,72650,36735074,843698
2021-04-15,Japan,82828,1898,72225,36817902,845596
2021-04-16,Japan,82347,1890,71806,36900249,847486
2021-04-17,Japan,82100,1888,71591,36982349,849374
2021-04-18,Japan,82650,1898,72070,37064999,851272
2021-04-19,Japan,82372,1891,71828,37147371,853163
2021-04-20,Japan,81176,1865,70785,37228547,855028
2021-04-21,Japan,87645,2015,76426,37316192,857043
2021-04-22,Japan,76208,1753,66453,37392400,858796
2021-04-23,Japan,85785,1969,74804,37478185,860765
2021-04-24,Japan,85005,1952,74124,37563190,862717
2021-04-25,Japan,84509,1941,73691,37647699,864658
2021-04-26,Japan,86204,1982,75169,37733903,866640
2021-04-27,Japan,81229,1866,70831,37815132,868506
2021-04-28,Japan,73926,1702,64463,37889058,870208
2021-04-29,Japan,81172,1864,70781,37970230,872072
2021-04-30,Japan,77330,1780,67431,38047560,873852
2021-05-01,Japan,78264,1796,68246,38125824,875648
2021-05-02,Japan,76051,1744,66316,38201875,877392
2021-05-03,Japan,78988,1814,68877,38280863,879206
2021-05-04,Japan,78319,1801,68294,38359182,881007
2021-05-05,Japan,70940,1628,61859,38430122,882635
2021-05-06,Japan,83089,1907,72453,38513211,884542
2021-05-07,Japan,88907,2044,77526,38602118,886586
2021-05-08,Japan,82160,1888,71643,38684278,888474
2021-05-09,Japan,78637,1805,68571,38762915,890279
2021-05-10,Japan,78906,1811,68805,38841821,892090
2021-05-11,Japan,77123,1773,67251,38918944,893863
2021-05-12,Japan,78774,1806,68690,38997718,895669
2021-05-13,Japan,77896,1791,67925,39075614,897460
2021-05-14,Japan,74374,1710,64853,39149988,899170
2021-05-15,Japan,83719,1918,73002,39233707,901088
2021-05-16,Japan,71070,1632,61972,39304777,902720
2021-05-17,Japan,79065,1812,68944,39383842,904532
2021-05-18,Japan,75463,1731,65803,39459305,906263
2021-05-19,Japan,82516,1894,71953,39541821,908157
2021-05-20,Japan,76117,1746,66373,39617938,909903
2021-05-21,Japan,72975,1681,63634,39690913,911584
2021-05-22,Japan,72853,1675,63527,39763766,913259
2021-05-23,Japan,73352,1687,63962,39837118,914946
2021-05-24,Japan,68477,1572,59711,39905595,916518
2021-05-25,Japan,69272,1591,60405,39974867,918109
2021-05-26,Japan,65050,1497,56723,40039917,919606
2021-05-27,Japan,67536,1552,58891,40107453,921158
2021-05-28,Japan,70497,1620,61473,40177950,922778
2021-05-29,Japan,70561,1619,61529,40248511,924397
2021-05-30,Japan,62038,1423,54097,40310549,925820
2021-05-31,Japan,67711,1556,59043,40378260,927376
2021-06-01,Japan,69392,1594,60509,40447652,928970
2021-06-02,Japan,66247,1519,57767,40513899,930489
2021-06-03,Japan,63986,1470,55795,40577885,931959
2021-06-04,Japan,64012,1468,55818,40641897,933427
2021-06-05,Japan,62880,1444,54831,40704777,934871
2021-06-06,Japan,61852,1418,53934,40766629,936289
2021-06-07,Japan,63686,1465,55534,40830315,937754
2021-06-08,Japan,69579,1597,60672,40899894,939351
2021-06-09,Japan,59321,1361,51727,40959215,940712
2021-06-10,Japan,59870,1373,52206,41019085,942085
2021-06-11,Japan,59902,1373,52234,41078987,943458
2021-06-12,Japan,57233,1315,49907,41136220,944773
2021-06-13,Japan,61689,1419,53792,41197909,946192
2021-06-14,Japan,50839,1169,44331,41248748,947361
2021-06-15,Japan,55364,1274,48277,41304112,948635
2021-06-16,Japan,58362,1344,50891,41362474,949979
2021-06-17,Japan,54442,1252,47473,41416916,951231
2021-06-18,Japan,52205,1198,45522,41469121,952429
2021-06-19,Japan,54804,1259,47788,41523925,953688
2021-06-20,Japan,55195,1263,48129,41579120,954951
2021-06-21,Japan,52527,1208,45803,41631647,956159
2021-06-22,Japan,49106,1128,42820,41680753,957287
2021-06-23,Japan,51480,1185,44890,41732233,958472
2021-06-24,Japan,48511,1113,42301,41780744,959585
2021-06-25,Japan,50496,1161,44032,41831240,960746
2021-06-26,Japan,51407,1179,44826,41882647,961925
2021-06-27,Japan,40903,939,35667,41923550,962864
2021-06-28,Japan,46467,1064,40519,41970017,963928
2021-06-29,Japan,41449,954,36143,42011466,964882
2021-06-30,Japan,50016,1151,43613,42061482,966033
2021-07-01,Japan,42731,980,37261,42104213,967013
2021-07-02,Japan,44546,1023,38844,42148759,968036
2021-07-03,Japan,42059,966,36675,42190818,969002
2021-07-04,Japan,39667,910,34589,42230485,969912
2021-07-05,Japan,38657,888,33708,42269142,970800
2021-07-06,Japan,42881,984,37392,42312023,971784
2021-07-07,Japan,40799,939,35576,42352822,972723
2021-07-08,Japan,41860,961,36501,42394682,973684
2021-07-09,Japan,37473,865,32676,42432155,974549
2021-07-10,Japan,37120,852,32368,42469275,975401
2021-07-11,Japan,35345,812,30820,42504620,976213
2021-07-12,Japan,34557,794,30133,42539177,977007
2021-07-13,Japan,32517,748,28354,42571694,977755
2021-07-14,Japan,33696,774,29382,42605390,978529
2021-07-15,Japan,31518,725,27483,42636908,979254
2021-07-16,Japan,32788,753,28591,42669696,980007
2021-07-17,Japan,31619,724,27571,42701315,980731
2021-07-18,Japan,31074,711,27096,42732389,981442
2021-07-19,Japan,32430,746,28278,42764819,982188
2021-07-20,Japan,29165,673,25431,42793984,982861
2021-07-21,Japan,29607,676,25817,42823591,983537
2021-07-22,Japan,30699,702,26769,42854290,984239
2021-07-23,Japan,28941,662,25236,42883231,984901
2021-07-24,Japan,28027,645,24439,42911258,985546
2021-07-25,Japan,25444,586,22187,42936702,986132
2021-07-26,Japan,25481,583,22219,42962183,986715
2021-07-27,Japan,22933,531,19997,42985116,987246
2021-07-28,Japan,24521,562,21382,43009637,987808
2021-07-29,Japan,23624,545,20600,43033261,988353
2021-07-30,Japan,22720,523,19811,43055981,988876
2021-07-31,Japan,23229,531,20255,43079210,989407
2021-08-01,Japan,20203,463,17616,43099413,989870
2021-08-02,Japan,22634,518,19736,43122047,990388
2021-08-03,Japan,21271,486,18548,43143318,990874
2021-08-04,Japan,19722,452,17197,43163040,991326
2021-08-05,Japan,19098,436,16653,43182138,991762
2021-08-06,Japan,19151,439,16699,43201289,992201
2021-08-07,Japan,19555,453,17051,43220844,992654
2021-08-08,Japan,17741,408,15470,43238585,993062
2021-08-09,Japan,17265,395,15055,43255850,993457
2021-08-10,Japan,16657,381,14524,43272507,993838
2021-08-11,Japan,17593,403,15341,43290100,994241
2021-08-12,Japan,15383,357,13413,43305483,994598
2021-08-13,Japan,15181,346,13237,43320664,994944
2021-08-14,Japan,15824,363,13798,43336488,995307
2021-08-15,Japan,14399,331,12555,43350887,995638
2021-08-16,Japan,14643,338,12768,43365530,995976
2021-08-17,Japan,12812,293,11172,43378342,996269
2021-08-18,Japan,12870,293,11222,43391212,996562
2021-08-19,Japan,13530,311,11798,43404742,996873
2021-08-20,Japan,11779,273,10271,43416521,997146
2021-08-21,Japan,11711,268,10211,43428232,997414
2021-08-22,Japan,11565,264,10084,43439797,997678
2021-08-23,Japan,10499,241,9155,43450296,997919
2021-08-24,Japan,10461,237,9121,43460757,998156
2021-08-25,Japan,10386,238,9056,43471143,998394
2021-08-26,Japan,10006,232,8725,43481149,998626
2021-08-27,Japan,10264,237,8950,43491413,998863
2021-08-28,Japan,10037,230,8752,43501450,999093
2021-08-29,Japan,8612,201,7509,43510062,999294
2021-08-30,Japan,8736,204,7617,43518798,999498
2021-08-31,Japan,8669,200,7559,43527467,999698
2021-09-01,Japan,8706,197,7591,43536173,999895
2021-09-02,Japan,8087,182,7051,43544260,1000077
2021-09-03,Japan,7637,178,6659,43551897,1000255
2021-09-04,Japan,7500,172,6539,43559397,1000427
2021-09-05,Japan,7232,169,6306,43566629,1000596
2021-09-06,Japan,6427,144,5604,43573056,1000740
2021-09-07,Japan,6556,150,5716,43579612,1000890
2021-09-08,Japan,6711,156,5851,43586323,1001046
2021-09-09,Japan,5958,135,5195,43592281,1001181
2021-09-10,Japan,5833,136,5086,43598114,1001317
2021-09-11,Japan,5508,126,4802,43603622,1001443
2021-09-12,Japan,4741,108,4134,43608363,1001551
2021-09-13,Japan,5164,116,4502,43613527,1001667
2021-09-14,Japan,5035,116,4390,43618562,1001783
2021-09-15,Japan,4645,111,4050,43623207,1001894
2021-09-16,Japan,4316,99,3763,43627523,1001993
2021-09-17,Japan,4206,95,3667,43631729,1002088
2021-09-18,Japan,4389,103,3827,43636118,1002191
2021-09-19,Japan,4460,100,3889,43640578,1002291
2021-09-20,Japan,4166,99,3632,43644744,1002390
2021-09-21,Japan,3485,77,3038,43648229,1002467
2021-09-22,Japan,3740,86,3261,43651969,1002553
2021-09-23,Japan,3324,79,2898,43655293,1002632
2021-09-24,Japan,3201,71,2791,43658494,1002703
2021-09-25,Japan,3087,71,2691,43661581,1002774
2021-09-26,Japan,3136,74,2734,43664717,1002848
2021-09-27,Japan,3041,65,2651,43667758,1002913
2021-09-28,Japan,2765,65,2411,43670523,1002978
2021-09-29,Japan,2649,60,2309,43673172,1003038
2021-09-30,Japan,2606,62,2272,43675778,1003100
2021-10-01,Japan,2506,55,2185,43678284,1003155
2021-10-02,Japan,2469,53,2152,43680753,1003208
2021-10-03,Japan,2085,46,1818,43682838,1003254
2021-10-04,Japan,2134,47,1860,43684972,1003301
2021-10-05,Japan,1928,43,1681,43686900,1003344
2021-10-06,Japan,1942,43,1693,43688842,1003387
2021-10-07,Japan,1839,38,1603,43690681,1003425
2021-10-08,Japan,1772,40,1545,43692453,1003465
2021-10-09,Japan,1627,37,1418,43694080,1003502
2021-10-10,Japan,1497,34,1305,43695577,1003536
2021-10-11,Japan,1381,32,1204,43696958,1003568
2021-10-12,Japan,1464,33,1276,43698422,1003601
2021-10-13,Japan,1375,28,1198,43699797,1003629
2021-10-14,Japan,1294,29,1128,43701091,1003658
2021-10-15,Japan,1363,31,1188,43702454,1003689
2021-10-16,Japan,1164,26,1015,43703618,1003715
2021-10-17,Japan,1243,25,1083,43704861,1003740
2021-10-18,Japan,1196,29,1042,43706057,1003769
2021-10-19,Japan,947,19,825,43707004,1003788
2021-10-20,Japan,1006,20,877,43708010,1003808
2021-10-21,Japan,933,21,813,43708943,1003829
2021-10-22,Japan,771,17,672,43709714,1003846
2021-10-23,Japan,798,19,695,43710512,1003865
2021-10-24,Japan,852,21,742,43711364,1003886
2021-10-25,Japan,860,21,749,43712224,1003907
2021-10-26,Japan,775,17,675,43712999,1003924
2021-10-27,Japan,715,17,623,43713714,1003941
2021-10-28,Japan,667,12,581,43714381,1003953
2021-10-29,Japan,689,18,600,43715070,1003971
2021-10-30,Japan,669,14,583,43715739,1003985
2021-10-31,Japan,554,16,483,43716293,1004001
2021-11-01,Japan,486,13,423,43716779,1004014
2021-11-02,Japan,458,10,399,43717237,1004024
2021-11-03,Japan,521,12,454,43717758,1004036
2021-11-04,Japan,461,12,401,43718219,1004048
2021-11-05,Japan,442,5,385,43718661,1004053
2021-11-06,Japan,376,8,327,43719037,1004061
2021-11-07,Japan,377,12,328,43719414,1004073
2021-11-08,Japan,366,10,319,43719780,1004083
2021-11-09,Japan,356,6,310,43720136,1004089
2021-11-10,Japan,326,8,284,43720462,1004097
2021-11-11,Japan,298,4,259,43720760,1004101
2021-11-12,Japan,285,5,248,43721045,1004106
2021-11-13,Japan,300,7,261,43721345,1004113
2021-11-14,Japan,270,7,235,43721615,1004120
2021-11-15,Japan,260,7,226,43721875,1004127
2021-11-16,Japan,226,7,197,43722101,1004134
2021-11-17,Japan,188,1,163,43722289,1004135
2021-11-18,Japan,206,4,179,43722495,1004139
2021-11-19,Japan,190,2,165,43722685,1004141
2021-11-20,Japan,192,3,167,43722877,1004144
2021-11-21,Japan,211,3,183,43723088,1004147
2021-11-22,Japan,174,4,151,43723262,1004151
2021-11-23,Japan,183,6,159,43723445,1004157
2021-11-24,Japan,154,5,134,43723599,1004162
2021-11-25,Japan,136,0,118,43723735,1004162
2021-11-26,Japan,135,2,117,43723870,1004164
2021-11-27,Japan,138,0,120,43724008,1004164
2021-11-28,Japan,130,0,113,43724138,1004164
2021-11-29,Japan,107,1,93,43724245,1004165
2021-11-30,Japan,106,3,92,43724351,1004168
2021-12-01,Japan,89,3,77,43724440,1004171
2021-12-02,Japan,97,3,84,43724537,1004174
2021-12-03,Japan,95,3,82,43724632,1004177
2021-12-04,Japan,81,0,70,43724713,1004177
2021-12-05,Japan,73,4,63,43724786,1004181
2021-12-06,Japan,73,3,63,43724859,1004184
2021-12-07,Japan,69,0,60,43724928,1004184
2021-12-08,Japan,63,0,54,43724991,1004184
2021-12-09,Japan,60,0,52,43725051,1004184
2021-12-10,Japan,55,0,47,43725106,1004184
2021-12-11,Japan,56,2,48,43725162,1004186
2021-12-12,Japan,51,2,44,43725213,1004188
2021-12-13,Japan,43,0,37,43725256,1004188
2021-12-14,Japan,40,0,34,43725296,1004188
2021-12-15,Japan,39,0,34,43725335,1004188
2021-12-16,Japan,40,1,34,43725375,1004189
2021-12-17,Japan,36,0,31,43725411,1004189
2021-12-18,Japan,31,2,27,43725442,1004191
2021-12-19,Japan,31,2,27,43725473,1004193
2021-12-20,Japan,28,1,24,43725501,1004194
2021-12-21,Japan,29,2,25,43725530,1004196
2021-12-22,Japan,26,0,22,43725556,1004196
2021-12-23,Japan,23,1,20,43725579,1004197
2021-12-24,Japan,22,0,19,43725601,1004197
2021-12-25,Japan,23,3,20,43725624,1004200
2021-12-26,Japan,18,0,15,43725642,1004200
2021-12-27,Japan,19,0,16,43725661,1004200
2021-12-28,Japan,16,5,13,43725677,1004205
2021-12-29,Japan,16,0,13,43725693,1004205
2021-12-30,Japan,13,1,11,43725706,1004206
2020-01-01,Mexico,102729,1279,89898,102729,1279
2020-01-02,Mexico,104050,1295,91054,206779,2574
2020-01-03,Mexico,105963,1320,92728,312742,3894
2020-01-04,Mexico,111919,1394,97940,424661,5288
2020-01-05,Mexico,115621,1444,101180,540282,6732
2020-01-06,Mexico,118066,1470,103319,658348,8202
2020-01-07,Mexico,116763,1453,102179,775111,9655
2020-01-08,Mexico,105494,1316,92317,880605,10971
2020-01-09,Mexico,115638,1441,101194,996243,12412
2020-01-10,Mexico,133100,1657,116475,1129343,14069
2020-01-11,Mexico,123308,1538,107906,1252651,15607
2020-01-12,Mexico,124985,1557,109374,1377636,17164
2020-01-13,Mexico,126638,1581,110820,1504274,18745
2020-01-14,Mexico,128683,1601,112610,1632957,20346
2020-01-15,Mexico,112494,1400,98443,1745451,21746
2020-01-16,Mexico,127801,1593,111838,1873252,23339
2020-01-17,Mexico,130724,1631,114396,2003976,24970
2020-01-18,Mexico,141074,1756,123453,2145050,26726
2020-01-19,Mexico,134486,1676,117688,2279536,28402
2020-01-20,Mexico,124561,1550,109003,2404097,29952
2020-01-21,Mexico,140241,1749,122724,2544338,31701
2020-01-22,Mexico,133240,1659,116598,2677578,33360
2020-01-23,Mexico,131792,1643,115331,2809370,35003
2020-01-24,Mexico,135904,1695,118929,2945274,36698
2020-01-25,Mexico,147172,1830,128790,3092446,38528
2020-01-26,Mexico,153837,1917,134622,3246283,40445
2020-01-27,Mexico,149673,1864,130978,3395956,42309
2020-01-28,Mexico,152197,1897,133187,3548153,44206
2020-01-29,Mexico,152420,1897,133382,3700573,46103
2020-01-30,Mexico,150995,1880,132135,3851568,47983
2020-01-31,Mexico,156823,1956,137235,4008391,49939
2020-02-01,Mexico,134335,1676,117556,4142726,51615
2020-02-02,Mexico,154922,1928,135572,4297648,53543
2020-02-03,Mexico,147168,1837,128786,4444816,55380
2020-02-04,Mexico,165565,2058,144886,4610381,57438
2020-02-05,Mexico,156458,1950,136916,4766839,59388
2020-02-06,Mexico,158981,1978,139124,4925820,61366
2020-02-07,Mexico,147790,1842,129331,5073610,63208
2020-02-08,Mexico,169046,2106,147932,5242656,65314
2020-02-09,Mexico,166956,2078,146103,5409612,67392
2020-02-10,Mexico,167390,2084,146483,5577002,69476
2020-02-11,Mexico,157134,1956,137508,5734136,71432
2020-02-12,Mexico,158323,1973,138548,5892459,73405
2020-02-13,Mexico,167409,2088,146499,6059868,75493
2020-02-14,Mexico,160604,2005,140544,6220472,77498
2020-02-15,Mexico,170803,2128,149469,6391275,79626
2020-02-16,Mexico,149769,1867,131062,6541044,81493
2020-02-17,Mexico,164509,2052,143961,6705553,83545
2020-02-18,Mexico,184496,2298,161452,6890049,85843
2020-02-19,Mexico,173646,2162,151957,7063695,88005
2020-02-20,Mexico,171919,2146,150446,7235614,90151
2020-02-21,Mexico,188020,2342,164536,7423634,92493
2020-02-22,Mexico,151505,1888,132582,7575139,94381
2020-02-23,Mexico,164991,2053,144383,7740130,96434
2020-02-24,Mexico,168965,2104,147861,7909095,98538
2020-02-25,Mexico,180219,2249,157709,8089314,100787
2020-02-26,Mexico,180721,2253,158149,8270035,103040
2020-02-27,Mexico,165924,2067,145200,8435959,105107
2020-02-28,Mexico,182356,2275,159579,8618315,107382
2020-02-29,Mexico,170394,2120,149111,8788709,109502
2020-03-01,Mexico,184621,2300,161561,8973330,111802
2020-03-02,Mexico,165209,2063,144574,9138539,113865
2020-03-03,Mexico,173221,2158,151585,9311760,116023
2020-03-04,Mexico,170073,2119,148830,9481833,118142
2020-03-05,Mexico,183564,2290,160636,9665397,120432
2020-03-06,Mexico,169771,2118,148566,9835168,122550
2020-03-07,Mexico,173891,2164,152172,10009059,124714
2020-03-08,Mexico,178568,2226,156264,10187627,126940
2020-03-09,Mexico,178756,2231,156429,10366383,129171
2020-03-10,Mexico,181540,2261,158865,10547923,131432
2020-03-11,Mexico,175445,2185,153532,10723368,133617
2020-03-12,Mexico,169733,2115,148533,10893101,135732
2020-03-13,Mexico,170043,2120,148804,11063144,137852
2020-03-14,Mexico,172968,2152,151364,11236112,140004
2020-03-15,Mexico,174541,2169,152740,11410653,142173
2020-03-16,Mexico,170734,2128,149409,11581387,144301
2020-03-17,Mexico,171743,2142,150292,11753130,146443
2020-03-18,Mexico,158142,1970,138390,11911272,148413
2020-03-19,Mexico,176338,2196,154313,12087610,150609
2020-03-20,Mexico,171674,2139,150232,12259284,152748
2020-03-21,Mexico,178090,2222,155846,12437374,154970
2020-03-22,Mexico,169029,2105,147917,12606403,157075
2020-03-23,Mexico,153795,1917,134586,12760198,158992
2020-03-24,Mexico,164813,2051,144227,12925011,161043
2020-03-25,Mexico,165511,2060,144838,13090522,163103
2020-03-26,Mexico,172708,2154,151136,13263230,165257
2020-03-27,Mexico,148671,1856,130102,13411901,167113
2020-03-28,Mexico,165479,2064,144810,13577380,169177
2020-03-29,Mexico,168644,2097,147580,13746024,171274
2020-03-30,Mexico,158270,1971,138502,13904294,173245
2020-03-31,Mexico,163541,2038,143114,14067835,175283
2020-04-01,Mexico,157083,1957,137463,14224918,177240
2020-04-02,Mexico,155502,1934,136079,14380420,179174
2020-04-03,Mexico,157322,1958,137672,14537742,181132
2020-04-04,Mexico,154124,1919,134874,14691866,183051
2020-04-05,Mexico,164432,2049,143894,14856298,185100
2020-04-06,Mexico,152370,1895,133339,15008668,186995
2020-04-07,Mexico,150260,1873,131492,15158928,188868
2020-04-08,Mexico,170383,2123,149102,15329311,190991
2020-04-09,Mexico,163201,2031,142817,15492512,193022
2020-04-10,Mexico,140476,1751,122930,15632988,194773
2020-04-11,Mexico,148179,1843,129671,15781167,196616
2020-04-12,Mexico,155109,1933,135735,15936276,198549
2020-04-13,Mexico,154901,1926,135553,16091177,200475
2020-04-14,Mexico,140321,1745,122794,16231498,202220
2020-04-15,Mexico,159556,1987,139627,16391054,204207
2020-04-16,Mexico,156214,1945,136702,16547268,206152
2020-04-17,Mexico,152835,1905,133746,16700103,208057
2020-04-18,Mexico,158538,1975,138736,16858641,210032
2020-04-19,Mexico,151047,1886,132181,17009688,211918
2020-04-20,Mexico,150259,1872,131491,17159947,213790
2020-04-21,Mexico,157625,1957,137937,17317572,215747
2020-04-22,Mexico,153538,1909,134361,17471110,217656
2020-04-23,Mexico,138739,1726,121410,17609849,219382
2020-04-24,Mexico,148729,1860,130152,17758578,221242
2020-04-25,Mexico,138750,1729,121420,17897328,222971
2020-04-26,Mexico,146497,1828,128199,18043825,224799
2020-04-27,Mexico,145689,1817,127492,18189514,226616
2020-04-28,Mexico,131921,1641,115444,18321435,228257
2020-04-29,Mexico,140323,1745,122796,18461758,230002
2020-04-30,Mexico,142536,1777,124733,18604294,231779
2020-05-01,Mexico,137129,1704,120001,18741423,233483
2020-05-02,Mexico,141937,1770,124209,18883360,235253
2020-05-03,Mexico,144935,1806,126832,19028295,237059
2020-05-04,Mexico,138725,1730,121398,19167020,238789
2020-05-05,Mexico,140147,1747,122642,19307167,240536
2020-05-06,Mexico,147847,1843,129381,19455014,242379
2020-05-07,Mexico,141275,1760,123629,19596289,244139
2020-05-08,Mexico,139160,1734,121779,19735449,245873
2020-05-09,Mexico,130991,1632,114630,19866440,247505
2020-05-10,Mexico,142043,1767,124301,20008483,249272
2020-05-11,Mexico,139589,1738,122154,20148072,251010
2020-05-12,Mexico,146066,1824,127822,20294138,252834
2020-05-13,Mexico,137553,1714,120372,20431691,254548
2020-05-14,Mexico,124787,1557,109201,20556478,256105
2020-05-15,Mexico,125645,1563,109952,20682123,257668
2020-05-16,Mexico,142489,1773,124692,20824612,259441
2020-05-17,Mexico,133669,1663,116973,20958281,261104
2020-05-18,Mexico,140809,1752,123222,21099090,262856
2020-05-19,Mexico,138842,1727,121500,21237932,264583
2020-05-20,Mexico,137202,1710,120065,21375134,266293
2020-05-21,Mexico,138040,1719,120798,21513174,268012
2020-05-22,Mexico,133089,1660,116466,21646263,269672
2020-05-23,Mexico,139450,1737,122032,21785713,271409
2020-05-24,Mexico,135966,1689,118983,21921679,273098
2020-05-25,Mexico,137993,1720,120757,22059672,274818
2020-05-26,Mexico,138925,1727,121573,22198597,276545
2020-05-27,Mexico,140253,1748,122735,22338850,278293
2020-05-28,Mexico,149137,1857,130509,22487987,280150
2020-05-29,Mexico,142384,1775,124600,22630371,281925
2020-05-30,Mexico,151493,1885,132571,22781864,283810
2020-05-31,Mexico,156115,1947,136616,22937979,285757
2020-06-01,Mexico,152104,1895,133106,23090083,287652
2020-06-02,Mexico,150743,1878,131915,23240826,289530
2020-06-03,Mexico,150234,1869,131469,23391060,291399
2020-06-04,Mexico,155310,1939,135911,23546370,293338
2020-06-05,Mexico,150635,1875,131820,23697005,295213
2020-06-06,Mexico,158550,1976,138747,23855555,297189
2020-06-07,Mexico,156980,1954,137373,24012535,299143
2020-06-08,Mexico,150779,1886,131946,24163314,301029
2020-06-09,Mexico,161763,2016,141558,24325077,303045
2020-06-10,Mexico,156872,1953,137278,24481949,304998
2020-06-11,Mexico,156697,1954,137125,24638646,306952
2020-06-12,Mexico,155167,1935,135786,24793813,308887
2020-06-13,Mexico,161745,2016,141543,24955558,310903
2020-06-14,Mexico,169985,2117,148753,25125543,313020
2020-06-15,Mexico,170727,2128,149403,25296270,315148
2020-06-16,Mexico,167961,2093,146982,25464231,317241
2020-06-17,Mexico,171664,2139,150223,25635895,319380
2020-06-18,Mexico,179030,2229,156669,25814925,321609
2020-06-19,Mexico,168746,2100,147669,25983671,323709
2020-06-20,Mexico,162171,2022,141915,26145842,325731
2020-06-21,Mexico,184804,2304,161722,26330646,328035
2020-06-22,Mexico,170666,2129,149349,26501312,330164
2020-06-23,Mexico,171021,2131,149660,26672333,332295
2020-06-24,Mexico,162914,2030,142566,26835247,334325
2020-06-25,Mexico,186041,2315,162804,27021288,336640
2020-06-26,Mexico,167963,2093,146984,27189251,338733
2020-06-27,Mexico,177786,2216,155580,27367037,340949
2020-06-28,Mexico,192163,2391,168161,27559200,343340
2020-06-29,Mexico,195459,2438,171046,27754659,345778
2020-06-30,Mexico,184432,2297,161396,27939091,348075
2020-07-01,Mexico,191366,2384,167464,28130457,350459
2020-07-02,Mexico,186193,2321,162937,28316650,352780
2020-07-03,Mexico,191336,2384,167438,28507986,355164
2020-07-04,Mexico,201433,2513,176274,28709419,357677
2020-07-05,Mexico,195814,2441,171356,28905233,360118
2020-07-06,Mexico,200448,2497,175412,29105681,362615
2020-07-07,Mexico,189991,2361,166261,29295672,364976
2020-07-08,Mexico,218823,2729,191492,29514495,367705
2020-07-09,Mexico,214513,2671,187720,29729008,370376
2020-07-10,Mexico,219641,2739,192207,29948649,373115
2020-07-11,Mexico,227118,2831,198751,30175767,375946
2020-07-12,Mexico,206543,2573,180745,30382310,378519
2020-07-13,Mexico,213612,2664,186931,30595922,381183
2020-07-14,Mexico,198773,2478,173946,30794695,383661
2020-07-15,Mexico,256443,3196,224413,31051138,386857
2020-07-16,Mexico,222012,2763,194282,31273150,389620
2020-07-17,Mexico,237444,2959,207787,31510594,392579
2020-07-18,Mexico,213638,2660,186954,31724232,395239
2020-07-19,Mexico,241184,3003,211060,31965416,398242
2020-07-20,Mexico,253242,3155,221612,32218658,401397
2020-07-21,Mexico,232973,2906,203874,32451631,404303
2020-07-22,Mexico,223702,2788,195761,32675333,407091
2020-07-23,Mexico,235873,2940,206412,32911206,410031
2020-07-24,Mexico,212745,2653,186173,33123951,412684
2020-07-25,Mexico,240797,2999,210721,33364748,415683
2020-07-26,Mexico,253052,3150,221445,33617800,418833
2020-07-27,Mexico,244422,3042,213893,33862222,421875
2020-07-28,Mexico,243107,3030,212743,34105329,424905
2020-07-29,Mexico,254875,3178,223041,34360204,428083
2020-07-30,Mexico,257549,3211,225381,34617753,431294
2020-07-31,Mexico,230746,2874,201925,34848499,434168
2020-08-01,Mexico,254347,3172,222579,35102846,437340
2020-08-02,Mexico,285801,3566,250104,35388647,440906
2020-08-03,Mexico,239161,2981,209289,35627808,443887
2020-08-04,Mexico,256620,3201,224568,35884428,447088
2020-08-05,Mexico,284283,3544,248776,36168711,450632
2020-08-06,Mexico,274857,3425,240527,36443568,454057
2020-08-07,Mexico,255054,3177,223197,36698622,457234
2020-08-08,Mexico,265731,3308,232541,36964353,460542
2020-08-09,Mexico,264182,3291,231185,37228535,463833
2020-08-10,Mexico,255418,3182,223516,37483953,467015
2020-08-11,Mexico,265430,3307,232277,37749383,470322
2020-08-12,Mexico,263691,3286,230756,38013074,473608
2020-08-13,Mexico,269904,3359,236193,38282978,476967
2020-08-14,Mexico,259207,3232,226832,38542185,480199
2020-08-15,Mexico,252872,3153,221288,38795057,483352
2020-08-16,Mexico,270324,3369,236560,39065381,486721
2020-08-17,Mexico,294877,3672,258047,39360258,490393
2020-08-18,Mexico,273342,3407,239201,39633600,493800
2020-08-19,Mexico,268270,3343,234763,39901870,497143
2020-08-20,Mexico,283602,3535,248180,40185472,500678
2020-08-21,Mexico,271565,3387,237646,40457037,504065
2020-08-22,Mexico,299701,3734,262268,40756738,507799
2020-08-23,Mexico,274342,3419,240076,41031080,511218
2020-08-24,Mexico,284243,3540,248741,41315323,514758
2020-08-25,Mexico,264413,3297,231387,41579736,518055
2020-08-26,Mexico,281783,3513,246588,41861519,521568
2020-08-27,Mexico,278665,3473,243859,42140184,525041
2020-08-28,Mexico,274052,3413,239823,42414236,528454
2020-08-29,Mexico,267810,3336,234360,42682046,531790
2020-08-30,Mexico,265747,3308,232555,42947793,535098
2020-08-31,Mexico,278108,3464,243372,43225901,538562
2020-09-01,Mexico,282509,3522,247223,43508410,542084
2020-09-02,Mexico,271744,3387,237803,43780154,545471
2020-09-03,Mexico,276922,3451,242334,44057076,548922
2020-09-04,Mexico,271930,3392,237966,44329006,552314
2020-09-05,Mexico,273161,3405,239043,44602167,555719
2020-09-06,Mexico,268409,3344,234884,44870576,559063
2020-09-07,Mexico,270605,3371,236806,45141181,562434
2020-09-08,Mexico,305891,3811,267685,45447072,566245
2020-09-09,Mexico,272811,3399,238737,45719883,569644
2020-09-10,Mexico,276291,3445,241782,45996174,573089
2020-09-11,Mexico,272455,3396,238425,46268629,576485
2020-09-12,Mexico,262021,3265,229294,46530650,579750
2020-09-13,Mexico,281443,3507,246290,46812093,583257
2020-09-14,Mexico,259272,3232,226889,47071365,586489
2020-09-15,Mexico,275615,3437,241190,47346980,589926
2020-09-16,Mexico,256087,3188,224101,47603067,593114
2020-09-17,Mexico,246580,3072,215782,47849647,596186
2020-09-18,Mexico,262232,3268,229479,48111879,599454
2020-09-19,Mexico,241840,3015,211634,48353719,602469
2020-09-20,Mexico,261188,3255,228565,48614907,605724
2020-09-21,Mexico,237622,2962,207943,48852529,608686
2020-09-22,Mexico,246989,3077,216140,49099518,611763
2020-09-23,Mexico,231376,2882,202477,49330894,614645
2020-09-24,Mexico,282327,3520,247064,49613221,618165
2020-09-25,Mexico,225206,2808,197077,49838427,620973
2020-09-26,Mexico,243700,3038,213262,50082127,624011
2020-09-27,Mexico,255414,3184,223512,50337541,627195
2020-09-28,Mexico,251990,3138,220516,50589531,630333
2020-09-29,Mexico,247611,3085,216684,50837142,633418
2020-09-30,Mexico,231649,2889,202716,51068791,636307
2020-10-01,Mexico,248979,3103,217881,51317770,639410
2020-10-02,Mexico,241572,3010,211399,51559342,642420
2020-10-03,Mexico,231207,2881,202329,51790549,645301
2020-10-04,Mexico,229224,2859,200594,52019773,648160
2020-10-05,Mexico,220776,2748,193201,52240549,650908
2020-10-06,Mexico,211743,2639,185296,52452292,653547
2020-10-07,Mexico,233026,2904,203921,52685318,656451
2020-10-08,Mexico,231278,2879,202391,52916596,659330
2020-10-09,Mexico,205107,2559,179489,53121703,661889
2020-10-10,Mexico,210493,2618,184202,53332196,664507
2020-10-11,Mexico,208125,2594,182130,53540321,667101
2020-10-12,Mexico,206771,2578,180945,53747092,669679
2020-10-13,Mexico,205226,2555,179593,53952318,672234
2020-10-14,Mexico,211572,2637,185146,54163890,674871
2020-10-15,Mexico,191977,2392,167999,54355867,677263
2020-10-16,Mexico,188502,2351,164958,54544369,679614
2020-10-17,Mexico,206233,2577,180474,54750602,682191
2020-10-18,Mexico,187167,2333,163789,54937769,684524
2020-10-19,Mexico,177031,2207,154919,55114800,686731
2020-10-20,Mexico,181803,2263,159095,55296603,688994
2020-10-21,Mexico,180642,2251,158079,55477245,691245
2020-10-22,Mexico,195093,2430,170726,55672338,693675
2020-10-23,Mexico,186607,2327,163299,55858945,696002
2020-10-24,Mexico,185779,2312,162575,56044724,698314
2020-10-25,Mexico,180131,2242,157632,56224855,700556
2020-10-26,Mexico,178438,2226,156151,56403293,702782
2020-10-27,Mexico,161949,2018,141721,56565242,704800
2020-10-28,Mexico,163430,2039,143017,56728672,706839
2020-10-29,Mexico,154384,1924,135101,56883056,708763
2020-10-30,Mexico,158107,1971,138359,57041163,710734
2020-10-31,Mexico,162539,2025,142237,57203702,712759
2020-11-01,Mexico,155588,1938,136155,57359290,714697
2020-11-02,Mexico,161912,2019,141689,57521202,716716
2020-11-03,Mexico,140835,1754,123244,57662037,718470
2020-11-04,Mexico,150463,1877,131670,57812500,720347
2020-11-05,Mexico,135235,1685,118344,57947735,722032
2020-11-06,Mexico,142374,1772,124591,58090109,723804
2020-11-07,Mexico,144348,1796,126319,58234457,725600
2020-11-08,Mexico,135239,1685,118347,58369696,727285
2020-11-09,Mexico,137939,1721,120710,58507635,729006
2020-11-10,Mexico,125473,1562,109801,58633108,730568
2020-11-11,Mexico,118620,1479,103804,58751728,732047
2020-11-12,Mexico,130535,1627,114231,58882263,733674
2020-11-13,Mexico,135511,1690,118585,59017774,735364
2020-11-14,Mexico,116220,1447,101704,59133994,736811
2020-11-15,Mexico,127352,1587,111445,59261346,738398
2020-11-16,Mexico,118009,1472,103269,59379355,739870
2020-11-17,Mexico,107807,1343,94341,59487162,741213
2020-11-18,Mexico,106916,1331,93562,59594078,742544
2020-11-19,Mexico,111258,1383,97361,59705336,743927
2020-11-20,Mexico,106842,1332,93497,59812178,745259
2020-11-21,Mexico,99941,1244,87458,59912119,746503
2020-11-22,Mexico,96031,1195,84036,60008150,747698
2020-11-23,Mexico,98556,1226,86246,60106706,748924
2020-11-24,Mexico,101928,1269,89197,60208634,750193
2020-11-25,Mexico,98995,1238,86630,60307629,751431
2020-11-26,Mexico,94712,1181,82882,60402341,752612
2020-11-27,Mexico,96272,1198,84247,60498613,753810
2020-11-28,Mexico,98381,1225,86093,60596994,755035
2020-11-29,Mexico,93578,1163,81890,60690572,756198
2020-11-30,Mexico,89520,1113,78339,60780092,757311
2020-12-01,Mexico,92513,1150,80958,60872605,758461
2020-12-02,Mexico,82633,1030,72312,60955238,759491
2020-12-03,Mexico,84278,1051,73751,61039516,760542
2020-12-04,Mexico,82881,1033,72529,61122397,761575
2020-12-05,Mexico,77168,962,67529,61199565,762537
2020-12-06,Mexico,79142,984,69257,61278707,763521
2020-12-07,Mexico,71224,885,62328,61349931,764406
2020-12-08,Mexico,85628,1064,74933,61435559,765470
2020-12-09,Mexico,73281,910,64128,61508840,766380
2020-12-10,Mexico,81672,1018,71471,61590512,767398
2020-12-11,Mexico,74645,934,65321,61665157,768332
2020-12-12,Mexico,75462,938,66036,61740619,769270
2020-12-13,Mexico,70557,878,61744,61811176,770148
2020-12-14,Mexico,72055,898,63055,61883231,771046
2020-12-15,Mexico,72644,904,63570,61955875,771950
2020-12-16,Mexico,71756,894,62793,62027631,772844
2020-12-17,Mexico,71251,886,62351,62098882,773730
2020-12-18,Mexico,66542,827,58230,62165424,774557
2020-12-19,Mexico,65431,815,57258,62230855,775372
2020-12-20,Mexico,61056,761,53430,62291911,776133
2020-12-21,Mexico,67422,842,59001,62359333,776975
2020-12-22,Mexico,68636,856,60063,62427969,777831
2020-12-23,Mexico,69793,869,61075,62497762,778700
2020-12-24,Mexico,65067,812,56940,62562829,779512
2020-12-25,Mexico,61217,764,53571,62624046,780276
2020-12-26,Mexico,57907,721,50674,62681953,780997
2020-12-27,Mexico,66232,825,57959,62748185,781822
2020-12-28,Mexico,57047,710,49921,62805232,782532
2020-12-29,Mexico,61393,766,53725,62866625,783298
2020-12-30,Mexico,61589,767,53896,62928214,784065
2020-12-31,Mexico,61956,769,54217,62990170,784834
2021-01-01,Mexico,62218,776,54447,63052388,785610
2021-01-02,Mexico,62523,782,54713,63114911,786392
2021-01-03,Mexico,54626,683,47803,63169537,787075
2021-01-04,Mexico,62267,775,54489,63231804,787850
2021-01-05,Mexico,55408,689,48487,63287212,788539
2021-01-06,Mexico,64844,811,56745,63352056,789350
2021-01-07,Mexico,61051,764,53425,63413107,790114
2021-01-08,Mexico,56280,702,49250,63469387,790816
2021-01-09,Mexico,60843,754,53243,63530230,791570
2021-01-10,Mexico,61996,771,54252,63592226,792341
2021-01-11,Mexico,68081,846,59577,63660307,793187
2021-01-12,Mexico,65377,818,57211,63725684,794005
2021-01-13,Mexico,66399,824,58105,63792083,794829
2021-01-14,Mexico,69747,872,61035,63861830,795701
2021-01-15,Mexico,66164,824,57900,63927994,796525
2021-01-16,Mexico,69691,866,60986,63997685,797391
2021-01-17,Mexico,70199,876,61431,64067884,798267
2021-01-18,Mexico,64226,801,56204,64132110,799068
2021-01-19,Mexico,74568,926,65254,64206678,799994
2021-01-20,Mexico,65310,813,57152,64271988,800807
2021-01-21,Mexico,74466,930,65165,64346454,801737
2021-01-22,Mexico,66664,830,58337,64413118,802567
2021-01-23,Mexico,75316,942,65909,64488434,803509
2021-01-24,Mexico,81042,1008,70919,64569476,804517
2021-01-25,Mexico,74398,924,65105,64643874,805441
2021-01-26,Mexico,75321,938,65913,64719195,806379
2021-01-27,Mexico,79802,991,69834,64798997,807370
2021-01-28,Mexico,77320,963,67662,64876317,808333
2021-01-29,Mexico,87088,1085,76210,64963405,809418
2021-01-30,Mexico,81858,1018,71633,65045263,810436
2021-01-31,Mexico,81045,1013,70922,65126308,811449
2021-02-01,Mexico,81422,1014,71252,65207730,812463
2021-02-02,Mexico,81068,1012,70942,65288798,813475
2021-02-03,Mexico,83708,1045,73252,65372506,814520
2021-02-04,Mexico,86298,1079,75519,65458804,815599
2021-02-05,Mexico,87108,1083,76228,65545912,816682
2021-02-06,Mexico,87775,1090,76811,65633687,817772
2021-02-07,Mexico,101953,1274,89219,65735640,819046
2021-02-08,Mexico,88969,1110,77856,65824609,820156
2021-02-09,Mexico,96060,1197,84062,65920669,821353
2021-02-10,Mexico,99817,1243,87349,66020486,822596
2021-02-11,Mexico,101659,1266,88961,66122145,823862
2021-02-12,Mexico,99891,1246,87414,66222036,825108
2021-02-13,Mexico,100613,1251,88046,66322649,826359
2021-02-14,Mexico,105850,1320,92629,66428499,827679
2021-02-15,Mexico,106609,1330,93293,66535108,829009
2021-02-16,Mexico,105534,1316,92352,66640642,830325
2021-02-17,Mexico,100161,1248,87650,66740803,831573
2021-02-18,Mexico,107809,1343,94343,66848612,832916
2021-02-19,Mexico,105722,1320,92517,66954334,834236
2021-02-20,Mexico,110124,1373,96369,67064458,835609
2021-02-21,Mexico,115902,1448,101425,67180360,837057
2021-02-22,Mexico,119613,1487,104673,67299973,838544
2021-02-23,Mexico,129934,1621,113705,67429907,840165
2021-02-24,Mexico,117868,1467,103146,67547775,841632
2021-02-25,Mexico,127706,1591,111755,67675481,843223
2021-02-26,Mexico,126677,1581,110855,67802158,844804
2021-02-27,Mexico,134802,1678,117965,67936960,846482
2021-02-28,Mexico,132130,1651,115627,68069090,848133
2021-03-01,Mexico,123693,1543,108243,68192783,849676
2021-03-02,Mexico,120714,1505,105636,68313497,851181
2021-03-03,Mexico,136012,1693,119024,68449509,852874
2021-03-04,Mexico,132168,1646,115660,68581677,854520
2021-03-05,Mexico,130835,1629,114493,68712512,856149
2021-03-06,Mexico,130562,1624,114254,68843074,857773
2021-03-07,Mexico,142347,1776,124567,68985421,859549
2021-03-08,Mexico,153795,1915,134586,69139216,861464
2021-03-09,Mexico,141846,1767,124129,69281062,863231
2021-03-10,Mexico,150914,1880,132064,69431976,865111
2021-03-11,Mexico,147597,1839,129162,69579573,866950
2021-03-12,Mexico,140432,1751,122892,69720005,868701
2021-03-13,Mexico,157430,1960,137767,69877435,870661
2021-03-14,Mexico,145165,1811,127033,70022600,872472
2021-03-15,Mexico,155443,1936,136028,70178043,874408
2021-03-16,Mexico,154279,1922,135009,70332322,876330
2021-03-17,Mexico,165706,2062,145009,70498028,878392
2021-03-18,Mexico,151783,1893,132825,70649811,880285
2021-03-19,Mexico,165044,2059,144430,70814855,882344
2021-03-20,Mexico,156606,1953,137046,70971461,884297
2021-03-21,Mexico,160818,2004,140731,71132279,886301
2021-03-22,Mexico,136293,1698,119270,71268572,887999
2021-03-23,Mexico,185666,2310,162476,71454238,890309
2021-03-24,Mexico,174228,2168,152467,71628466,892477
2021-03-25,Mexico,164445,2051,143905,71792911,894528
2021-03-26,Mexico,162723,2027,142398,71955634,896555
2021-03-27,Mexico,169492,2109,148322,72125126,898664
2021-03-28,Mexico,181424,2258,158764,72306550,900922
2021-03-29,Mexico,159758,1992,139804,72466308,902914
2021-03-30,Mexico,176466,2201,154425,72642774,905115
2021-03-31,Mexico,194803,2424,170472,72837577,907539
2021-04-01,Mexico,169935,2118,148710,73007512,909657
2021-04-02,Mexico,182032,2269,159296,73189544,911926
2021-04-03,Mexico,202512,2522,177218,73392056,914448
2021-04-04,Mexico,189283,2361,165641,73581339,916809
2021-04-05,Mexico,185670,2313,162479,73767009,919122
2021-04-06,Mexico,190188,2366,166433,73957197,921488
2021-04-07,Mexico,182688,2276,159870,74139885,923764
2021-04-08,Mexico,199488,2489,174572,74339373,926253
2021-04-09,Mexico,184400,2297,161368,74523773,928550
2021-04-10,Mexico,170441,2122,149153,74694214,930672
2021-04-11,Mexico,185987,2319,162757,74880201,932991
2021-04-12,Mexico,181193,2258,158562,75061394,935249
2021-04-13,Mexico,188359,2347,164833,75249753,937596
2021-04-14,Mexico,189161,2358,165534,75438914,939954
2021-04-15,Mexico,203700,2537,178257,75642614,942491
2021-04-16,Mexico,199388,2483,174484,75842002,944974
2021-04-17,Mexico,195676,2440,171236,76037678,947414
2021-04-18,Mexico,193497,2409,169329,76231175,949823
2021-04-19,Mexico,183601,2291,160669,76414776,952114
2021-04-20,Mexico,172978,2158,151373,76587754,954272
2021-04-21,Mexico,195489,2434,171072,76783243,956706
2021-04-22,Mexico,202301,2524,177033,76985544,959230
2021-04-23,Mexico,193643,2413,169457,77179187,961643
2021-04-24,Mexico,189563,2365,165886,77368750,964008
2021-04-25,Mexico,199318,2484,174423,77568068,966492
2021-04-26,Mexico,193949,2416,169724,77762017,968908
2021-04-27,Mexico,211084,2630,184719,77973101,971538
2021-04-28,Mexico,206525,2569,180730,78179626,974107
2021-04-29,Mexico,203664,2540,178226,78383290,976647
2021-04-30,Mexico,201446,2509,176285,78584736,979156
2021-05-01,Mexico,181289,2261,158646,78766025,981417
2021-05-02,Mexico,199851,2494,174889,78965876,983911
2021-05-03,Mexico,196664,2449,172100,79162540,986360
2021-05-04,Mexico,198413,2471,173631,79360953,988831
2021-05-05,Mexico,196793,2454,172213,79557746,991285
2021-05-06,Mexico,195836,2439,171376,79753582,993724
2021-05-07,Mexico,216667,2703,189605,79970249,996427
2021-05-08,Mexico,189498,2360,165829,80159747,998787
2021-05-09,Mexico,198381,2475,173603,80358128,1001262
2021-05-10,Mexico,184298,2296,161279,80542426,1003558
2021-05-11,Mexico,195361,2435,170960,80737787,1005993
2021-05-12,Mexico,195856,2442,171393,80933643,1008435
2021-05-13,Mexico,189553,2363,165877,81123196,1010798
2021-05-14,Mexico,200664,2503,175601,81323860,1013301
2021-05-15,Mexico,176057,2191,154067,81499917,1015492
2021-05-16,Mexico,178693,2226,156374,81678610,1017718
2021-05-17,Mexico,183997,2293,161015,81862607,1020011
2021-05-18,Mexico,188897,2352,165303,82051504,1022363
2021-05-19,Mexico,181362,2262,158709,82232866,1024625
2021-05-20,Mexico,190007,2367,166275,82422873,1026992
2021-05-21,Mexico,171402,2134,149993,82594275,1029126
2021-05-22,Mexico,165930,2069,145205,82760205,1031195
2021-05-23,Mexico,177317,2207,155170,82937522,1033402
2021-05-24,Mexico,172580,2148,151024,83110102,1035550
2021-05-25,Mexico,176499,2200,154454,83286601,1037750
2021-05-26,Mexico,170150,2123,148898,83456751,1039873
2021-05-27,Mexico,166027,2069,145290,83622778,1041942
2021-05-28,Mexico,166753,2075,145925,83789531,1044017
2021-05-29,Mexico,166069,2071,145327,83955600,1046088
2021-05-30,Mexico,161742,2014,141540,84117342,1048102
2021-05-31,Mexico,160983,2008,140876,84278325,1050110
2021-06-01,Mexico,157745,1965,138042,84436070,1052075
2021-06-02,Mexico,166151,2073,145398,84602221,1054148
2021-06-03,Mexico,159160,1982,139281,84761381,1056130
2021-06-04,Mexico,173505,2161,151834,84934886,1058291
2021-06-05,Mexico,155404,1933,135994,85090290,1060224
2021-06-06,Mexico,148200,1845,129689,85238490,1062069
2021-06-07,Mexico,170723,2128,149399,85409213,1064197
2021-06-08,Mexico,151878,1893,132908,85561091,1066090
2021-06-09,Mexico,154249,1923,134983,85715340,1068013
2021-06-10,Mexico,149423,1864,130760,85864763,1069877
2021-06-11,Mexico,147726,1841,129275,86012489,1071718
2021-06-12,Mexico,145172,1809,127040,86157661,1073527
2021-06-13,Mexico,131805,1644,115342,86289466,1075171
2021-06-14,Mexico,140116,1746,122615,86429582,1076917
2021-06-15,Mexico,126682,1577,110859,86556264,1078494
2021-06-16,Mexico,132578,1651,116019,86688842,1080145
2021-06-17,Mexico,127025,1578,111159,86815867,1081723
2021-06-18,Mexico,132184,1645,115674,86948051,1083368
2021-06-19,Mexico,130049,1617,113805,87078100,1084985
2021-06-20,Mexico,128985,1608,112874,87207085,1086593
2021-06-21,Mexico,125775,1569,110065,87332860,1088162
2021-06-22,Mexico,118325,1472,103546,87451185,1089634
2021-06-23,Mexico,118494,1475,103694,87569679,1091109
2021-06-24,Mexico,123529,1541,108100,87693208,1092650
2021-06-25,Mexico,122326,1523,107047,87815534,1094173
2021-06-26,Mexico,107611,1341,94170,87923145,1095514
2021-06-27,Mexico,103604,1292,90663,88026749,1096806
2021-06-28,Mexico,106225,1322,92957,88132974,1098128
2021-06-29,Mexico,113934,1418,99703,88246908,1099546
2021-06-30,Mexico,112782,1404,98695,88359690,1100950
2021-07-01,Mexico,99549,1237,87115,88459239,1102187
2021-07-02,Mexico,104011,1297,91020,88563250,1103484
2021-07-03,Mexico,109727,1368,96022,88672977,1104852
2021-07-04,Mexico,100632,1254,88063,88773609,1106106
2021-07-05,Mexico,103545,1293,90612,88877154,1107399
2021-07-06,Mexico,99505,1239,87076,88976659,1108638
2021-07-07,Mexico,88654,1106,77581,89065313,1109744
2021-07-08,Mexico,90140,1124,78881,89155453,1110868
2021-07-09,Mexico,89296,1111,78142,89244749,1111979
2021-07-10,Mexico,87745,1095,76785,89332494,1113074
2021-07-11,Mexico,89372,1114,78209,89421866,1114188
2021-07-12,Mexico,85345,1065,74685,89507211,1115253
2021-07-13,Mexico,69815,867,61095,89577026,1116120
2021-07-14,Mexico,74788,932,65447,89651814,1117052
2021-07-15,Mexico,69711,867,61004,89721525,1117919
2021-07-16,Mexico,77193,960,67551,89798718,1118879
2021-07-17,Mexico,75688,946,66234,89874406,1119825
2021-07-18,Mexico,74109,924,64852,89948515,1120749
2021-07-19,Mexico,67955,843,59467,90016470,1121592
2021-07-20,Mexico,72053,897,63053,90088523,1122489
2021-07-21,Mexico,70486,880,61682,90159009,1123369
2021-07-22,Mexico,62245,774,54470,90221254,1124143
2021-07-23,Mexico,60050,746,52549,90281304,1124889
2021-07-24,Mexico,63210,787,55315,90344514,1125676
2021-07-25,Mexico,67165,838,58776,90411679,1126514
2021-07-26,Mexico,65203,811,57059,90476882,1127325
2021-07-27,Mexico,60220,751,52698,90537102,1128076
2021-07-28,Mexico,54984,685,48116,90592086,1128761
2021-07-29,Mexico,58055,723,50803,90650141,1129484
2021-07-30,Mexico,52909,654,46300,90703050,1130138
2021-07-31,Mexico,50679,631,44349,90753729,1130769
2021-08-01,Mexico,45793,570,40073,90799522,1131339
2021-08-02,Mexico,50165,626,43899,90849687,1131965
2021-08-03,Mexico,47019,584,41146,90896706,1132549
2021-08-04,Mexico,47440,590,41514,90944146,1133139
2021-08-05,Mexico,40620,507,35546,90984766,1133646
2021-08-06,Mexico,44990,563,39370,91029756,1134209
2021-08-07,Mexico,38075,471,33319,91067831,1134680
2021-08-08,Mexico,44398,554,38852,91112229,1135234
2021-08-09,Mexico,41958,525,36717,91154187,1135759
2021-08-10,Mexico,39145,489,34255,91193332,1136248
2021-08-11,Mexico,39615,496,34667,91232947,1136744
2021-08-12,Mexico,35557,442,31115,91268504,1137186
2021-08-13,Mexico,36398,456,31851,91304902,1137642
2021-08-14,Mexico,36569,454,32001,91341471,1138096
2021-08-15,Mexico,28819,359,25219,91370290,1138455
2021-08-16,Mexico,32309,401,28273,91402599,1138856
2021-08-17,Mexico,31987,397,27991,91434586,1139253
2021-08-18,Mexico,30716,379,26879,91465302,1139632
2021-08-19,Mexico,32231,397,28205,91497533,1140029
2021-08-20,Mexico,27449,344,24020,91524982,1140373
2021-08-21,Mexico,27276,336,23869,91552258,1140709
2021-08-22,Mexico,24628,307,21551,91576886,1141016
2021-08-23,Mexico,28341,350,24801,91605227,1141366
2021-08-24,Mexico,25168,311,22024,91630395,1141677
2021-08-25,Mexico,24096,301,21086,91654491,1141978
2021-08-26,Mexico,23750,296,20783,91678241,1142274
2021-08-27,Mexico,23742,295,20776,91701983,1142569
2021-08-28,Mexico,22613,284,19788,91724596,1142853
2021-08-29,Mexico,24310,302,21273,91748906,1143155
2021-08-30,Mexico,21195,266,18547,91770101,1143421
2021-08-31,Mexico,19537,241,17096,91789638,1143662
2021-09-01,Mexico,18759,231,16416,91808397,1143893
2021-09-02,Mexico,18254,227,15974,91826651,1144120
2021-09-03,Mexico,16607,206,14532,91843258,1144326
2021-09-04,Mexico,17347,214,15180,91860605,1144540
2021-09-05,Mexico,17342,215,15175,91877947,1144755
2021-09-06,Mexico,15586,196,13639,91893533,1144951
2021-09-07,Mexico,14864,184,13007,91908397,1145135
2021-09-08,Mexico,16050,196,14045,91924447,1145331
2021-09-09,Mexico,13337,162,11671,91937784,1145493
2021-09-10,Mexico,12393,158,10845,91950177,1145651
2021-09-11,Mexico,12535,159,10969,91962712,1145810
2021-09-12,Mexico,11810,146,10334,91974522,1145956
2021-09-13,Mexico,12545,157,10978,91987067,1146113
2021-09-14,Mexico,11619,145,10167,91998686,1146258
2021-09-15,Mexico,11248,142,9843,92009934,1146400
2021-09-16,Mexico,11560,141,10116,92021494,1146541
2021-09-17,Mexico,10135,124,8869,92031629,1146665
2021-09-18,Mexico,10475,133,9166,92042104,1146798
2021-09-19,Mexico,10414,126,9113,92052518,1146924
2021-09-20,Mexico,9080,113,7945,92061598,1147037
2021-09-21,Mexico,9246,115,8091,92070844,1147152
2021-09-22,Mexico,8450,106,7394,92079294,1147258
2021-09-23,Mexico,8584,107,7511,92087878,1147365
2021-09-24,Mexico,7246,90,6340,92095124,1147455
2021-09-25,Mexico,6917,85,6053,92102041,1147540
2021-09-26,Mexico,7083,86,6198,92109124,1147626
2021-09-27,Mexico,6613,82,5787,92115737,1147708
2021-09-28,Mexico,6457,82,5650,92122194,1147790
2021-09-29,Mexico,6277,77,5493,92128471,1147867
2021-09-30,Mexico,6294,81,5507,92134765,1147948
2021-10-01,Mexico,5694,72,4982,92140459,1148020
2021-10-02,Mexico,5331,67,4665,92145790,1148087
2021-10-03,Mexico,5225,64,4572,92151015,1148151
2021-10-04,Mexico,4889,59,4278,92155904,1148210
2021-10-05,Mexico,4633,61,4054,92160537,1148271
2021-10-06,Mexico,4269,54,3735,92164806,1148325
2021-10-07,Mexico,4453,55,3896,92169259,1148380
2021-10-08,Mexico,4117,54,3602,92173376,1148434
2021-10-09,Mexico,4243,54,3713,92177619,1148488
2021-10-10,Mexico,3582,41,3134,92181201,1148529
2021-10-11,Mexico,3585,43,3137,92184786,1148572
2021-10-12,Mexico,3837,49,3357,92188623,1148621
2021-10-13,Mexico,3195,42,2795,92191818,1148663
2021-10-14,Mexico,3160,44,2765,92194978,1148707
2021-10-15,Mexico,2862,35,2504,92197840,1148742
2021-10-16,Mexico,2707,34,2368,92200547,1148776
2021-10-17,Mexico,2983,35,2610,92203530,1148811
2021-10-18,Mexico,2658,31,2326,92206188,1148842
2021-10-19,Mexico,2526,28,2210,92208714,1148870
2021-10-20,Mexico,2184,27,1911,92210898,1148897
2021-10-21,Mexico,2314,31,2024,92213212,1148928
2021-10-22,Mexico,2289,30,2003,92215501,1148958
2021-10-23,Mexico,2176,27,1904,92217677,1148985
2021-10-24,Mexico,2022,27,1769,92219699,1149012
2021-10-25,Mexico,1753,27,1534,92221452,1149039
2021-10-26,Mexico,1794,20,1569,92223246,1149059
2021-10-27,Mexico,1735,16,1518,92224981,1149075
2021-10-28,Mexico,1449,18,1268,92226430,1149093
2021-10-29,Mexico,1427,19,1248,92227857,1149112
2021-10-30,Mexico,1501,15,1313,92229358,1149127
2021-10-31,Mexico,1424,19,1246,92230782,1149146
2021-11-01,Mexico,1192,14,1043,92231974,1149160
2021-11-02,Mexico,1276,16,1116,92233250,1149176
2021-11-03,Mexico,1169,12,1022,92234419,1149188
2021-11-04,Mexico,1146,12,1002,92235565,1149200
2021-11-05,Mexico,1011,10,884,92236576,1149210
2021-11-06,Mexico,1022,14,894,92237598,1149224
2021-11-07,Mexico,978,10,855,92238576,1149234
2021-11-08,Mexico,872,11,763,92239448,1149245
2021-11-09,Mexico,841,10,735,92240289,1149255
2021-11-10,Mexico,769,7,672,92241058,1149262
2021-11-11,Mexico,816,10,714,92241874,1149272
2021-11-12,Mexico,707,9,618,92242581,1149281
2021-11-13,Mexico,641,10,560,92243222,1149291
2021-11-14,Mexico,612,10,535,92243834,1149301
2021-11-15,Mexico,605,5,529,92244439,1149306
2021-11-16,Mexico,590,8,516,92245029,1149314
2021-11-17,Mexico,499,1,436,92245528,1149315
2021-11-18,Mexico,555,8,485,92246083,1149323
2021-11-19,Mexico,486,8,425,92246569,1149331
2021-11-20,Mexico,462,0,404,92247031,1149331
2021-11-21,Mexico,423,4,370,92247454,1149335
2021-11-22,Mexico,402,3,351,92247856,1149338
2021-11-23,Mexico,375,3,328,92248231,1149341
2021-11-24,Mexico,376,3,329,92248607,1149344
2021-11-25,Mexico,336,4,294,92248943,1149348
2021-11-26,Mexico,329,6,287,92249272,1149354
2021-11-27,Mexico,291,2,254,92249563,1149356
2021-11-28,Mexico,284,1,248,92249847,1149357
2021-11-29,Mexico,253,2,221,92250100,1149359
2021-11-30,Mexico,265,2,231,92250365,1149361
2021-12-01,Mexico,223,2,195,92250588,1149363
2021-12-02,Mexico,216,1,189,92250804,1149364
2021-12-03,Mexico,203,3,177,92251007,1149367
2021-12-04,Mexico,191,4,167,92251198,1149371
2021-12-05,Mexico,190,0,166,92251388,1149371
2021-12-06,Mexico,169,3,147,92251557,1149374
2021-12-07,Mexico,174,4,152,92251731,1149378
2021-12-08,Mexico,144,0,126,92251875,1149378
2021-12-09,Mexico,143,4,125,92252018,1149382
2021-12-10,Mexico,127,1,111,92252145,1149383
2021-12-11,Mexico,128,0,112,92252273,1149383
2021-12-12,Mexico,117,0,102,92252390,1149383
2021-12-13,Mexico,109,2,95,92252499,1149385
2021-12-14,Mexico,110,2,96,92252609,1149387
2021-12-15,Mexico,93,4,81,92252702,1149391
2021-12-16,Mexico,94,2,82,92252796,1149393
2021-12-17,Mexico,81,0,70,92252877,1149393
2021-12-18,Mexico,80,1,70,92252957,1149394
2021-12-19,Mexico,68,0,59,92253025,1149394
2021-12-20,Mexico,66,0,57,92253091,1149394
2021-12-21,Mexico,64,0,56,92253155,1149394
2021-12-22,Mexico,68,0,59,92253223,1149394
2021-12-23,Mexico,57,0,49,92253280,1149394
2021-12-24,Mexico,59,0,51,92253339,1149394
2021-12-25,Mexico,50,0,43,92253389,1149394
2021-12-26,Mexico,45,0,39,92253434,1149394
2021-12-27,Mexico,48,2,42,92253482,1149396
2021-12-28,Mexico,42,3,36,92253524,1149399
2021-12-29,Mexico,36,0,31,92253560,1149399
2021-12-30,Mexico,36,0,31,92253596,1149399
2020-01-01,South Korea,34993,635,30567,34993,635
2020-01-02,South Korea,34118,623,29803,69111,1258
2020-01-03,South Korea,35137,641,30693,104248,1899
2020-01-04,South Korea,36614,665,31983,140862,2564
2020-01-05,South Korea,38044,696,33232,178906,3260
2020-01-06,South Korea,35449,648,30965,214355,3908
2020-01-07,South Korea,38092,696,33274,252447,4604
2020-01-08,South Korea,37006,677,32325,289453,5281
2020-01-09,South Korea,38164,698,33337,327617,5979
2020-01-10,South Korea,39400,718,34417,367017,6697
2020-01-11,South Korea,39628,725,34616,406645,7422
2020-01-12,South Korea,41671,763,36400,448316,8185
2020-01-13,South Korea,41733,760,36455,490049,8945
2020-01-14,South Korea,38170,699,33342,528219,9644
2020-01-15,South Korea,38984,711,34053,567203,10355
2020-01-16,South Korea,41577,761,36318,608780,11116
2020-01-17,South Korea,46814,855,40893,655594,11971
2020-01-18,South Korea,41567,759,36310,697161,12730
2020-01-19,South Korea,43478,795,37979,740639,13525
2020-01-20,South Korea,43257,789,37786,783896,14314
2020-01-21,South Korea,43711,801,38182,827607,15115
2020-01-22,South Korea,45864,840,40063,873471,15955
2020-01-23,South Korea,49173,897,42954,922644,16852
2020-01-24,South Korea,47499,867,41491,970143,17719
2020-01-25,South Korea,45033,822,39337,1015176,18541
2020-01-26,South Korea,53917,986,47098,1069093,19527
2020-01-27,South Korea,48041,880,41965,1117134,20407
2020-01-28,South Korea,46913,854,40979,1164047,21261
2020-01-29,South Korea,52198,951,45596,1216245,22212
2020-01-30,South Korea,48036,877,41960,1264281,23089
2020-01-31,South Korea,53745,982,46947,1318026,24071
2020-02-01,South Korea,47856,872,41803,1365882,24943
2020-02-02,South Korea,54051,988,47215,1419933,25931
2020-02-03,South Korea,51351,937,44856,1471284,26868
2020-02-04,South Korea,54534,995,47637,1525818,27863
2020-02-05,South Korea,56510,1035,49363,1582328,28898
2020-02-06,South Korea,49022,895,42822,1631350,29793
2020-02-07,South Korea,55658,1016,48618,1687008,30809
2020-02-08,South Korea,48950,894,42759,1735958,31703
2020-02-09,South Korea,50215,920,43864,1786173,32623
2020-02-10,South Korea,51167,935,44695,1837340,33558
2020-02-11,South Korea,54965,1003,48013,1892305,34561
2020-02-12,South Korea,53997,988,47168,1946302,35549
2020-02-13,South Korea,53736,983,46940,2000038,36532
2020-02-14,South Korea,54855,1004,47917,2054893,37536
2020-02-15,South Korea,56330,1029,49205,2111223,38565
2020-02-16,South Korea,56790,1038,49607,2168013,39603
2020-02-17,South Korea,58202,1065,50841,2226215,40668
2020-02-18,South Korea,60441,1105,52797,2286656,41773
2020-02-19,South Korea,55541,1017,48516,2342197,42790
2020-02-20,South Korea,54335,994,47463,2396532,43784
2020-02-21,South Korea,57681,1058,50386,2454213,44842
2020-02-22,South Korea,52913,968,46221,2507126,45810
2020-02-23,South Korea,54363,989,47487,2561489,46799
2020-02-24,South Korea,59227,1081,51736,2620716,47880
2020-02-25,South Korea,56176,1023,49071,2676892,48903
2020-02-26,South Korea,53211,971,46481,2730103,49874
2020-02-27,South Korea,52500,958,45860,2782603,50832
2020-02-28,South Korea,56944,1042,49742,2839547,51874
2020-02-29,South Korea,60119,1097,52515,2899666,52971
2020-03-01,South Korea,60136,1101,52530,2959802,54072
2020-03-02,South Korea,57277,1045,50033,3017079,55117
2020-03-03,South Korea,62712,1145,54780,3079791,56262
2020-03-04,South Korea,56698,1033,49527,3136489,57295
2020-03-05,South Korea,56600,1037,49441,3193089,58332
2020-03-06,South Korea,49663,910,43382,3242752,59242
2020-03-07,South Korea,55678,1017,48636,3298430,60259
2020-03-08,South Korea,59336,1081,51831,3357766,61340
2020-03-09,South Korea,61305,1120,53551,3419071,62460
2020-03-10,South Korea,54433,995,47548,3473504,63455
2020-03-11,South Korea,58024,1059,50685,3531528,64514
2020-03-12,South Korea,59588,1093,52051,3591116,65607
2020-03-13,South Korea,56552,1037,49399,3647668,66644
2020-03-14,South Korea,49965,909,43645,3697633,67553
2020-03-15,South Korea,56978,1039,49772,3754611,68592
2020-03-16,South Korea,58283,1066,50911,3812894,69658
2020-03-17,South Korea,53344,972,46597,3866238,70630
2020-03-18,South Korea,55131,1008,48158,3921369,71638
2020-03-19,South Korea,52455,958,45821,3973824,72596
2020-03-20,South Korea,48361,883,42244,4022185,73479
2020-03-21,South Korea,58150,1064,50795,4080335,74543
2020-03-22,South Korea,55102,1010,48133,4135437,75553
2020-03-23,South Korea,59295,1084,51796,4194732,76637
2020-03-24,South Korea,57039,1040,49825,4251771,77677
2020-03-25,South Korea,53507,978,46740,4305278,78655
2020-03-26,South Korea,54018,986,47186,4359296,79641
2020-03-27,South Korea,55536,1019,48512,4414832,80660
2020-03-28,South Korea,56364,1031,49235,4471196,81691
2020-03-29,South Korea,54378,994,47500,4525574,82685
2020-03-30,South Korea,56204,1028,49095,4581778,83713
2020-03-31,South Korea,52211,954,45607,4633989,84667
2020-04-01,South Korea,50101,918,43764,4684090,85585
2020-04-02,South Korea,52290,954,45676,4736380,86539
2020-04-03,South Korea,52721,965,46053,4789101,87504
2020-04-04,South Korea,48787,894,42616,4837888,88398
2020-04-05,South Korea,48172,878,42079,4886060,89276
2020-04-06,South Korea,52488,960,45849,4938548,90236
2020-04-07,South Korea,50014,914,43688,4988562,91150
2020-04-08,South Korea,50342,917,43975,5038904,92067
2020-04-09,South Korea,49564,903,43295,5088468,92970
2020-04-10,South Korea,53998,985,47168,5142466,93955
2020-04-11,South Korea,53038,969,46330,5195504,94924
2020-04-12,South Korea,46528,851,40643,5242032,95775
2020-04-13,South Korea,47993,876,41923,5290025,96651
2020-04-14,South Korea,51102,937,44639,5341127,97588
2020-04-15,South Korea,50197,919,43848,5391324,98507
2020-04-16,South Korea,48343,884,42229,5439667,99391
2020-04-17,South Korea,45420,829,39675,5485087,100220
2020-04-18,South Korea,46245,845,40396,5531332,101065
2020-04-19,South Korea,46373,849,40508,5577705,101914
2020-04-20,South Korea,47987,878,41918,5625692,102792
2020-04-21,South Korea,51074,935,44614,5676766,103727
2020-04-22,South Korea,45192,825,39476,5721958,104552
2020-04-23,South Korea,44154,805,38569,5766112,105357
2020-04-24,South Korea,46040,838,40217,5812152,106195
2020-04-25,South Korea,48423,886,42298,5860575,107081
2020-04-26,South Korea,42493,773,37118,5903068,107854
2020-04-27,South Korea,48893,893,42709,5951961,108747
2020-04-28,South Korea,44966,821,39279,5996927,109568
2020-04-29,South Korea,43483,795,37983,6040410,110363
2020-04-30,South Korea,41339,757,36110,6081749,111120
2020-05-01,South Korea,46321,849,40462,6128070,111969
2020-05-02,South Korea,44171,808,38584,6172241,112777
2020-05-03,South Korea,44754,816,39093,6216995,113593
2020-05-04,South Korea,42217,771,36877,6259212,114364
2020-05-05,South Korea,43350,790,37867,6302562,115154
2020-05-06,South Korea,42839,781,37421,6345401,115935
2020-05-07,South Korea,43554,797,38045,6388955,116732
2020-05-08,South Korea,42191,769,36855,6431146,117501
2020-05-09,South Korea,40201,733,35116,6471347,118234
2020-05-10,South Korea,49376,900,43131,6520723,119134
2020-05-11,South Korea,40404,739,35294,6561127,119873
2020-05-12,South Korea,43683,797,38158,6604810,120670
2020-05-13,South Korea,39400,715,34417,6644210,121385
2020-05-14,South Korea,38873,713,33956,6683083,122098
2020-05-15,South Korea,43368,794,37883,6726451,122892
2020-05-16,South Korea,43517,791,38013,6769968,123683
2020-05-17,South Korea,45860,839,40060,6815828,124522
2020-05-18,South Korea,44012,807,38445,6859840,125329
2020-05-19,South Korea,42853,782,37433,6902693,126111
2020-05-20,South Korea,41165,752,35958,6943858,126863
2020-05-21,South Korea,46519,849,40635,6990377,127712
2020-05-22,South Korea,45360,830,39623,7035737,128542
2020-05-23,South Korea,40725,746,35574,7076462,129288
2020-05-24,South Korea,43617,794,38100,7120079,130082
2020-05-25,South Korea,43966,802,38405,7164045,130884
2020-05-26,South Korea,43027,786,37585,7207072,131670
2020-05-27,South Korea,45629,834,39858,7252701,132504
2020-05-28,South Korea,45931,840,40122,7298632,133344
2020-05-29,South Korea,43854,801,38307,7342486,134145
2020-05-30,South Korea,43845,799,38299,7386331,134944
2020-05-31,South Korea,48030,879,41955,7434361,135823
2020-06-01,South Korea,47001,856,41056,7481362,136679
2020-06-02,South Korea,45310,827,39579,7526672,137506
2020-06-03,South Korea,41702,762,36427,7568374,138268
2020-06-04,South Korea,46459,850,40583,7614833,139118
2020-06-05,South Korea,47565,868,41549,7662398,139986
2020-06-06,South Korea,39886,730,34841,7702284,140716
2020-06-07,South Korea,47163,864,41198,7749447,141580
2020-06-08,South Korea,45929,838,40120,7795376,142418
2020-06-09,South Korea,46729,854,40819,7842105,143272
2020-06-10,South Korea,45448,831,39700,7887553,144103
2020-06-11,South Korea,47626,869,41602,7935179,144972
2020-06-12,South Korea,51736,941,45192,7986915,145913
2020-06-13,South Korea,47678,872,41648,8034593,146785
2020-06-14,South Korea,51555,943,45034,8086148,147728
2020-06-15,South Korea,47604,872,41583,8133752,148600
2020-06-16,South Korea,51941,948,45372,8185693,149548
2020-06-17,South Korea,50496,921,44109,8236189,150469
2020-06-18,South Korea,51850,945,45292,8288039,151414
2020-06-19,South Korea,51444,934,44937,8339483,152348
2020-06-20,South Korea,53575,978,46799,8393058,153326
2020-06-21,South Korea,45673,840,39896,8438731,154166
2020-06-22,South Korea,49150,900,42934,8487881,155066
2020-06-23,South Korea,54536,994,47638,8542417,156060
2020-06-24,South Korea,48431,884,42305,8590848,156944
2020-06-25,South Korea,53031,968,46324,8643879,157912
2020-06-26,South Korea,54868,1005,47928,8698747,158917
2020-06-27,South Korea,53264,978,46527,8752011,159895
2020-06-28,South Korea,54180,990,47327,8806191,160885
2020-06-29,South Korea,57453,1050,50186,8863644,161935
2020-06-30,South Korea,60142,1100,52535,8923786,163035
2020-07-01,South Korea,55055,1006,48092,8978841,164041
2020-07-02,South Korea,56727,1037,49552,9035568,165078
2020-07-03,South Korea,56833,1038,49645,9092401,166116
2020-07-04,South Korea,52364,958,45741,9144765,167074
2020-07-05,South Korea,60598,1103,52934,9205363,168177
2020-07-06,South Korea,63608,1161,55563,9268971,169338
2020-07-07,South Korea,64485,1176,56329,9333456,170514
2020-07-08,South Korea,59265,1084,51769,9392721,171598
2020-07-09,South Korea,58648,1070,51230,9451369,172668
2020-07-10,South Korea,63234,1152,55236,9514603,173820
2020-07-11,South Korea,66412,1210,58012,9581015,175030
2020-07-12,South Korea,64867,1186,56663,9645882,176216
2020-07-13,South Korea,65908,1202,57572,9711790,177418
2020-07-14,South Korea,69310,1266,60544,9781100,178684
2020-07-15,South Korea,63715,1167,55657,9844815,179851
2020-07-16,South Korea,66019,1207,57669,9910834,181058
2020-07-17,South Korea,72848,1330,63634,9983682,182388
2020-07-18,South Korea,67259,1227,58752,10050941,183615
2020-07-19,South Korea,64165,1173,56050,10115106,184788
2020-07-20,South Korea,66769,1220,58324,10181875,186008
2020-07-21,South Korea,66382,1214,57986,10248257,187222
2020-07-22,South Korea,71466,1301,62427,10319723,188523
2020-07-23,South Korea,67595,1237,59046,10387318,189760
2020-07-24,South Korea,72279,1317,63137,10459597,191077
2020-07-25,South Korea,69205,1263,60452,10528802,192340
2020-07-26,South Korea,64693,1185,56511,10593495,193525
2020-07-27,South Korea,74017,1348,64656,10667512,194873
2020-07-28,South Korea,73953,1351,64600,10741465,196224
2020-07-29,South Korea,75821,1385,66231,10817286,197609
2020-07-30,South Korea,71890,1313,62798,10889176,198922
2020-07-31,South Korea,71951,1315,62851,10961127,200237
2020-08-01,South Korea,76845,1404,67126,11037972,201641
2020-08-02,South Korea,81540,1487,71227,11119512,203128
2020-08-03,South Korea,76262,1394,66617,11195774,204522
2020-08-04,South Korea,78270,1430,68371,11274044,205952
2020-08-05,South Korea,75812,1385,66224,11349856,207337
2020-08-06,South Korea,71466,1310,62427,11421322,208647
2020-08-07,South Korea,81589,1493,71270,11502911,210140
2020-08-08,South Korea,81739,1497,71401,11584650,211637
2020-08-09,South Korea,81325,1487,71039,11665975,213124
2020-08-10,South Korea,78146,1431,68262,11744121,214555
2020-08-11,South Korea,81541,1488,71228,11825662,216043
2020-08-12,South Korea,83025,1516,72524,11908687,217559
2020-08-13,South Korea,86212,1574,75308,11994899,219133
2020-08-14,South Korea,83966,1533,73346,12078865,220666
2020-08-15,South Korea,80508,1471,70326,12159373,222137
2020-08-16,South Korea,75209,1375,65697,12234582,223512
2020-08-17,South Korea,81307,1486,71024,12315889,224998
2020-08-18,South Korea,81901,1500,71543,12397790,226498
2020-08-19,South Korea,83902,1530,73290,12481692,228028
2020-08-20,South Korea,86670,1581,75708,12568362,229609
2020-08-21,South Korea,80912,1474,70679,12649274,231083
2020-08-22,South Korea,89958,1642,78581,12739232,232725
2020-08-23,South Korea,74319,1357,64919,12813551,234082
2020-08-24,South Korea,83264,1520,72733,12896815,235602
2020-08-25,South Korea,78339,1429,68431,12975154,237031
2020-08-26,South Korea,73835,1349,64497,13048989,238380
2020-08-27,South Korea,80799,1476,70580,13129788,239856
2020-08-28,South Korea,75656,1381,66087,13205444,241237
2020-08-29,South Korea,80905,1479,70673,13286349,242716
2020-08-30,South Korea,81644,1491,71318,13367993,244207
2020-08-31,South Korea,85976,1573,75102,13453969,245780
2020-09-01,South Korea,75187,1373,65678,13529156,247153
2020-09-02,South Korea,84883,1550,74147,13614039,248703
2020-09-03,South Korea,81447,1489,71146,13695486,250192
2020-09-04,South Korea,85045,1550,74289,13780531,251742
2020-09-05,South Korea,78954,1445,68968,13859485,253187
2020-09-06,South Korea,75126,1374,65624,13934611,254561
2020-09-07,South Korea,75374,1376,65841,14009985,255937
2020-09-08,South Korea,74844,1365,65378,14084829,257302
2020-09-09,South Korea,81650,1490,71323,14166479,258792
2020-09-10,South Korea,85325,1556,74534,14251804,260348
2020-09-11,South Korea,76911,1402,67184,14328715,261750
2020-09-12,South Korea,81299,1483,71017,14410014,263233
2020-09-13,South Korea,72492,1319,63323,14482506,264552
2020-09-14,South Korea,78809,1439,68842,14561315,265991
2020-09-15,South Korea,80317,1467,70159,14641632,267458
2020-09-16,South Korea,71715,1313,62645,14713347,268771
2020-09-17,South Korea,76108,1393,66482,14789455,270164
2020-09-18,South Korea,79189,1445,69174,14868644,271609
2020-09-19,South Korea,64843,1184,56642,14933487,272793
2020-09-20,South Korea,80561,1474,70372,15014048,274267
2020-09-21,South Korea,76352,1394,66695,15090400,275661
2020-09-22,South Korea,77187,1411,67425,15167587,277072
2020-09-23,South Korea,72464,1323,63299,15240051,278395
2020-09-24,South Korea,67122,1226,58633,15307173,279621
2020-09-25,South Korea,74841,1368,65375,15382014,280989
2020-09-26,South Korea,72025,1315,62916,15454039,282304
2020-09-27,South Korea,71853,1315,62765,15525892,283619
2020-09-28,South Korea,75009,1369,65522,15600901,284988
2020-09-29,South Korea,73214,1338,63954,15674115,286326
2020-09-30,South Korea,76617,1403,66927,15750732,287729
2020-10-01,South Korea,69795,1276,60968,15820527,289005
2020-10-02,South Korea,66240,1209,57862,15886767,290214
2020-10-03,South Korea,67309,1230,58796,15954076,291444
2020-10-04,South Korea,68676,1260,59990,16022752,292704
2020-10-05,South Korea,69977,1279,61127,16092729,293983
2020-10-06,South Korea,61065,1117,53342,16153794,295100
2020-10-07,South Korea,65225,1192,56976,16219019,296292
2020-10-08,South Korea,69677,1274,60865,16288696,297566
2020-10-09,South Korea,63000,1151,55032,16351696,298717
2020-10-10,South Korea,65973,1203,57629,16417669,299920
2020-10-11,South Korea,63839,1167,55765,16481508,301087
2020-10-12,South Korea,64504,1176,56346,16546012,302263
2020-10-13,South Korea,58350,1065,50970,16604362,303328
2020-10-14,South Korea,57639,1057,50349,16662001,304385
2020-10-15,South Korea,59360,1084,51852,16721361,305469
2020-10-16,South Korea,54051,986,47215,16775412,306455
2020-10-17,South Korea,56990,1042,49782,16832402,307497
2020-10-18,South Korea,57720,1053,50420,16890122,308550
2020-10-19,South Korea,61244,1119,53498,16951366,309669
2020-10-20,South Korea,56567,1031,49413,17007933,310700
2020-10-21,South Korea,56382,1032,49251,17064315,311732
2020-10-22,South Korea,57033,1042,49820,17121348,312774
2020-10-23,South Korea,50551,921,44157,17171899,313695
2020-10-24,South Korea,51903,949,45338,17223802,314644
2020-10-25,South Korea,57811,1060,50499,17281613,315704
2020-10-26,South Korea,50577,922,44180,17332190,316626
2020-10-27,South Korea,52794,966,46117,17384984,317592
2020-10-28,South Korea,51600,943,45074,17436584,318535
2020-10-29,South Korea,44873,820,39197,17481457,319355
2020-10-30,South Korea,48427,886,42302,17529884,320241
2020-10-31,South Korea,47266,863,41288,17577150,321104
2020-11-01,South Korea,46922,857,40987,17624072,321961
2020-11-02,South Korea,43691,798,38165,17667763,322759
2020-11-03,South Korea,42157,768,36825,17709920,323527
2020-11-04,South Korea,42861,784,37440,17752781,324311
2020-11-05,South Korea,42955,784,37522,17795736,325095
2020-11-06,South Korea,44948,825,39263,17840684,325920
2020-11-07,South Korea,45498,830,39743,17886182,326750
2020-11-08,South Korea,43851,798,38305,17930033,327548
2020-11-09,South Korea,42009,770,36696,17972042,328318
2020-11-10,South Korea,37585,685,32831,18009627,329003
2020-11-11,South Korea,38084,693,33267,18047711,329696
2020-11-12,South Korea,38595,706,33713,18086306,330402
2020-11-13,South Korea,36331,666,31736,18122637,331068
2020-11-14,South Korea,37917,694,33121,18160554,331762
2020-11-15,South Korea,37502,684,32759,18198056,332446
2020-11-16,South Korea,36506,667,31889,18234562,333113
2020-11-17,South Korea,36710,670,32067,18271272,333783
2020-11-18,South Korea,32744,601,28602,18304016,334384
2020-11-19,South Korea,35258,643,30798,18339274,335027
2020-11-20,South Korea,31936,583,27897,18371210,335610
2020-11-21,South Korea,30972,566,27054,18402182,336176
2020-11-22,South Korea,32779,596,28633,18434961,336772
2020-11-23,South Korea,33277,607,29068,18468238,337379
2020-11-24,South Korea,31575,576,27581,18499813,337955
2020-11-25,South Korea,30321,556,26486,18530134,338511
2020-11-26,South Korea,30232,552,26408,18560366,339063
2020-11-27,South Korea,29465,537,25738,18589831,339600
2020-11-28,South Korea,27154,496,23719,18616985,340096
2020-11-29,South Korea,26540,484,23183,18643525,340580
2020-11-30,South Korea,27729,506,24222,18671254,341086
2020-12-01,South Korea,27503,504,24024,18698757,341590
2020-12-02,South Korea,26979,495,23566,18725736,342085
2020-12-03,South Korea,27448,499,23976,18753184,342584
2020-12-04,South Korea,25869,474,22597,18779053,343058
2020-12-05,South Korea,26494,485,23143,18805547,343543
2020-12-06,South Korea,25219,460,22029,18830766,344003
2020-12-07,South Korea,27338,496,23880,18858104,344499
2020-12-08,South Korea,24819,454,21680,18882923,344953
2020-12-09,South Korea,27261,497,23813,18910184,345450
2020-12-10,South Korea,24528,449,21425,18934712,345899
2020-12-11,South Korea,23566,432,20585,18958278,346331
2020-12-12,South Korea,22495,413,19650,18980773,346744
2020-12-13,South Korea,21624,393,18889,19002397,347137
2020-12-14,South Korea,21932,405,19158,19024329,347542
2020-12-15,South Korea,21857,401,19092,19046186,347943
2020-12-16,South Korea,23116,423,20192,19069302,348366
2020-12-17,South Korea,21898,404,19128,19091200,348770
2020-12-18,South Korea,22539,412,19688,19113739,349182
2020-12-19,South Korea,23611,433,20624,19137350,349615
2020-12-20,South Korea,21966,401,19187,19159316,350016
2020-12-21,South Korea,24241,444,21175,19183557,350460
2020-12-22,South Korea,20581,378,17978,19204138,350838
2020-12-23,South Korea,21633,397,18897,19225771,351235
2020-12-24,South Korea,21158,383,18482,19246929,351618
2020-12-25,South Korea,22728,414,19853,19269657,352032
2020-12-26,South Korea,19263,354,16826,19288920,352386
2020-12-27,South Korea,20129,368,17583,19309049,352754
2020-12-28,South Korea,21599,394,18867,19330648,353148
2020-12-29,South Korea,23443,429,20478,19354091,353577
2020-12-30,South Korea,22056,400,19266,19376147,353977
2020-12-31,South Korea,20404,374,17823,19396551,354351
2021-01-01,South Korea,20659,378,18046,19417210,354729
2021-01-02,South Korea,23935,437,20907,19441145,355166
2021-01-03,South Korea,21523,393,18801,19462668,355559
2021-01-04,South Korea,21304,389,18609,19483972,355948
2021-01-05,South Korea,24187,441,21128,19508159,356389
2021-01-06,South Korea,23852,435,20835,19532011,356824
2021-01-07,South Korea,24361,448,21280,19556372,357272
2021-01-08,South Korea,22018,399,19233,19578390,357671
2021-01-09,South Korea,21568,391,18840,19599958,358062
2021-01-10,South Korea,23758,435,20753,19623716,358497
2021-01-11,South Korea,24269,441,21199,19647985,358938
2021-01-12,South Korea,24593,445,21482,19672578,359383
2021-01-13,South Korea,26263,482,22941,19698841,359865
2021-01-14,South Korea,22623,416,19761,19721464,360281
2021-01-15,South Korea,26187,476,22875,19747651,360757
2021-01-16,South Korea,24060,436,21017,19771711,361193
2021-01-17,South Korea,26930,489,23524,19798641,361682
2021-01-18,South Korea,25584,466,22348,19824225,362148
2021-01-19,South Korea,25522,470,22294,19849747,362618
2021-01-20,South Korea,26196,477,22883,19875943,363095
2021-01-21,South Korea,25464,467,22243,19901407,363562
2021-01-22,South Korea,27951,512,24416,19929358,364074
2021-01-23,South Korea,27258,500,23810,19956616,364574
2021-01-24,South Korea,29963,546,26173,19986579,365120
2021-01-25,South Korea,30256,552,26429,20016835,365672
2021-01-26,South Korea,32339,590,28249,20049174,366262
2021-01-27,South Korea,30893,565,26985,20080067,366827
2021-01-28,South Korea,31671,581,27665,20111738,367408
2021-01-29,South Korea,33611,618,29360,20145349,368026
2021-01-30,South Korea,30963,565,27047,20176312,368591
2021-01-31,South Korea,30114,550,26305,20206426,369141
2021-02-01,South Korea,33449,613,29218,20239875,369754
2021-02-02,South Korea,31312,573,27351,20271187,370327
2021-02-03,South Korea,38530,707,33657,20309717,371034
2021-02-04,South Korea,37477,684,32737,20347194,371718
2021-02-05,South Korea,39411,719,34426,20386605,372437
2021-02-06,South Korea,36312,666,31719,20422917,373103
2021-02-07,South Korea,37862,692,33073,20460779,373795
2021-02-08,South Korea,36644,670,32009,20497423,374465
2021-02-09,South Korea,39860,728,34818,20537283,375193
2021-02-10,South Korea,36488,668,31873,20573771,375861
2021-02-11,South Korea,34506,628,30142,20608277,376489
2021-02-12,South Korea,38638,705,33751,20646915,377194
2021-02-13,South Korea,37950,688,33150,20684865,377882
2021-02-14,South Korea,44718,816,39062,20729583,378698
2021-02-15,South Korea,46202,846,40358,20775785,379544
2021-02-16,South Korea,40053,732,34987,20815838,380276
2021-02-17,South Korea,46635,850,40737,20862473,381126
2021-02-18,South Korea,46657,855,40756,20909130,381981
2021-02-19,South Korea,41721,762,36444,20950851,382743
2021-02-20,South Korea,45121,828,39414,20995972,383571
2021-02-21,South Korea,45409,831,39666,21041381,384402
2021-02-22,South Korea,49295,901,43060,21090676,385303
2021-02-23,South Korea,45303,831,39573,21135979,386134
2021-02-24,South Korea,48784,890,42614,21184763,387024
2021-02-25,South Korea,48076,876,41995,21232839,387900
2021-02-26,South Korea,51741,948,45197,21284580,388848
2021-02-27,South Korea,50748,928,44329,21335328,389776
2021-02-28,South Korea,50672,928,44263,21386000,390704
2021-03-01,South Korea,52263,957,45653,21438263,391661
2021-03-02,South Korea,59044,1082,51576,21497307,392743
2021-03-03,South Korea,53212,971,46482,21550519,393714
2021-03-04,South Korea,52233,954,45627,21602752,394668
2021-03-05,South Korea,57487,1050,50216,21660239,395718
2021-03-06,South Korea,56203,1026,49095,21716442,396744
2021-03-07,South Korea,53298,971,46557,21769740,397715
2021-03-08,South Korea,64588,1180,56419,21834328,398895
2021-03-09,South Korea,57805,1058,50494,21892133,399953
2021-03-10,South Korea,58452,1067,51059,21950585,401020
2021-03-11,South Korea,60789,1109,53101,22011374,402129
2021-03-12,South Korea,66311,1211,57924,22077685,403340
2021-03-13,South Korea,56559,1035,49406,22134244,404375
2021-03-14,South Korea,63318,1155,55310,22197562,405530
2021-03-15,South Korea,69751,1279,60929,22267313,406809
2021-03-16,South Korea,64261,1171,56133,22331574,407980
2021-03-17,South Korea,60547,1105,52889,22392121,409085
2021-03-18,South Korea,63192,1157,55200,22455313,410242
2021-03-19,South Korea,66555,1218,58137,22521868,411460
2021-03-20,South Korea,70956,1298,61982,22592824,412758
2021-03-21,South Korea,66030,1205,57679,22658854,413963
2021-03-22,South Korea,70605,1289,61675,22729459,415252
2021-03-23,South Korea,63509,1159,55477,22792968,416411
2021-03-24,South Korea,64044,1169,55944,22857012,417580
2021-03-25,South Korea,67941,1242,59348,22924953,418822
2021-03-26,South Korea,75251,1373,65734,23000204,420195
2021-03-27,South Korea,71012,1294,62031,23071216,421489
2021-03-28,South Korea,72353,1324,63202,23143569,422813
2021-03-29,South Korea,72856,1331,63641,23216425,424144
2021-03-30,South Korea,76393,1397,66731,23292818,425541
2021-03-31,South Korea,70659,1290,61722,23363477,426831
2021-04-01,South Korea,75898,1388,66299,23439375,428219
2021-04-02,South Korea,70776,1298,61825,23510151,429517
2021-04-03,South Korea,81670,1490,71341,23591821,431007
2021-04-04,South Korea,71746,1309,62672,23663567,432316
2021-04-05,South Korea,71841,1311,62755,23735408,433627
2021-04-06,South Korea,77637,1423,67818,23813045,435050
2021-04-07,South Korea,76246,1393,66603,23889291,436443
2021-04-08,South Korea,77555,1419,67746,23966846,437862
2021-04-09,South Korea,77524,1411,67719,24044370,439273
2021-04-10,South Korea,72781,1331,63576,24117151,440604
2021-04-11,South Korea,83521,1525,72958,24200672,442129
2021-04-12,South Korea,81037,1483,70788,24281709,443612
2021-04-13,South Korea,83127,1520,72613,24364836,445132
2021-04-14,South Korea,76019,1388,66404,24440855,446520
2021-04-15,South Korea,79937,1464,69827,24520792,447984
2021-04-16,South Korea,79285,1452,69257,24600077,449436
2021-04-17,South Korea,83132,1522,72618,24683209,450958
2021-04-18,South Korea,83429,1526,72877,24766638,452484
2021-04-19,South Korea,79756,1457,69669,24846394,453941
2021-04-20,South Korea,73105,1336,63859,24919499,455277
2021-04-21,South Korea,86258,1575,75349,25005757,456852
2021-04-22,South Korea,81487,1489,71181,25087244,458341
2021-04-23,South Korea,76921,1404,67192,25164165,459745
2021-04-24,South Korea,80980,1479,70738,25245145,461224
2021-04-25,South Korea,73377,1345,64097,25318522,462569
2021-04-26,South Korea,83552,1527,72985,25402074,464096
2021-04-27,South Korea,73491,1342,64196,25475565,465438
2021-04-28,South Korea,78396,1430,68481,25553961,466868
2021-04-29,South Korea,80161,1464,70023,25634122,468332
2021-04-30,South Korea,83202,1522,72679,25717324,469854
2021-05-01,South Korea,79392,1451,69351,25796716,471305
2021-05-02,South Korea,81331,1486,71045,25878047,472791
2021-05-03,South Korea,78551,1436,68616,25956598,474227
2021-05-04,South Korea,78349,1432,68440,26034947,475659
2021-05-05,South Korea,78602,1438,68661,26113549,477097
2021-05-06,South Korea,77301,1414,67524,26190850,478511
2021-05-07,South Korea,71228,1301,62219,26262078,479812
2021-05-08,South Korea,74540,1362,65112,26336618,481174
2021-05-09,South Korea,78173,1428,68286,26414791,482602
2021-05-10,South Korea,75959,1389,66352,26490750,483991
2021-05-11,South Korea,75989,1391,66378,26566739,485382
2021-05-12,South Korea,75002,1370,65516,26641741,486752
2021-05-13,South Korea,72588,1326,63407,26714329,488078
2021-05-14,South Korea,73614,1343,64304,26787943,489421
2021-05-15,South Korea,73915,1348,64567,26861858,490769
2021-05-16,South Korea,74660,1362,65217,26936518,492131
2021-05-17,South Korea,75655,1380,66086,27012173,493511
2021-05-18,South Korea,73067,1334,63826,27085240,494845
2021-05-19,South Korea,69481,1270,60693,27154721,496115
2021-05-20,South Korea,67668,1234,59110,27222389,497349
2021-05-21,South Korea,81627,1492,71303,27304016,498841
2021-05-22,South Korea,67660,1238,59103,27371676,500079
2021-05-23,South Korea,69320,1265,60553,27440996,501344
2021-05-24,South Korea,72430,1322,63269,27513426,502666
2021-05-25,South Korea,71292,1300,62275,27584718,503966
2021-05-26,South Korea,71246,1300,62235,27655964,505266
2021-05-27,South Korea,67308,1232,58795,27723272,506498
2021-05-28,South Korea,69027,1262,60297,27792299,507760
2021-05-29,South Korea,67788,1243,59214,27860087,509003
2021-05-30,South Korea,65891,1202,57557,27925978,510205
2021-05-31,South Korea,67093,1229,58607,27993071,511434
2021-06-01,South Korea,69074,1261,60338,28062145,512695
2021-06-02,South Korea,64859,1184,56656,28127004,513879
2021-06-03,South Korea,64190,1178,56071,28191194,515057
2021-06-04,South Korea,66933,1221,58468,28258127,516278
2021-06-05,South Korea,65849,1206,57521,28323976,517484
2021-06-06,South Korea,67028,1225,58551,28391004,518709
2021-06-07,South Korea,55987,1021,48906,28446991,519730
2021-06-08,South Korea,63387,1155,55370,28510378,520885
2021-06-09,South Korea,61699,1127,53895,28572077,522012
2021-06-10,South Korea,56524,1030,49375,28628601,523042
2021-06-11,South Korea,59120,1080,51643,28687721,524122
2021-06-12,South Korea,60649,1104,52978,28748370,525226
2021-06-13,South Korea,54491,996,47599,28802861,526222
2021-06-14,South Korea,57313,1044,50064,28860174,527266
2021-06-15,South Korea,57701,1054,50403,28917875,528320
2021-06-16,South Korea,51586,940,45061,28969461,529260
2021-06-17,South Korea,53334,977,46588,29022795,530237
2021-06-18,South Korea,53721,977,46926,29076516,531214
2021-06-19,South Korea,50053,914,43722,29126569,532128
2021-06-20,South Korea,49074,898,42867,29175643,533026
2021-06-21,South Korea,50190,918,43842,29225833,533944
2021-06-22,South Korea,51725,942,45183,29277558,534886
2021-06-23,South Korea,50505,919,44117,29328063,535805
2021-06-24,South Korea,46054,843,40229,29374117,536648
2021-06-25,South Korea,48869,892,42688,29422986,537540
2021-06-26,South Korea,44578,812,38940,29467564,538352
2021-06-27,South Korea,42040,770,36723,29509604,539122
2021-06-28,South Korea,44098,804,38520,29553702,539926
2021-06-29,South Korea,46604,850,40710,29600306,540776
2021-06-30,South Korea,44752,816,39092,29645058,541592
2021-07-01,South Korea,42534,775,37154,29687592,542367
2021-07-02,South Korea,40877,745,35707,29728469,543112
2021-07-03,South Korea,40161,734,35081,29768630,543846
2021-07-04,South Korea,40395,741,35286,29809025,544587
2021-07-05,South Korea,37292,678,32575,29846317,545265
2021-07-06,South Korea,37950,692,33150,29884267,545957
2021-07-07,South Korea,37445,684,32709,29921712,546641
2021-07-08,South Korea,34581,632,30207,29956293,547273
2021-07-09,South Korea,34804,638,30402,29991097,547911
2021-07-10,South Korea,36305,663,31713,30027402,548574
2021-07-11,South Korea,34843,635,30436,30062245,549209
2021-07-12,South Korea,33558,614,29313,30095803,549823
2021-07-13,South Korea,31829,578,27803,30127632,550401
2021-07-14,South Korea,35194,638,30743,30162826,551039
2021-07-15,South Korea,30562,563,26696,30193388,551602
2021-07-16,South Korea,31578,575,27584,30224966,552177
2021-07-17,South Korea,29735,542,25974,30254701,552719
2021-07-18,South Korea,29834,546,26060,30284535,553265
2021-07-19,South Korea,29755,544,25991,30314290,553809
2021-07-20,South Korea,26459,485,23112,30340749,554294
2021-07-21,South Korea,27723,508,24216,30368472,554802
2021-07-22,South Korea,28679,521,25051,30397151,555323
2021-07-23,South Korea,28737,527,25102,30425888,555850
2021-07-24,South Korea,25593,468,22356,30451481,556318
2021-07-25,South Korea,25173,460,21989,30476654,556778
2021-07-26,South Korea,27200,498,23760,30503854,557276
2021-07-27,South Korea,25225,456,22034,30529079,557732
2021-07-28,South Korea,22539,411,19688,30551618,558143
2021-07-29,South Korea,21953,399,19176,30573571,558542
2021-07-30,South Korea,23118,420,20194,30596689,558962
2021-07-31,South Korea,20391,371,17812,30617080,559333
2021-08-01,South Korea,22042,404,19254,30639122,559737
2021-08-02,South Korea,20680,378,18064,30659802,560115
2021-08-03,South Korea,20298,371,17730,30680100,560486
2021-08-04,South Korea,18993,346,16590,30699093,560832
2021-08-05,South Korea,18116,331,15824,30717209,561163
2021-08-06,South Korea,19511,356,17043,30736720,561519
2021-08-07,South Korea,17447,320,15240,30754167,561839
2021-08-08,South Korea,16807,308,14681,30770974,562147
2021-08-09,South Korea,16597,303,14497,30787571,562450
2021-08-10,South Korea,16335,296,14269,30803906,562746
2021-08-11,South Korea,14892,272,13008,30818798,563018
2021-08-12,South Korea,14805,271,12932,30833603,563289
2021-08-13,South Korea,14323,262,12511,30847926,563551
2021-08-14,South Korea,14940,272,13050,30862866,563823
2021-08-15,South Korea,13279,241,11599,30876145,564064
2021-08-16,South Korea,12284,225,10730,30888429,564289
2021-08-17,South Korea,11765,213,10277,30900194,564502
2021-08-18,South Korea,11711,213,10229,30911905,564715
2021-08-19,South Korea,13077,240,11423,30924982,564955
2021-08-20,South Korea,11862,217,10361,30936844,565172
2021-08-21,South Korea,11760,212,10272,30948604,565384
2021-08-22,South Korea,11399,208,9957,30960003,565592
2021-08-23,South Korea,10768,200,9406,30970771,565792
2021-08-24,South Korea,10346,190,9037,30981117,565982
2021-08-25,South Korea,10565,192,9228,30991682,566174
2021-08-26,South Korea,9775,181,8538,31001457,566355
2021-08-27,South Korea,10034,187,8765,31011491,566542
2021-08-28,South Korea,9340,172,8158,31020831,566714
2021-08-29,South Korea,8477,151,7404,31029308,566865
2021-08-30,South Korea,8235,151,7193,31037543,567016
2021-08-31,South Korea,7855,146,6861,31045398,567162
2021-09-01,South Korea,8346,148,7290,31053744,567310
2021-09-02,South Korea,7434,137,6493,31061178,567447
2021-09-03,South Korea,7025,127,6136,31068203,567574
2021-09-04,South Korea,7168,133,6261,31075371,567707
2021-09-05,South Korea,6767,123,5911,31082138,567830
2021-09-06,South Korea,6650,122,5808,31088788,567952
2021-09-07,South Korea,6911,127,6036,31095699,568079
2021-09-08,South Korea,6358,117,5553,31102057,568196
2021-09-09,South Korea,5861,108,5119,31107918,568304
2021-09-10,South Korea,5236,93,4573,31113154,568397
2021-09-11,South Korea,5285,96,4616,31118439,568493
2021-09-12,South Korea,5401,98,4717,31123840,568591
2021-09-13,South Korea,4721,88,4123,31128561,568679
2021-09-14,South Korea,5340,98,4664,31133901,568777
2021-09-15,South Korea,4638,83,4051,31138539,568860
2021-09-16,South Korea,4465,79,3900,31143004,568939
2021-09-17,South Korea,4135,76,3612,31147139,569015
2021-09-18,South Korea,4212,76,3679,31151351,569091
2021-09-19,South Korea,3716,69,3246,31155067,569160
2021-09-20,South Korea,4199,76,3667,31159266,569236
2021-09-21,South Korea,3874,73,3384,31163140,569309
2021-09-22,South Korea,3658,65,3195,31166798,569374
2021-09-23,South Korea,3109,59,2715,31169907,569433
2021-09-24,South Korea,3238,61,2828,31173145,569494
2021-09-25,South Korea,3259,58,2846,31176404,569552
2021-09-26,South Korea,3032,53,2648,31179436,569605
2021-09-27,South Korea,2678,52,2339,31182114,569657
2021-09-28,South Korea,2613,45,2282,31184727,569702
2021-09-29,South Korea,2527,46,2207,31187254,569748
2021-09-30,South Korea,2400,44,2096,31189654,569792
2021-10-01,South Korea,2551,46,2228,31192205,569838
2021-10-02,South Korea,2047,38,1788,31194252,569876
2021-10-03,South Korea,2239,39,1955,31196491,569915
2021-10-04,South Korea,1937,39,1692,31198428,569954
2021-10-05,South Korea,1885,32,1646,31200313,569986
2021-10-06,South Korea,1701,30,1485,31202014,570016
2021-10-07,South Korea,1758,29,1535,31203772,570045
2021-10-08,South Korea,1859,36,1623,31205631,570081
2021-10-09,South Korea,1671,34,1459,31207302,570115
2021-10-10,South Korea,1478,31,1291,31208780,570146
2021-10-11,South Korea,1579,31,1379,31210359,570177
2021-10-12,South Korea,1522,27,1329,31211881,570204
2021-10-13,South Korea,1374,25,1200,31213255,570229
2021-10-14,South Korea,1438,25,1256,31214693,570254
2021-10-15,South Korea,1294,21,1130,31215987,570275
2021-10-16,South Korea,1225,21,1070,31217212,570296
2021-10-17,South Korea,1081,21,944,31218293,570317
2021-10-18,South Korea,1108,18,967,31219401,570335
2021-10-19,South Korea,1034,14,903,31220435,570349
2021-10-20,South Korea,999,15,872,31221434,570364
2021-10-21,South Korea,894,17,780,31222328,570381
2021-10-22,South Korea,887,12,774,31223215,570393
2021-10-23,South Korea,803,13,701,31224018,570406
2021-10-24,South Korea,709,12,619,31224727,570418
2021-10-25,South Korea,796,15,695,31225523,570433
2021-10-26,South Korea,664,12,580,31226187,570445
2021-10-27,South Korea,687,13,600,31226874,570458
2021-10-28,South Korea,660,11,576,31227534,570469
2021-10-29,South Korea,627,9,547,31228161,570478
2021-10-30,South Korea,577,12,504,31228738,570490
2021-10-31,South Korea,563,6,491,31229301,570496
2021-11-01,South Korea,540,11,471,31229841,570507
2021-11-02,South Korea,519,11,453,31230360,570518
2021-11-03,South Korea,517,14,451,31230877,570532
2021-11-04,South Korea,454,6,396,31231331,570538
2021-11-05,South Korea,427,6,372,31231758,570544
2021-11-06,South Korea,384,7,335,31232142,570551
2021-11-07,South Korea,391,7,341,31232533,570558
2021-11-08,South Korea,374,8,326,31232907,570566
2021-11-09,South Korea,339,7,296,31233246,570573
2021-11-10,South Korea,333,5,290,31233579,570578
2021-11-11,South Korea,301,5,262,31233880,570583
2021-11-12,South Korea,300,7,262,31234180,570590
2021-11-13,South Korea,287,2,250,31234467,570592
2021-11-14,South Korea,271,4,236,31234738,570596
2021-11-15,South Korea,246,5,214,31234984,570601
2021-11-16,South Korea,218,1,190,31235202,570602
2021-11-17,South Korea,211,0,184,31235413,570602
2021-11-18,South Korea,213,6,186,31235626,570608
2021-11-19,South Korea,221,3,193,31235847,570611
2021-11-20,South Korea,180,0,157,31236027,570611
2021-11-21,South Korea,177,5,154,31236204,570616
2021-11-22,South Korea,158,2,138,31236362,570618
2021-11-23,South Korea,145,0,126,31236507,570618
2021-11-24,South Korea,139,3,121,31236646,570621
2021-11-25,South Korea,120,2,104,31236766,570623
2021-11-26,South Korea,139,1,121,31236905,570624
2021-11-27,South Korea,105,0,91,31237010,570624
2021-11-28,South Korea,112,0,97,31237122,570624
2021-11-29,South Korea,100,3,87,31237222,570627
2021-11-30,South Korea,96,0,83,31237318,570627
2021-12-01,South Korea,103,0,89,31237421,570627
2021-12-02,South Korea,90,1,78,31237511,570628
2021-12-03,South Korea,79,4,69,31237590,570632
2021-12-04,South Korea,76,1,66,31237666,570633
2021-12-05,South Korea,71,2,62,31237737,570635
2021-12-06,South Korea,69,1,60,31237806,570636
2021-12-07,South Korea,66,3,57,31237872,570639
2021-12-08,South Korea,69,5,60,31237941,570644
2021-12-09,South Korea,50,0,43,31237991,570644
2021-12-10,South Korea,54,1,47,31238045,570645
2021-12-11,South Korea,50,1,43,31238095,570646
2021-12-12,South Korea,51,1,44,31238146,570647
2021-12-13,South Korea,46,1,40,31238192,570648
2021-12-14,South Korea,43,0,37,31238235,570648
2021-12-15,South Korea,40,0,34,31238275,570648
2021-12-16,South Korea,34,5,29,31238309,570653
2021-12-17,South Korea,37,1,32,31238346,570654
2021-12-18,South Korea,34,0,29,31238380,570654
2021-12-19,South Korea,32,0,27,31238412,570654
2021-12-20,South Korea,31,0,27,31238443,570654
2021-12-21,South Korea,27,0,23,31238470,570654
2021-12-22,South Korea,28,0,24,31238498,570654
2021-12-23,South Korea,24,1,20,31238522,570655
2021-12-24,South Korea,21,1,18,31238543,570656
2021-12-25,South Korea,20,0,17,31238563,570656
2021-12-26,South Korea,18,2,15,31238581,570658
2021-12-27,South Korea,16,0,13,31238597,570658
2021-12-28,South Korea,19,0,16,31238616,570658
2021-12-29,South Korea,16,1,13,31238632,570659
2021-12-30,South Korea,14,0,12,31238646,570659
2020-01-01,Australia,19966,305,17350,19966,305
2020-01-02,Australia,18966,289,16481,38932,594
2020-01-03,Australia,20070,304,17440,59002,898
2020-01-04,Australia,21347,330,18550,80349,1228
2020-01-05,Australia,20467,310,17785,100816,1538
2020-01-06,Australia,20443,318,17764,121259,1856
2020-01-07,Australia,21076,323,18315,142335,2179
2020-01-08,Australia,21254,326,18469,163589,2505
2020-01-09,Australia,22840,348,19847,186429,2853
2020-01-10,Australia,22149,341,19247,208578,3194
2020-01-11,Australia,21516,330,18697,230094,3524
2020-01-12,Australia,23602,363,20510,253696,3887
2020-01-13,Australia,24131,369,20969,277827,4256
2020-01-14,Australia,21491,331,18675,299318,4587
2020-01-15,Australia,25124,384,21832,324442,4971
2020-01-16,Australia,24064,370,20911,348506,5341
2020-01-17,Australia,24267,374,21088,372773,5715
2020-01-18,Australia,25440,394,22107,398213,6109
2020-01-19,Australia,23814,367,20694,422027,6476
2020-01-20,Australia,25979,399,22575,448006,6875
2020-01-21,Australia,24604,378,21380,472610,7253
2020-01-22,Australia,23484,361,20407,496094,7614
2020-01-23,Australia,24350,375,21160,520444,7989
2020-01-24,Australia,26635,408,23145,547079,8397
2020-01-25,Australia,24928,385,21662,572007,8782
2020-01-26,Australia,28557,437,24816,600564,9219
2020-01-27,Australia,28273,435,24569,628837,9654
2020-01-28,Australia,28734,442,24969,657571,10096
2020-01-29,Australia,27353,419,23769,684924,10515
2020-01-30,Australia,27779,424,24139,712703,10939
2020-01-31,Australia,26009,399,22601,738712,11338
2020-02-01,Australia,29282,445,25446,767994,11783
2020-02-02,Australia,28652,440,24898,796646,12223
2020-02-03,Australia,29141,445,25323,825787,12668
2020-02-04,Australia,30961,482,26905,856748,13150
2020-02-05,Australia,27885,430,24232,884633,13580
2020-02-06,Australia,28774,442,25004,913407,14022
2020-02-07,Australia,29628,458,25746,943035,14480
2020-02-08,Australia,27965,431,24301,971000,14911
2020-02-09,Australia,29242,447,25411,1000242,15358
2020-02-10,Australia,30425,466,26439,1030667,15824
2020-02-11,Australia,29374,453,25526,1060041,16277
2020-02-12,Australia,31986,489,27795,1092027,16766
2020-02-13,Australia,27891,429,24237,1119918,17195
2020-02-14,Australia,32020,493,27825,1151938,17688
2020-02-15,Australia,31463,483,27341,1183401,18171
2020-02-16,Australia,29715,457,25822,1213116,18628
2020-02-17,Australia,29288,452,25451,1242404,19080
2020-02-18,Australia,27615,426,23997,1270019,19506
2020-02-19,Australia,29699,457,25808,1299718,19963
2020-02-20,Australia,32655,502,28377,1332373,20465
2020-02-21,Australia,31034,478,26968,1363407,20943
2020-02-22,Australia,33020,503,28694,1396427,21446
2020-02-23,Australia,30310,469,26339,1426737,21915
2020-02-24,Australia,32457,498,28205,1459194,22413
2020-02-25,Australia,30280,464,26313,1489474,22877
2020-02-26,Australia,29939,461,26017,1519413,23338
2020-02-27,Australia,31334,482,27229,1550747,23820
2020-02-28,Australia,30489,466,26494,1581236,24286
2020-02-29,Australia,29129,448,25313,1610365,24734
2020-03-01,Australia,31297,481,27197,1641662,25215
2020-03-02,Australia,31765,488,27603,1673427,25703
2020-03-03,Australia,33606,519,29203,1707033,26222
2020-03-04,Australia,33077,508,28743,1740110,26730
2020-03-05,Australia,33511,515,29121,1773621,27245
2020-03-06,Australia,32701,501,28417,1806322,27746
2020-03-07,Australia,32060,491,27860,1838382,28237
2020-03-08,Australia,29563,455,25690,1867945,28692
2020-03-09,Australia,31693,486,27541,1899638,29178
2020-03-10,Australia,32344,496,28106,1931982,29674
2020-03-11,Australia,33634,517,29227,1965616,30191
2020-03-12,Australia,32356,497,28117,1997972,30688
2020-03-13,Australia,33146,509,28803,2031118,31197
2020-03-14,Australia,29522,454,25654,2060640,31651
2020-03-15,Australia,30536,470,26535,2091176,32121
2020-03-16,Australia,31614,491,27472,2122790,32612
2020-03-17,Australia,32640,504,28364,2155430,33116
2020-03-18,Australia,30518,468,26520,2185948,33584
2020-03-19,Australia,30501,471,26505,2216449,34055
2020-03-20,Australia,31557,483,27423,2248006,34538
2020-03-21,Australia,28670,439,24914,2276676,34977
2020-03-22,Australia,32683,503,28401,2309359,35480
2020-03-23,Australia,28788,444,25016,2338147,35924
2020-03-24,Australia,27092,417,23542,2365239,36341
2020-03-25,Australia,29835,457,25926,2395074,36798
2020-03-26,Australia,32187,493,27970,2427261,37291
2020-03-27,Australia,30373,467,26394,2457634,37758
2020-03-28,Australia,30446,467,26457,2488080,38225
2020-03-29,Australia,29236,451,25406,2517316,38676
2020-03-30,Australia,28781,442,25010,2546097,39118
2020-03-31,Australia,26597,408,23112,2572694,39526
2020-04-01,Australia,25406,387,22077,2598100,39913
2020-04-02,Australia,28739,443,24974,2626839,40356
2020-04-03,Australia,30129,463,26182,2656968,40819
2020-04-04,Australia,28564,434,24822,2685532,41253
2020-04-05,Australia,28756,443,24988,2714288,41696
2020-04-06,Australia,29883,458,25968,2744171,42154
2020-04-07,Australia,27941,431,24280,2772112,42585
2020-04-08,Australia,27119,416,23566,2799231,43001
2020-04-09,Australia,25973,397,22570,2825204,43398
2020-04-10,Australia,29595,458,25718,2854799,43856
2020-04-11,Australia,27371,424,23785,2882170,44280
2020-04-12,Australia,25210,387,21907,2907380,44667
2020-04-13,Australia,24711,380,21473,2932091,45047
2020-04-14,Australia,27670,424,24045,2959761,45471
2020-04-15,Australia,24485,373,21277,2984246,45844
2020-04-16,Australia,27990,433,24323,3012236,46277
2020-04-17,Australia,21898,335,19029,3034134,46612
2020-04-18,Australia,26983,417,23448,3061117,47029
2020-04-19,Australia,25587,394,22235,3086704,47423
2020-04-20,Australia,24914,383,21650,3111618,47806
2020-04-21,Australia,24341,374,21152,3135959,48180
2020-04-22,Australia,26651,411,23159,3162610,48591
2020-04-23,Australia,24994,382,21719,3187604,48973
2020-04-24,Australia,22852,354,19858,3210456,49327
2020-04-25,Australia,21688,333,18846,3232144,49660
2020-04-26,Australia,23736,367,20626,3255880,50027
2020-04-27,Australia,23326,358,20270,3279206,50385
2020-04-28,Australia,21370,328,18570,3300576,50713
2020-04-29,Australia,22871,352,19874,3323447,51065
2020-04-30,Australia,22089,340,19195,3345536,51405
2020-05-01,Australia,22564,350,19608,3368100,51755
2020-05-02,Australia,23181,355,20144,3391281,52110
2020-05-03,Australia,23844,366,20720,3415125,52476
2020-05-04,Australia,23010,353,19995,3438135,52829
2020-05-05,Australia,21046,318,18288,3459181,53147
2020-05-06,Australia,22064,338,19173,3481245,53485
2020-05-07,Australia,21566,330,18740,3502811,53815
2020-05-08,Australia,19915,311,17306,3522726,54126
2020-05-09,Australia,21603,332,18773,3544329,54458
2020-05-10,Australia,22983,354,19972,3567312,54812
2020-05-11,Australia,20916,318,18176,3588228,55130
2020-05-12,Australia,19086,293,16585,3607314,55423
2020-05-13,Australia,20636,319,17932,3627950,55742
2020-05-14,Australia,19230,300,16710,3647180,56042
2020-05-15,Australia,21228,325,18447,3668408,56367
2020-05-16,Australia,20760,315,18040,3689168,56682
2020-05-17,Australia,19943,305,17330,3709111,56987
2020-05-18,Australia,19676,301,17098,3728787,57288
2020-05-19,Australia,19694,301,17114,3748481,57589
2020-05-20,Australia,19818,306,17221,3768299,57895
2020-05-21,Australia,18958,292,16474,3787257,58187
2020-05-22,Australia,18273,278,15879,3805530,58465
2020-05-23,Australia,20675,320,17966,3826205,58785
2020-05-24,Australia,19114,297,16610,3845319,59082
2020-05-25,Australia,19588,297,17021,3864907,59379
2020-05-26,Australia,19645,304,17071,3884552,59683
2020-05-27,Australia,19629,301,17057,3904181,59984
2020-05-28,Australia,18141,277,15764,3922322,60261
2020-05-29,Australia,17622,268,15313,3939944,60529
2020-05-30,Australia,18639,285,16197,3958583,60814
2020-05-31,Australia,19561,299,16998,3978144,61113
2020-06-01,Australia,18465,284,16046,3996609,61397
2020-06-02,Australia,18812,293,16347,4015421,61690
2020-06-03,Australia,21187,324,18411,4036608,62014
2020-06-04,Australia,17382,264,15104,4053990,62278
2020-06-05,Australia,18435,282,16020,4072425,62560
2020-06-06,Australia,20995,324,18244,4093420,62884
2020-06-07,Australia,19154,294,16644,4112574,63178
2020-06-08,Australia,18546,286,16116,4131120,63464
2020-06-09,Australia,20387,313,17716,4151507,63777
2020-06-10,Australia,19355,297,16819,4170862,64074
2020-06-11,Australia,19012,295,16521,4189874,64369
2020-06-12,Australia,19590,299,17023,4209464,64668
2020-06-13,Australia,18821,287,16355,4228285,64955
2020-06-14,Australia,18534,283,16106,4246819,65238
2020-06-15,Australia,19488,300,16935,4266307,65538
2020-06-16,Australia,18681,287,16233,4284988,65825
2020-06-17,Australia,19771,305,17181,4304759,66130
2020-06-18,Australia,20201,310,17554,4324960,66440
2020-06-19,Australia,20794,319,18070,4345754,66759
2020-06-20,Australia,21173,326,18399,4366927,67085
2020-06-21,Australia,19737,306,17151,4386664,67391
2020-06-22,Australia,20761,316,18041,4407425,67707
2020-06-23,Australia,20871,319,18136,4428296,68026
2020-06-24,Australia,20823,320,18095,4449119,68346
2020-06-25,Australia,20116,313,17480,4469235,68659
2020-06-26,Australia,19670,300,17093,4488905,68959
2020-06-27,Australia,21393,328,18590,4510298,69287
2020-06-28,Australia,19210,293,16693,4529508,69580
2020-06-29,Australia,20860,321,18127,4550368,69901
2020-06-30,Australia,18565,281,16133,4568933,70182
2020-07-01,Australia,19998,305,17378,4588931,70487
2020-07-02,Australia,20633,319,17930,4609564,70806
2020-07-03,Australia,22925,352,19921,4632489,71158
2020-07-04,Australia,22641,346,19675,4655130,71504
2020-07-05,Australia,21433,329,18625,4676563,71833
2020-07-06,Australia,23014,353,19999,4699577,72186
2020-07-07,Australia,23358,360,20298,4722935,72546
2020-07-08,Australia,22347,339,19419,4745282,72885
2020-07-09,Australia,21121,322,18354,4766403,73207
2020-07-10,Australia,22621,345,19657,4789024,73552
2020-07-11,Australia,22914,353,19912,4811938,73905
2020-07-12,Australia,21765,334,18913,4833703,74239
2020-07-13,Australia,23794,368,20677,4857497,74607
2020-07-14,Australia,23864,368,20737,4881361,74975
2020-07-15,Australia,24232,371,21057,4905593,75346
2020-07-16,Australia,24207,372,21035,4929800,75718
2020-07-17,Australia,24922,385,21657,4954722,76103
2020-07-18,Australia,23995,371,20851,4978717,76474
2020-07-19,Australia,24628,378,21401,5003345,76852
2020-07-20,Australia,24060,367,20908,5027405,77219
2020-07-21,Australia,23993,364,20849,5051398,77583
2020-07-22,Australia,26547,404,23069,5077945,77987
2020-07-23,Australia,22483,346,19537,5100428,78333
2020-07-24,Australia,26312,405,22865,5126740,78738
2020-07-25,Australia,24578,376,21358,5151318,79114
2020-07-26,Australia,24565,380,21347,5175883,79494
2020-07-27,Australia,26015,399,22607,5201898,79893
2020-07-28,Australia,23905,366,20773,5225803,80259
2020-07-29,Australia,24919,385,21654,5250722,80644
2020-07-30,Australia,25016,386,21738,5275738,81030
2020-07-31,Australia,25978,399,22574,5301716,81429
2020-08-01,Australia,25346,390,22025,5327062,81819
2020-08-02,Australia,28671,442,24915,5355733,82261
2020-08-03,Australia,29075,451,25266,5384808,82712
2020-08-04,Australia,24092,370,20935,5408900,83082
2020-08-05,Australia,27661,422,24037,5436561,83504
2020-08-06,Australia,28209,435,24513,5464770,83939
2020-08-07,Australia,27899,429,24244,5492669,84368
2020-08-08,Australia,26373,405,22918,5519042,84773
2020-08-09,Australia,27041,415,23498,5546083,85188
2020-08-10,Australia,26446,403,22981,5572529,85591
2020-08-11,Australia,26989,415,23453,5599518,86006
2020-08-12,Australia,25983,398,22579,5625501,86404
2020-08-13,Australia,27581,423,23967,5653082,86827
2020-08-14,Australia,25726,394,22355,5678808,87221
2020-08-15,Australia,27610,424,23993,5706418,87645
2020-08-16,Australia,26208,403,22774,5732626,88048
2020-08-17,Australia,28304,435,24596,5760930,88483
2020-08-18,Australia,27114,419,23562,5788044,88902
2020-08-19,Australia,28524,440,24787,5816568,89342
2020-08-20,Australia,29679,456,25791,5846247,89798
2020-08-21,Australia,30432,465,26445,5876679,90263
2020-08-22,Australia,24648,380,21419,5901327,90643
2020-08-23,Australia,27060,415,23515,5928387,91058
2020-08-24,Australia,27824,427,24179,5956211,91485
2020-08-25,Australia,28911,441,25123,5985122,91926
2020-08-26,Australia,25927,399,22530,6011049,92325
2020-08-27,Australia,26866,418,23346,6037915,92743
2020-08-28,Australia,28426,436,24702,6066341,93179
2020-08-29,Australia,28342,437,24629,6094683,93616
2020-08-30,Australia,28728,444,24964,6123411,94060
2020-08-31,Australia,28786,441,25015,6152197,94501
2020-09-01,Australia,28597,434,24850,6180794,94935
2020-09-02,Australia,28344,437,24630,6209138,95372
2020-09-03,Australia,28096,432,24415,6237234,95804
2020-09-04,Australia,28886,444,25101,6266120,96248
2020-09-05,Australia,24763,380,21519,6290883,96628
2020-09-06,Australia,29961,463,26036,6320844,97091
2020-09-07,Australia,24671,379,21439,6345515,97470
2020-09-08,Australia,26148,406,22722,6371663,97876
2020-09-09,Australia,27232,420,23664,6398895,98296
2020-09-10,Australia,28366,438,24650,6427261,98734
2020-09-11,Australia,23237,357,20192,6450498,99091
2020-09-12,Australia,27179,418,23618,6477677,99509
2020-09-13,Australia,28170,429,24479,6505847,99938
2020-09-14,Australia,28309,434,24600,6534156,100372
2020-09-15,Australia,25896,400,22503,6560052,100772
2020-09-16,Australia,26289,404,22845,6586341,101176
2020-09-17,Australia,25725,393,22355,6612066,101569
2020-09-18,Australia,25872,396,22482,6637938,101965
2020-09-19,Australia,24877,381,21618,6662815,102346
2020-09-20,Australia,24906,382,21643,6687721,102728
2020-09-21,Australia,26459,405,22992,6714180,103133
2020-09-22,Australia,25889,400,22497,6740069,103533
2020-09-23,Australia,26166,402,22738,6766235,103935
2020-09-24,Australia,25623,391,22266,6791858,104326
2020-09-25,Australia,26047,403,22634,6817905,104729
2020-09-26,Australia,26060,400,22646,6843965,105129
2020-09-27,Australia,22603,348,19642,6866568,105477
2020-09-28,Australia,23506,362,20426,6890074,105839
2020-09-29,Australia,24063,370,20910,6914137,106209
2020-09-30,Australia,24103,369,20945,6938240,106578
2020-10-01,Australia,23109,356,20081,6961349,106934
2020-10-02,Australia,24769,380,21524,6986118,107314
2020-10-03,Australia,25786,397,22408,7011904,107711
2020-10-04,Australia,23447,360,20375,7035351,108071
2020-10-05,Australia,23094,354,20068,7058445,108425
2020-10-06,Australia,23727,361,20618,7082172,108786
2020-10-07,Australia,20417,313,17742,7102589,109099
2020-10-08,Australia,22308,343,19385,7124897,109442
2020-10-09,Australia,23110,359,20082,7148007,109801
2020-10-10,Australia,21081,325,18319,7169088,110126
2020-10-11,Australia,20210,309,17562,7189298,110435
2020-10-12,Australia,21081,322,18319,7210379,110757
2020-10-13,Australia,20961,322,18215,7231340,111079
2020-10-14,Australia,19824,303,17227,7251164,111382
2020-10-15,Australia,22663,347,19694,7273827,111729
2020-10-16,Australia,19766,302,17176,7293593,112031
2020-10-17,Australia,18837,288,16369,7312430,112319
2020-10-18,Australia,19638,303,17065,7332068,112622
2020-10-19,Australia,20353,308,17686,7352421,112930
2020-10-20,Australia,19223,298,16704,7371644,113228
2020-10-21,Australia,19404,297,16862,7391048,113525
2020-10-22,Australia,17866,273,15525,7408914,113798
2020-10-23,Australia,19789,306,17196,7428703,114104
2020-10-24,Australia,18666,286,16220,7447369,114390
2020-10-25,Australia,18832,287,16365,7466201,114677
2020-10-26,Australia,17954,273,15602,7484155,114950
2020-10-27,Australia,18089,279,15719,7502244,115229
2020-10-28,Australia,16364,253,14220,7518608,115482
2020-10-29,Australia,16439,251,14285,7535047,115733
2020-10-30,Australia,17716,275,15395,7552763,116008
2020-10-31,Australia,17618,270,15310,7570381,116278
2020-11-01,Australia,15165,235,13178,7585546,116513
2020-11-02,Australia,16035,244,13934,7601581,116757
2020-11-03,Australia,15252,232,13254,7616833,116989
2020-11-04,Australia,14806,226,12866,7631639,117215
2020-11-05,Australia,15312,234,13306,7646951,117449
2020-11-06,Australia,15704,243,13646,7662655,117692
2020-11-07,Australia,14947,230,12988,7677602,117922
2020-11-08,Australia,14151,216,12297,7691753,118138
2020-11-09,Australia,14513,223,12611,7706266,118361
2020-11-10,Australia,13668,209,11877,7719934,118570
2020-11-11,Australia,13976,213,12145,7733910,118783
2020-11-12,Australia,14413,221,12524,7748323,119004
2020-11-13,Australia,11875,182,10319,7760198,119186
2020-11-14,Australia,13560,206,11783,7773758,119392
2020-11-15,Australia,11841,180,10289,7785599,119572
2020-11-16,Australia,13400,207,11644,7798999,119779
2020-11-17,Australia,12026,185,10450,7811025,119964
2020-11-18,Australia,11480,178,9976,7822505,120142
2020-11-19,Australia,12453,190,10821,7834958,120332
2020-11-20,Australia,12064,183,10483,7847022,120515
2020-11-21,Australia,11082,169,9630,7858104,120684
2020-11-22,Australia,10768,167,9357,7868872,120851
2020-11-23,Australia,11211,169,9742,7880083,121020
2020-11-24,Australia,10479,164,9106,7890562,121184
2020-11-25,Australia,10406,157,9042,7900968,121341
2020-11-26,Australia,10898,169,9470,7911866,121510
2020-11-27,Australia,10169,154,8836,7922035,121664
2020-11-28,Australia,10768,164,9357,7932803,121828
2020-11-29,Australia,11183,167,9718,7943986,121995
2020-11-30,Australia,10198,160,8862,7954184,122155
2020-12-01,Australia,10216,158,8877,7964400,122313
2020-12-02,Australia,11045,171,9598,7975445,122484
2020-12-03,Australia,9328,142,8106,7984773,122626
2020-12-04,Australia,10398,158,9035,7995171,122784
2020-12-05,Australia,10234,158,8893,8005405,122942
2020-12-06,Australia,10032,151,8717,8015437,123093
2020-12-07,Australia,10151,155,8821,8025588,123248
2020-12-08,Australia,9588,144,8331,8035176,123392
2020-12-09,Australia,9108,140,7914,8044284,123532
2020-12-10,Australia,9828,147,8540,8054112,123679
2020-12-11,Australia,9784,147,8502,8063896,123826
2020-12-12,Australia,9717,147,8444,8073613,123973
2020-12-13,Australia,9184,142,7980,8082797,124115
2020-12-14,Australia,8799,134,7646,8091596,124249
2020-12-15,Australia,9184,143,7980,8100780,124392
2020-12-16,Australia,9503,149,8258,8110283,124541
2020-12-17,Australia,9525,145,8277,8119808,124686
2020-12-18,Australia,8858,133,7697,8128666,124819
2020-12-19,Australia,9196,143,7991,8137862,124962
2020-12-20,Australia,8466,127,7356,8146328,125089
2020-12-21,Australia,9523,144,8275,8155851,125233
2020-12-22,Australia,8741,131,7595,8164592,125364
2020-12-23,Australia,9488,147,8245,8174080,125511
2020-12-24,Australia,8639,133,7507,8182719,125644
2020-12-25,Australia,9689,152,8419,8192408,125796
2020-12-26,Australia,9415,143,8181,8201823,125939
2020-12-27,Australia,8962,136,7787,8210785,126075
2020-12-28,Australia,9721,148,8447,8220506,126223
2020-12-29,Australia,9192,138,7987,8229698,126361
2020-12-30,Australia,9916,155,8617,8239614,126516
2020-12-31,Australia,9517,153,8270,8249131,126669
2021-01-01,Australia,8908,135,7741,8258039,126804
2021-01-02,Australia,9372,145,8144,8267411,126949
2021-01-03,Australia,9757,149,8478,8277168,127098
2021-01-04,Australia,10787,166,9373,8287955,127264
2021-01-05,Australia,10688,166,9287,8298643,127430
2021-01-06,Australia,11208,170,9739,8309851,127600
2021-01-07,Australia,11382,174,9890,8321233,127774
2021-01-08,Australia,10379,162,9019,8331612,127936
2021-01-09,Australia,10724,165,9319,8342336,128101
2021-01-10,Australia,10769,166,9358,8353105,128267
2021-01-11,Australia,10796,167,9381,8363901,128434
2021-01-12,Australia,10309,159,8958,8374210,128593
2021-01-13,Australia,11539,179,10027,8385749,128772
2021-01-14,Australia,10990,170,9550,8396739,128942
2021-01-15,Australia,11932,183,10368,8408671,129125
2021-01-16,Australia,13456,207,11693,8422127,129332
2021-01-17,Australia,12071,185,10489,8434198,129517
2021-01-18,Australia,12738,194,11069,8446936,129711
2021-01-19,Australia,13433,206,11673,8460369,129917
2021-01-20,Australia,13275,203,11535,8473644,130120
2021-01-21,Australia,13535,204,11761,8487179,130324
2021-01-22,Australia,13349,206,11600,8500528,130530
2021-01-23,Australia,13697,212,11902,8514225,130742
2021-01-24,Australia,13447,207,11685,8527672,130949
2021-01-25,Australia,15012,232,13045,8542684,131181
2021-01-26,Australia,13403,205,11647,8556087,131386
2021-01-27,Australia,15699,240,13642,8571786,131626
2021-01-28,Australia,14192,220,12332,8585978,131846
2021-01-29,Australia,16315,248,14177,8602293,132094
2021-01-30,Australia,15589,237,13546,8617882,132331
2021-01-31,Australia,15184,234,13194,8633066,132565
2021-02-01,Australia,16977,261,14753,8650043,132826
2021-02-02,Australia,17604,272,15297,8667647,133098
2021-02-03,Australia,16773,254,14575,8684420,133352
2021-02-04,Australia,18113,278,15740,8702533,133630
2021-02-05,Australia,15782,240,13714,8718315,133870
2021-02-06,Australia,16962,262,14739,8735277,134132
2021-02-07,Australia,19707,305,17125,8754984,134437
2021-02-08,Australia,18650,287,16206,8773634,134724
2021-02-09,Australia,17426,266,15143,8791060,134990
2021-02-10,Australia,18893,289,16418,8809953,135279
2021-02-11,Australia,19020,291,16528,8828973,135570
2021-02-12,Australia,20140,308,17501,8849113,135878
2021-02-13,Australia,20296,311,17637,8869409,136189
2021-02-14,Australia,21243,325,18460,8890652,136514
2021-02-15,Australia,21357,325,18559,8912009,136839
2021-02-16,Australia,23296,358,20244,8935305,137197
2021-02-17,Australia,22666,349,19696,8957971,137546
2021-02-18,Australia,23097,358,20071,8981068,137904
2021-02-19,Australia,24306,372,21121,9005374,138276
2021-02-20,Australia,22902,348,19901,9028276,138624
2021-02-21,Australia,22247,343,19332,9050523,138967
2021-02-22,Australia,25597,395,22243,9076120,139362
2021-02-23,Australia,24699,382,21463,9100819,139744
2021-02-24,Australia,25101,388,21812,9125920,140132
2021-02-25,Australia,24520,380,21307,9150440,140512
2021-02-26,Australia,24924,381,21658,9175364,140893
2021-02-27,Australia,27220,421,23654,9202584,141314
2021-02-28,Australia,27815,427,24171,9230399,141741
2021-03-01,Australia,27960,431,24297,9258359,142172
2021-03-02,Australia,28382,436,24663,9286741,142608
2021-03-03,Australia,28481,435,24750,9315222,143043
2021-03-04,Australia,28270,437,24566,9343492,143480
2021-03-05,Australia,28227,433,24529,9371719,143913
2021-03-06,Australia,30614,474,26603,9402333,144387
2021-03-07,Australia,28707,439,24946,9431040,144826
2021-03-08,Australia,30188,462,26233,9461228,145288
2021-03-09,Australia,28814,441,25039,9490042,145729
2021-03-10,Australia,29399,455,25547,9519441,146184
2021-03-11,Australia,30415,464,26430,9549856,146648
2021-03-12,Australia,29899,461,25982,9579755,147109
2021-03-13,Australia,32781,507,28486,9612536,147616
2021-03-14,Australia,29738,456,25842,9642274,148072
2021-03-15,Australia,32410,497,28164,9674684,148569
2021-03-16,Australia,32824,504,28524,9707508,149073
2021-03-17,Australia,29974,458,26047,9737482,149531
2021-03-18,Australia,32573,506,28305,9770055,150037
2021-03-19,Australia,34081,525,29616,9804136,150562
2021-03-20,Australia,34717,531,30169,9838853,151093
2021-03-21,Australia,33968,520,29518,9872821,151613
2021-03-22,Australia,35817,551,31125,9908638,152164
2021-03-23,Australia,34772,532,30216,9943410,152696
2021-03-24,Australia,35299,539,30674,9978709,153235
2021-03-25,Australia,36029,554,31309,10014738,153789
2021-03-26,Australia,37543,579,32624,10052281,154368
2021-03-27,Australia,34948,539,30369,10087229,154907
2021-03-28,Australia,35566,546,30906,10122795,155453
2021-03-29,Australia,35501,545,30850,10158296,155998
2021-03-30,Australia,36383,559,31616,10194679,156557
2021-03-31,Australia,39917,615,34687,10234596,157172
2021-04-01,Australia,38584,590,33529,10273180,157762
2021-04-02,Australia,35616,546,30950,10308796,158308
2021-04-03,Australia,36846,565,32019,10345642,158873
2021-04-04,Australia,38924,598,33824,10384566,159471
2021-04-05,Australia,36685,563,31879,10421251,160034
2021-04-06,Australia,37232,572,32354,10458483,160606
2021-04-07,Australia,41444,638,36014,10499927,161244
2021-04-08,Australia,37821,578,32866,10537748,161822
2021-04-09,Australia,41068,628,35688,10578816,162450
2021-04-10,Australia,41835,641,36354,10620651,163091
2021-04-11,Australia,38071,587,33083,10658722,163678
2021-04-12,Australia,37902,581,32936,10696624,164259
2021-04-13,Australia,39254,603,34111,10735878,164862
2021-04-14,Australia,37756,580,32809,10773634,165442
2021-04-15,Australia,40288,620,35010,10813922,166062
2021-04-16,Australia,39737,614,34531,10853659,166676
2021-04-17,Australia,40970,631,35602,10894629,167307
2021-04-18,Australia,43145,665,37493,10937774,167972
2021-04-19,Australia,42051,646,36542,10979825,168618
2021-04-20,Australia,41450,640,36020,11021275,169258
2021-04-21,Australia,36525,561,31740,11057800,169819
2021-04-22,Australia,41448,633,36018,11099248,170452
2021-04-23,Australia,44072,682,38298,11143320,171134
2021-04-24,Australia,34479,530,29962,11177799,171664
2021-04-25,Australia,41997,646,36495,11219796,172310
2021-04-26,Australia,40267,617,34992,11260063,172927
2021-04-27,Australia,38848,601,33758,11298911,173528
2021-04-28,Australia,42169,646,36644,11341080,174174
2021-04-29,Australia,43969,675,38209,11385049,174849
2021-04-30,Australia,42022,643,36517,11427071,175492
2021-05-01,Australia,39641,610,34448,11466712,176102
2021-05-02,Australia,38415,590,33382,11505127,176692
2021-05-03,Australia,40525,620,35216,11545652,177312
2021-05-04,Australia,41892,644,36404,11587544,177956
2021-05-05,Australia,39257,603,34114,11626801,178559
2021-05-06,Australia,39336,604,34183,11666137,179163
2021-05-07,Australia,45405,694,39456,11711542,179857
2021-05-08,Australia,41789,643,36314,11753331,180500
2021-05-09,Australia,41774,639,36301,11795105,181139
2021-05-10,Australia,36468,562,31690,11831573,181701
2021-05-11,Australia,37787,579,32836,11869360,182280
2021-05-12,Australia,39139,603,34011,11908499,182883
2021-05-13,Australia,36861,566,32032,11945360,183449
2021-05-14,Australia,41696,641,36233,11987056,184090
2021-05-15,Australia,41105,634,35720,12028161,184724
2021-05-16,Australia,37159,569,32291,12065320,185293
2021-05-17,Australia,41338,633,35922,12106658,185926
2021-05-18,Australia,37706,580,32766,12144364,186506
2021-05-19,Australia,42322,648,36777,12186686,187154
2021-05-20,Australia,37484,574,32573,12224170,187728
2021-05-21,Australia,38017,581,33036,12262187,188309
2021-05-22,Australia,39249,605,34107,12301436,188914
2021-05-23,Australia,38728,593,33654,12340164,189507
2021-05-24,Australia,37037,568,32185,12377201,190075
2021-05-25,Australia,35566,544,30906,12412767,190619
2021-05-26,Australia,36431,559,31658,12449198,191178
2021-05-27,Australia,33770,518,29346,12482968,191696
2021-05-28,Australia,35157,542,30551,12518125,192238
2021-05-29,Australia,32649,499,28372,12550774,192737
2021-05-30,Australia,31188,478,27102,12581962,193215
2021-05-31,Australia,33988,525,29535,12615950,193740
2021-06-01,Australia,35680,550,31005,12651630,194290
2021-06-02,Australia,34751,533,30198,12686381,194823
2021-06-03,Australia,32724,503,28437,12719105,195326
2021-06-04,Australia,35341,547,30711,12754446,195873
2021-06-05,Australia,31222,477,27131,12785668,196350
2021-06-06,Australia,28720,437,24957,12814388,196787
2021-06-07,Australia,27968,428,24304,12842356,197215
2021-06-08,Australia,29185,448,25361,12871541,197663
2021-06-09,Australia,31889,488,27711,12903430,198151
2021-06-10,Australia,29292,452,25454,12932722,198603
2021-06-11,Australia,30553,470,26550,12963275,199073
2021-06-12,Australia,31900,489,27721,12995175,199562
2021-06-13,Australia,27478,421,23878,13022653,199983
2021-06-14,Australia,29368,450,25520,13052021,200433
2021-06-15,Australia,29044,448,25239,13081065,200881
2021-06-16,Australia,26679,409,23184,13107744,201290
2021-06-17,Australia,29338,448,25494,13137082,201738
2021-06-18,Australia,26681,412,23185,13163763,202150
2021-06-19,Australia,26152,401,22726,13189915,202551
2021-06-20,Australia,29031,443,25227,13218946,202994
2021-06-21,Australia,26523,411,23048,13245469,203405
2021-06-22,Australia,26616,410,23129,13272085,203815
2021-06-23,Australia,26725,411,23224,13298810,204226
2021-06-24,Australia,23816,365,20696,13322626,204591
2021-06-25,Australia,25721,394,22351,13348347,204985
2021-06-26,Australia,23199,356,20159,13371546,205341
2021-06-27,Australia,22750,349,19769,13394296,205690
2021-06-28,Australia,22666,347,19696,13416962,206037
2021-06-29,Australia,21868,336,19003,13438830,206373
2021-06-30,Australia,23076,353,20053,13461906,206726
2021-07-01,Australia,22049,339,19160,13483955,207065
2021-07-02,Australia,20829,320,18100,13504784,207385
2021-07-03,Australia,21659,331,18821,13526443,207716
2021-07-04,Australia,20268,311,17612,13546711,208027
2021-07-05,Australia,19821,305,17224,13566532,208332
2021-07-06,Australia,19804,300,17209,13586336,208632
2021-07-07,Australia,19811,305,17215,13606147,208937
2021-07-08,Australia,19341,294,16807,13625488,209231
2021-07-09,Australia,18244,279,15854,13643732,209510
2021-07-10,Australia,18968,286,16483,13662700,209796
2021-07-11,Australia,17615,271,15307,13680315,210067
2021-07-12,Australia,16863,257,14653,13697178,210324
2021-07-13,Australia,15805,242,13734,13712983,210566
2021-07-14,Australia,17507,269,15213,13730490,210835
2021-07-15,Australia,16327,247,14188,13746817,211082
2021-07-16,Australia,16120,247,14008,13762937,211329
2021-07-17,Australia,16406,253,14256,13779343,211582
2021-07-18,Australia,14869,228,12921,13794212,211810
2021-07-19,Australia,13855,212,12040,13808067,212022
2021-07-20,Australia,14581,224,12670,13822648,212246
2021-07-21,Australia,14404,221,12517,13837052,212467
2021-07-22,Australia,13662,211,11872,13850714,212678
2021-07-23,Australia,14505,225,12604,13865219,212903
2021-07-24,Australia,11536,176,10024,13876755,213079
2021-07-25,Australia,13570,209,11792,13890325,213288
2021-07-26,Australia,13023,198,11316,13903348,213486
2021-07-27,Australia,12488,192,10852,13915836,213678
2021-07-28,Australia,9908,153,8610,13925744,213831
2021-07-29,Australia,12333,189,10717,13938077,214020
2021-07-30,Australia,10704,165,9301,13948781,214185
2021-07-31,Australia,10707,164,9304,13959488,214349
2021-08-01,Australia,10601,162,9212,13970089,214511
2021-08-02,Australia,10616,161,9225,13980705,214672
2021-08-03,Australia,10444,160,9075,13991149,214832
2021-08-04,Australia,10282,156,8935,14001431,214988
2021-08-05,Australia,9959,154,8654,14011390,215142
2021-08-06,Australia,9417,143,8183,14020807,215285
2021-08-07,Australia,9224,142,8015,14030031,215427
2021-08-08,Australia,8297,127,7210,14038328,215554
2021-08-09,Australia,8203,126,7128,14046531,215680
2021-08-10,Australia,8647,132,7514,14055178,215812
2021-08-11,Australia,8369,127,7272,14063547,215939
2021-08-12,Australia,8076,126,7018,14071623,216065
2021-08-13,Australia,7365,111,6400,14078988,216176
2021-08-14,Australia,7666,119,6661,14086654,216295
2021-08-15,Australia,6694,99,5817,14093348,216394
2021-08-16,Australia,7261,111,6309,14100609,216505
2021-08-17,Australia,6588,104,5724,14107197,216609
2021-08-18,Australia,7012,107,6093,14114209,216716
2021-08-19,Australia,5784,89,5026,14119993,216805
2021-08-20,Australia,6599,104,5734,14126592,216909
2021-08-21,Australia,5761,88,5006,14132353,216997
2021-08-22,Australia,5570,86,4840,14137923,217083
2021-08-23,Australia,5546,86,4819,14143469,217169
2021-08-24,Australia,5126,76,4454,14148595,217245
2021-08-25,Australia,5117,77,4446,14153712,217322
2021-08-26,Australia,4780,73,4153,14158492,217395
2021-08-27,Australia,4627,67,4020,14163119,217462
2021-08-28,Australia,4746,75,4124,14167865,217537
2021-08-29,Australia,4272,67,3712,14172137,217604
2021-08-30,Australia,4153,65,3608,14176290,217669
2021-08-31,Australia,3882,62,3373,14180172,217731
2021-09-01,Australia,3921,61,3407,14184093,217792
2021-09-02,Australia,4137,63,3595,14188230,217855
2021-09-03,Australia,3584,51,3114,14191814,217906
2021-09-04,Australia,3476,52,3020,14195290,217958
2021-09-05,Australia,3512,52,3051,14198802,218010
2021-09-06,Australia,3289,51,2858,14202091,218061
2021-09-07,Australia,3591,55,3120,14205682,218116
2021-09-08,Australia,3084,44,2679,14208766,218160
2021-09-09,Australia,3044,48,2645,14211810,218208
2021-09-10,Australia,3018,49,2622,14214828,218257
2021-09-11,Australia,2902,47,2521,14217730,218304
2021-09-12,Australia,2699,39,2345,14220429,218343
2021-09-13,Australia,2544,39,2210,14222973,218382
2021-09-14,Australia,2718,39,2361,14225691,218421
2021-09-15,Australia,2359,40,2049,14228050,218461
2021-09-16,Australia,2227,34,1935,14230277,218495
2021-09-17,Australia,2117,31,1839,14232394,218526
2021-09-18,Australia,1918,28,1666,14234312,218554
2021-09-19,Australia,2101,32,1825,14236413,218586
2021-09-20,Australia,1707,27,1483,14238120,218613
2021-09-21,Australia,1858,25,1614,14239978,218638
2021-09-22,Australia,1764,29,1532,14241742,218667
2021-09-23,Australia,1904,30,1654,14243646,218697
2021-09-24,Australia,1487,25,1292,14245133,218722
2021-09-25,Australia,1500,26,1303,14246633,218748
2021-09-26,Australia,1495,22,1299,14248128,218770
2021-09-27,Australia,1428,23,1240,14249556,218793
2021-09-28,Australia,1343,19,1167,14250899,218812
2021-09-29,Australia,1317,19,1144,14252216,218831
2021-09-30,Australia,1185,21,1029,14253401,218852
2021-10-01,Australia,1233,17,1071,14254634,218869
2021-10-02,Australia,1022,16,888,14255656,218885
2021-10-03,Australia,1107,15,961,14256763,218900
2021-10-04,Australia,1027,14,892,14257790,218914
2021-10-05,Australia,1065,15,925,14258855,218929
2021-10-06,Australia,1055,19,916,14259910,218948
2021-10-07,Australia,909,15,789,14260819,218963
2021-10-08,Australia,946,16,822,14261765,218979
2021-10-09,Australia,830,9,721,14262595,218988
2021-10-10,Australia,765,11,664,14263360,218999
2021-10-11,Australia,837,12,727,14264197,219011
2021-10-12,Australia,752,12,653,14264949,219023
2021-10-13,Australia,699,15,607,14265648,219038
2021-10-14,Australia,690,5,599,14266338,219043
2021-10-15,Australia,644,10,559,14266982,219053
2021-10-16,Australia,603,13,524,14267585,219066
2021-10-17,Australia,537,7,466,14268122,219073
2021-10-18,Australia,541,8,470,14268663,219081
2021-10-19,Australia,540,9,469,14269203,219090
2021-10-20,Australia,494,3,429,14269697,219093
2021-10-21,Australia,496,8,431,14270193,219101
2021-10-22,Australia,459,5,398,14270652,219106
2021-10-23,Australia,409,10,355,14271061,219116
2021-10-24,Australia,379,5,329,14271440,219121
2021-10-25,Australia,384,4,333,14271824,219125
2021-10-26,Australia,358,7,311,14272182,219132
2021-10-27,Australia,356,6,309,14272538,219138
2021-10-28,Australia,319,6,277,14272857,219144
2021-10-29,Australia,305,8,265,14273162,219152
2021-10-30,Australia,316,3,274,14273478,219155
2021-10-31,Australia,286,7,248,14273764,219162
2021-11-01,Australia,259,7,225,14274023,219169
2021-11-02,Australia,256,2,222,14274279,219171
2021-11-03,Australia,260,2,225,14274539,219173
2021-11-04,Australia,233,3,202,14274772,219176
2021-11-05,Australia,224,3,194,14274996,219179
2021-11-06,Australia,197,6,171,14275193,219185
2021-11-07,Australia,206,1,179,14275399,219186
2021-11-08,Australia,208,3,180,14275607,219189
2021-11-09,Australia,167,1,145,14275774,219190
2021-11-10,Australia,154,2,133,14275928,219192
2021-11-11,Australia,158,6,137,14276086,219198
2021-11-12,Australia,155,6,134,14276241,219204
2021-11-13,Australia,139,2,120,14276380,219206
2021-11-14,Australia,124,3,107,14276504,219209
2021-11-15,Australia,124,2,107,14276628,219211
2021-11-16,Australia,122,1,106,14276750,219212
2021-11-17,Australia,109,5,94,14276859,219217
2021-11-18,Australia,109,4,94,14276968,219221
2021-11-19,Australia,106,2,92,14277074,219223
2021-11-20,Australia,95,1,82,14277169,219224
2021-11-21,Australia,88,1,76,14277257,219225
2021-11-22,Australia,88,2,76,14277345,219227
2021-11-23,Australia,74,1,64,14277419,219228
2021-11-24,Australia,69,3,59,14277488,219231
2021-11-25,Australia,68,2,59,14277556,219233
2021-11-26,Australia,63,0,54,14277619,219233
2021-11-27,Australia,58,0,50,14277677,219233
2021-11-28,Australia,65,2,56,14277742,219235
2021-11-29,Australia,63,0,54,14277805,219235
2021-11-30,Australia,50,0,43,14277855,219235
2021-12-01,Australia,49,0,42,14277904,219235
2021-12-02,Australia,45,0,39,14277949,219235
2021-12-03,Australia,46,1,39,14277995,219236
2021-12-04,Australia,44,0,38,14278039,219236
2021-12-05,Australia,33,0,28,14278072,219236
2021-12-06,Australia,37,4,32,14278109,219240
2021-12-07,Australia,30,0,26,14278139,219240
2021-12-08,Australia,36,0,31,14278175,219240
2021-12-09,Australia,30,0,26,14278205,219240
2021-12-10,Australia,25,0,21,14278230,219240
2021-12-11,Australia,25,4,21,14278255,219244
2021-12-12,Australia,23,4,19,14278278,219248
2021-12-13,Australia,24,0,20,14278302,219248
2021-12-14,Australia,23,2,19,14278325,219250
2021-12-15,Australia,17,1,14,14278342,219251
2021-12-16,Australia,22,3,19,14278364,219254
2021-12-17,Australia,20,0,17,14278384,219254
2021-12-18,Australia,15,1,13,14278399,219255
2021-12-19,Australia,15,3,13,14278414,219258
2021-12-20,Australia,17,2,14,14278431,219260
2021-12-21,Australia,15,0,13,14278446,219260
2021-12-22,Australia,12,0,10,14278458,219260
2021-12-23,Australia,13,0,11,14278471,219260
2021-12-24,Australia,15,0,13,14278486,219260
2021-12-25,Australia,10,1,8,14278496,219261
2021-12-26,Australia,8,0,6,14278504,219261
2021-12-27,Australia,9,0,7,14278513,219261
2021-12-28,Australia,8,0,6,14278521,219261
2021-12-29,Australia,7,0,6,14278528,219261
2021-12-30,Australia,7,0,6,14278535,219261
2020-01-01,Argentina,21702,383,20297,21702,383
2020-01-02,Argentina,23342,404,21831,45044,787
2020-01-03,Argentina,23051,401,21559,68095,1188
2020-01-04,Argentina,22665,391,21198,90760,1579
2020-01-05,Argentina,24848,432,23239,115608,2011
2020-01-06,Argentina,24170,420,22605,139778,2431
2020-01-07,Argentina,24648,431,23052,164426,2862
2020-01-08,Argentina,26024,450,24339,190450,3312
2020-01-09,Argentina,24195,418,22629,214645,3730
2020-01-10,Argentina,24268,425,22697,238913,4155
2020-01-11,Argentina,27866,484,26062,266779,4639
2020-01-12,Argentina,24695,430,23096,291474,5069
2020-01-13,Argentina,26353,459,24647,317827,5528
2020-01-14,Argentina,25548,443,23894,343375,5971
2020-01-15,Argentina,27751,481,25954,371126,6452
2020-01-16,Argentina,29423,514,27518,400549,6966
2020-01-17,Argentina,29330,512,27431,429879,7478
2020-01-18,Argentina,33055,575,30915,462934,8053
2020-01-19,Argentina,31499,548,29460,494433,8601
2020-01-20,Argentina,28815,502,26950,523248,9103
2020-01-21,Argentina,28736,501,26876,551984,9604
2020-01-22,Argentina,35091,613,32819,587075,10217
2020-01-23,Argentina,32901,573,30771,619976,10790
2020-01-24,Argentina,32501,567,30397,652477,11357
2020-01-25,Argentina,32014,559,29941,684491,11916
2020-01-26,Argentina,32654,570,30540,717145,12486
2020-01-27,Argentina,30114,527,28164,747259,13013
2020-01-28,Argentina,33091,576,30949,780350,13589
2020-01-29,Argentina,33252,578,31099,813602,14167
2020-01-30,Argentina,31916,555,29850,845518,14722
2020-01-31,Argentina,32808,572,30684,878326,15294
2020-02-01,Argentina,36575,636,34207,914901,15930
2020-02-02,Argentina,34057,597,31852,948958,16527
2020-02-03,Argentina,38118,664,35650,987076,17191
2020-02-04,Argentina,31768,551,29711,1018844,17742
2020-02-05,Argentina,34135,595,31925,1052979,18337
2020-02-06,Argentina,32563,570,30455,1085542,18907
2020-02-07,Argentina,33381,579,31220,1118923,19486
2020-02-08,Argentina,34278,595,32059,1153201,20081
2020-02-09,Argentina,36547,636,34181,1189748,20717
2020-02-10,Argentina,36674,637,34300,1226422,21354
2020-02-11,Argentina,35158,609,32882,1261580,21963
2020-02-12,Argentina,32511,563,30406,1294091,22526
2020-02-13,Argentina,39493,688,36936,1333584,23214
2020-02-14,Argentina,36423,635,34065,1370007,23849
2020-02-15,Argentina,35046,609,32777,1405053,24458
2020-02-16,Argentina,37790,658,35344,1442843,25116
2020-02-17,Argentina,37810,659,35362,1480653,25775
2020-02-18,Argentina,36960,641,34567,1517613,26416
2020-02-19,Argentina,37977,663,35519,1555590,27079
2020-02-20,Argentina,35633,621,33326,1591223,27700
2020-02-21,Argentina,39371,686,36822,1630594,28386
2020-02-22,Argentina,36134,630,33795,1666728,29016
2020-02-23,Argentina,36968,648,34575,1703696,29664
2020-02-24,Argentina,39445,685,36892,1743141,30349
2020-02-25,Argentina,40582,705,37955,1783723,31054
2020-02-26,Argentina,41381,724,38702,1825104,31778
2020-02-27,Argentina,40420,705,37803,1865524,32483
2020-02-28,Argentina,37812,658,35364,1903336,33141
2020-02-29,Argentina,35503,617,33205,1938839,33758
2020-03-01,Argentina,41197,717,38530,1980036,34475
2020-03-02,Argentina,41145,716,38481,2021181,35191
2020-03-03,Argentina,37214,645,34805,2058395,35836
2020-03-04,Argentina,40277,703,37670,2098672,36539
2020-03-05,Argentina,37848,655,35398,2136520,37194
2020-03-06,Argentina,41351,718,38674,2177871,37912
2020-03-07,Argentina,37438,651,35014,2215309,38563
2020-03-08,Argentina,42183,739,39452,2257492,39302
2020-03-09,Argentina,39838,693,37259,2297330,39995
2020-03-10,Argentina,41709,727,39009,2339039,40722
2020-03-11,Argentina,37310,648,34895,2376349,41370
2020-03-12,Argentina,38888,679,36371,2415237,42049
2020-03-13,Argentina,36182,636,33840,2451419,42685
2020-03-14,Argentina,39529,689,36970,2490948,43374
2020-03-15,Argentina,39522,687,36964,2530470,44061
2020-03-16,Argentina,42227,731,39493,2572697,44792
2020-03-17,Argentina,38489,671,35997,2611186,45463
2020-03-18,Argentina,38807,674,36295,2649993,46137
2020-03-19,Argentina,36433,633,34074,2686426,46770
2020-03-20,Argentina,38171,666,35700,2724597,47436
2020-03-21,Argentina,36306,631,33956,2760903,48067
2020-03-22,Argentina,37061,645,34662,2797964,48712
2020-03-23,Argentina,36999,646,34604,2834963,49358
2020-03-24,Argentina,35860,623,33539,2870823,49981
2020-03-25,Argentina,36435,632,34076,2907258,50613
2020-03-26,Argentina,35453,618,33158,2942711,51231
2020-03-27,Argentina,35254,615,32972,2977965,51846
2020-03-28,Argentina,37660,654,35222,3015625,52500
2020-03-29,Argentina,35841,623,33521,3051466,53123
2020-03-30,Argentina,35930,623,33604,3087396,53746
2020-03-31,Argentina,32540,568,30433,3119936,54314
2020-04-01,Argentina,35616,624,33310,3155552,54938
2020-04-02,Argentina,35570,621,33267,3191122,55559
2020-04-03,Argentina,33734,587,31550,3224856,56146
2020-04-04,Argentina,37750,659,35306,3262606,56805
2020-04-05,Argentina,30058,521,28112,3292664,57326
2020-04-06,Argentina,35026,610,32759,3327690,57936
2020-04-07,Argentina,34651,601,32408,3362341,58537
2020-04-08,Argentina,34109,593,31901,3396450,59130
2020-04-09,Argentina,33248,581,31096,3429698,59711
2020-04-10,Argentina,33606,587,31430,3463304,60298
2020-04-11,Argentina,33858,590,31666,3497162,60888
2020-04-12,Argentina,31023,541,29015,3528185,61429
2020-04-13,Argentina,32411,563,30313,3560596,61992
2020-04-14,Argentina,31383,546,29351,3591979,62538
2020-04-15,Argentina,29694,518,27772,3621673,63056
2020-04-16,Argentina,32270,561,30181,3653943,63617
2020-04-17,Argentina,30018,522,28075,3683961,64139
2020-04-18,Argentina,28334,492,26500,3712295,64631
2020-04-19,Argentina,29549,514,27636,3741844,65145
2020-04-20,Argentina,28905,501,27034,3770749,65646
2020-04-21,Argentina,31385,546,29353,3802134,66192
2020-04-22,Argentina,29818,518,27888,3831952,66710
2020-04-23,Argentina,31364,543,29334,3863316,67253
2020-04-24,Argentina,28110,494,26290,3891426,67747
2020-04-25,Argentina,30088,522,28140,3921514,68269
2020-04-26,Argentina,32638,568,30525,3954152,68837
2020-04-27,Argentina,28835,502,26968,3982987,69339
2020-04-28,Argentina,29297,509,27400,4012284,69848
2020-04-29,Argentina,28811,501,26946,4041095,70349
2020-04-30,Argentina,25642,445,23982,4066737,70794
2020-05-01,Argentina,28175,492,26351,4094912,71286
2020-05-02,Argentina,27559,480,25775,4122471,71766
2020-05-03,Argentina,26567,464,24847,4149038,72230
2020-05-04,Argentina,25515,447,23863,4174553,72677
2020-05-05,Argentina,27398,476,25624,4201951,73153
2020-05-06,Argentina,24989,436,23371,4226940,73589
2020-05-07,Argentina,28843,505,26976,4255783,74094
2020-05-08,Argentina,26007,452,24323,4281790,74546
2020-05-09,Argentina,24093,421,22533,4305883,74967
2020-05-10,Argentina,24819,431,23212,4330702,75398
2020-05-11,Argentina,24939,436,23324,4355641,75834
2020-05-12,Argentina,28145,489,26323,4383786,76323
2020-05-13,Argentina,23838,416,22295,4407624,76739
2020-05-14,Argentina,24633,431,23038,4432257,77170
2020-05-15,Argentina,23956,414,22405,4456213,77584
2020-05-16,Argentina,25079,435,23455,4481292,78019
2020-05-17,Argentina,23688,411,22154,4504980,78430
2020-05-18,Argentina,22808,399,21331,4527788,78829
2020-05-19,Argentina,23821,412,22279,4551609,79241
2020-05-20,Argentina,23575,411,22049,4575184,79652
2020-05-21,Argentina,23113,404,21617,4598297,80056
2020-05-22,Argentina,23072,402,21578,4621369,80458
2020-05-23,Argentina,25011,438,23392,4646380,80896
2020-05-24,Argentina,23143,399,21645,4669523,81295
2020-05-25,Argentina,22105,386,20674,4691628,81681
2020-05-26,Argentina,22819,397,21342,4714447,82078
2020-05-27,Argentina,23354,403,21842,4737801,82481
2020-05-28,Argentina,21676,375,20273,4759477,82856
2020-05-29,Argentina,25063,439,23440,4784540,83295
2020-05-30,Argentina,24137,421,22574,4808677,83716
2020-05-31,Argentina,24749,432,23147,4833426,84148
2020-06-01,Argentina,23520,411,21997,4856946,84559
2020-06-02,Argentina,20632,356,19296,4877578,84915
2020-06-03,Argentina,24805,432,23199,4902383,85347
2020-06-04,Argentina,22035,386,20608,4924418,85733
2020-06-05,Argentina,22132,384,20699,4946550,86117
2020-06-06,Argentina,23226,407,21722,4969776,86524
2020-06-07,Argentina,24655,428,23059,4994431,86952
2020-06-08,Argentina,24309,423,22735,5018740,87375
2020-06-09,Argentina,24175,421,22610,5042915,87796
2020-06-10,Argentina,22807,398,21330,5065722,88194
2020-06-11,Argentina,22838,397,21359,5088560,88591
2020-06-12,Argentina,23679,414,22146,5112239,89005
2020-06-13,Argentina,23189,404,21688,5135428,89409
2020-06-14,Argentina,24455,422,22872,5159883,89831
2020-06-15,Argentina,24468,429,22884,5184351,90260
2020-06-16,Argentina,24276,420,22704,5208627,90680
2020-06-17,Argentina,20679,364,19340,5229306,91044
2020-06-18,Argentina,23923,416,22374,5253229,91460
2020-06-19,Argentina,23746,412,22209,5276975,91872
2020-06-20,Argentina,24190,422,22624,5301165,92294
2020-06-21,Argentina,23197,402,21695,5324362,92696
2020-06-22,Argentina,22625,390,21160,5346987,93086
2020-06-23,Argentina,24927,434,23313,5371914,93520
2020-06-24,Argentina,24061,419,22503,5395975,93939
2020-06-25,Argentina,25348,444,23707,5421323,94383
2020-06-26,Argentina,23954,414,22403,5445277,94797
2020-06-27,Argentina,26704,466,24975,5471981,95263
2020-06-28,Argentina,26351,458,24645,5498332,95721
2020-06-29,Argentina,25629,446,23970,5523961,96167
2020-06-30,Argentina,25148,440,23520,5549109,96607
2020-07-01,Argentina,26680,463,24953,5575789,97070
2020-07-02,Argentina,26267,457,24566,5602056,97527
2020-07-03,Argentina,26248,459,24549,5628304,97986
2020-07-04,Argentina,27481,480,25702,5655785,98466
2020-07-05,Argentina,28178,488,26354,5683963,98954
2020-07-06,Argentina,24827,431,23220,5708790,99385
2020-07-07,Argentina,25273,439,23637,5734063,99824
2020-07-08,Argentina,25817,451,24146,5759880,100275
2020-07-09,Argentina,25024,435,23404,5784904,100710
2020-07-10,Argentina,27167,473,25408,5812071,101183
2020-07-11,Argentina,28273,495,26443,5840344,101678
2020-07-12,Argentina,27616,480,25828,5867960,102158
2020-07-13,Argentina,27099,475,25345,5895059,102633
2020-07-14,Argentina,29623,512,27705,5924682,103145
2020-07-15,Argentina,28440,494,26599,5953122,103639
2020-07-16,Argentina,28928,501,27055,5982050,104140
2020-07-17,Argentina,30293,527,28332,6012343,104667
2020-07-18,Argentina,28660,500,26805,6041003,105167
2020-07-19,Argentina,32029,557,29956,6073032,105724
2020-07-20,Argentina,28578,496,26728,6101610,106220
2020-07-21,Argentina,32370,561,30274,6133980,106781
2020-07-22,Argentina,28178,494,26354,6162158,107275
2020-07-23,Argentina,30587,532,28607,6192745,107807
2020-07-24,Argentina,29040,504,27160,6221785,108311
2020-07-25,Argentina,31884,558,29820,6253669,108869
2020-07-26,Argentina,29651,515,27731,6283320,109384
2020-07-27,Argentina,31005,538,28998,6314325,109922
2020-07-28,Argentina,29739,516,27814,6344064,110438
2020-07-29,Argentina,32365,562,30270,6376429,111000
2020-07-30,Argentina,30068,521,28121,6406497,111521
2020-07-31,Argentina,33889,588,31695,6440386,112109
2020-08-01,Argentina,29854,524,27921,6470240,112633
2020-08-02,Argentina,29454,510,27547,6499694,113143
2020-08-03,Argentina,33246,576,31094,6532940,113719
2020-08-04,Argentina,30942,539,28939,6563882,114258
2020-08-05,Argentina,32020,557,29947,6595902,114815
2020-08-06,Argentina,31653,552,29604,6627555,115367
2020-08-07,Argentina,30184,524,28230,6657739,115891
2020-08-08,Argentina,32310,561,30218,6690049,116452
2020-08-09,Argentina,34619,606,32378,6724668,117058
2020-08-10,Argentina,34315,594,32094,6758983,117652
2020-08-11,Argentina,33167,578,31020,6792150,118230
2020-08-12,Argentina,34721,606,32473,6826871,118836
2020-08-13,Argentina,31240,545,29218,6858111,119381
2020-08-14,Argentina,32541,566,30434,6890652,119947
2020-08-15,Argentina,33821,586,31632,6924473,120533
2020-08-16,Argentina,33025,578,30887,6957498,121111
2020-08-17,Argentina,32900,572,30770,6990398,121683
2020-08-18,Argentina,31370,549,29339,7021768,122232
2020-08-19,Argentina,29949,522,28010,7051717,122754
2020-08-20,Argentina,34847,606,32591,7086564,123360
2020-08-21,Argentina,33926,591,31730,7120490,123951
2020-08-22,Argentina,35064,613,32794,7155554,124564
2020-08-23,Argentina,32840,572,30714,7188394,125136
2020-08-24,Argentina,32394,562,30297,7220788,125698
2020-08-25,Argentina,33611,581,31435,7254399,126279
2020-08-26,Argentina,35037,609,32769,7289436,126888
2020-08-27,Argentina,33205,580,31055,7322641,127468
2020-08-28,Argentina,34925,606,32664,7357566,128074
2020-08-29,Argentina,31865,556,29802,7389431,128630
2020-08-30,Argentina,33252,579,31099,7422683,129209
2020-08-31,Argentina,33365,582,31205,7456048,129791
2020-09-01,Argentina,35486,613,33189,7491534,130404
2020-09-02,Argentina,33725,584,31542,7525259,130988
2020-09-03,Argentina,36223,630,33878,7561482,131618
2020-09-04,Argentina,30999,543,28992,7592481,132161
2020-09-05,Argentina,33375,579,31214,7625856,132740
2020-09-06,Argentina,33367,581,31207,7659223,133321
2020-09-07,Argentina,33996,596,31795,7693219,133917
2020-09-08,Argentina,31531,550,29490,7724750,134467
2020-09-09,Argentina,35515,620,33216,7760265,135087
2020-09-10,Argentina,32655,567,30541,7792920,135654
2020-09-11,Argentina,30737,537,28747,7823657,136191
2020-09-12,Argentina,32343,566,30249,7856000,136757
2020-09-13,Argentina,31720,553,29667,7887720,137310
2020-09-14,Argentina,36539,636,34174,7924259,137946
2020-09-15,Argentina,33590,586,31415,7957849,138532
2020-09-16,Argentina,31826,551,29766,7989675,139083
2020-09-17,Argentina,31397,549,29364,8021072,139632
2020-09-18,Argentina,32887,571,30758,8053959,140203
2020-09-19,Argentina,32766,570,30645,8086725,140773
2020-09-20,Argentina,26494,464,24779,8113219,141237
2020-09-21,Argentina,31803,556,29744,8145022,141793
2020-09-22,Argentina,30647,530,28663,8175669,142323
2020-09-23,Argentina,28397,492,26559,8204066,142815
2020-09-24,Argentina,31500,550,29461,8235566,143365
2020-09-25,Argentina,33312,576,31155,8268878,143941
2020-09-26,Argentina,30543,534,28566,8299421,144475
2020-09-27,Argentina,31101,542,29088,8330522,145017
2020-09-28,Argentina,31876,558,29812,8362398,145575
2020-09-29,Argentina,27785,482,25986,8390183,146057
2020-09-30,Argentina,26066,452,24378,8416249,146509
2020-10-01,Argentina,29417,514,27513,8445666,147023
2020-10-02,Argentina,27870,484,26066,8473536,147507
2020-10-03,Argentina,26032,451,24347,8499568,147958
2020-10-04,Argentina,27576,481,25791,8527144,148439
2020-10-05,Argentina,28408,491,26569,8555552,148930
2020-10-06,Argentina,26931,472,25187,8582483,149402
2020-10-07,Argentina,25796,449,24126,8608279,149851
2020-10-08,Argentina,26272,455,24571,8634551,150306
2020-10-09,Argentina,26257,459,24557,8660808,150765
2020-10-10,Argentina,23484,411,21964,8684292,151176
2020-10-11,Argentina,25518,444,23866,8709810,151620
2020-10-12,Argentina,23699,417,22165,8733509,152037
2020-10-13,Argentina,25940,456,24261,8759449,152493
2020-10-14,Argentina,22876,399,21395,8782325,152892
2020-10-15,Argentina,25758,450,24090,8808083,153342
2020-10-16,Argentina,23720,415,22184,8831803,153757
2020-10-17,Argentina,23264,402,21758,8855067,154159
2020-10-18,Argentina,23960,417,22409,8879027,154576
2020-10-19,Argentina,22300,387,20856,8901327,154963
2020-10-20,Argentina,23329,404,21819,8924656,155367
2020-10-21,Argentina,21874,381,20458,8946530,155748
2020-10-22,Argentina,21779,379,20369,8968309,156127
2020-10-23,Argentina,22550,389,21090,8990859,156516
2020-10-24,Argentina,20559,358,19228,9011418,156874
2020-10-25,Argentina,20141,350,18837,9031559,157224
2020-10-26,Argentina,21467,376,20077,9053026,157600
2020-10-27,Argentina,20879,366,19527,9073905,157966
2020-10-28,Argentina,20786,360,19440,9094691,158326
2020-10-29,Argentina,20652,362,19315,9115343,158688
2020-10-30,Argentina,20086,350,18785,9135429,159038
2020-10-31,Argentina,20342,353,19025,9155771,159391
2020-11-01,Argentina,19551,339,18285,9175322,159730
2020-11-02,Argentina,17247,298,16130,9192569,160028
2020-11-03,Argentina,17242,297,16126,9209811,160325
2020-11-04,Argentina,20417,352,19095,9230228,160677
2020-11-05,Argentina,18349,319,17161,9248577,160996
2020-11-06,Argentina,18941,325,17715,9267518,161321
2020-11-07,Argentina,17510,303,16376,9285028,161624
2020-11-08,Argentina,17509,306,16375,9302537,161930
2020-11-09,Argentina,16913,297,15818,9319450,162227
2020-11-10,Argentina,19162,331,17921,9338612,162558
2020-11-11,Argentina,17026,297,15924,9355638,162855
2020-11-12,Argentina,16131,280,15086,9371769,163135
2020-11-13,Argentina,14991,260,14020,9386760,163395
2020-11-14,Argentina,17707,308,16560,9404467,163703
2020-11-15,Argentina,15764,273,14743,9420231,163976
2020-11-16,Argentina,16263,283,15210,9436494,164259
2020-11-17,Argentina,16134,281,15089,9452628,164540
2020-11-18,Argentina,14915,262,13949,9467543,164802
2020-11-19,Argentina,15582,274,14573,9483125,165076
2020-11-20,Argentina,14436,250,13501,9497561,165326
2020-11-21,Argentina,13977,242,13072,9511538,165568
2020-11-22,Argentina,15381,269,14385,9526919,165837
2020-11-23,Argentina,14254,247,13331,9541173,166084
2020-11-24,Argentina,14579,255,13635,9555752,166339
2020-11-25,Argentina,14350,251,13421,9570102,166590
2020-11-26,Argentina,14364,252,13434,9584466,166842
2020-11-27,Argentina,12712,221,11889,9597178,167063
2020-11-28,Argentina,13261,228,12402,9610439,167291
2020-11-29,Argentina,13326,231,12463,9623765,167522
2020-11-30,Argentina,12879,223,12045,9636644,167745
2020-12-01,Argentina,13627,238,12745,9650271,167983
2020-12-02,Argentina,14040,247,13131,9664311,168230
2020-12-03,Argentina,14060,248,13150,9678371,168478
2020-12-04,Argentina,12880,226,12046,9691251,168704
2020-12-05,Argentina,13233,228,12376,9704484,168932
2020-12-06,Argentina,13282,234,12422,9717766,169166
2020-12-07,Argentina,13354,233,12489,9731120,169399
2020-12-08,Argentina,12353,213,11553,9743473,169612
2020-12-09,Argentina,14077,246,13165,9757550,169858
2020-12-10,Argentina,13489,234,12615,9771039,170092
2020-12-11,Argentina,13506,231,12631,9784545,170323
2020-12-12,Argentina,13679,236,12793,9798224,170559
2020-12-13,Argentina,13269,231,12410,9811493,170790
2020-12-14,Argentina,12290,213,11494,9823783,171003
2020-12-15,Argentina,12909,222,12073,9836692,171225
2020-12-16,Argentina,11975,210,11199,9848667,171435
2020-12-17,Argentina,13392,234,12525,9862059,171669
2020-12-18,Argentina,13084,225,12237,9875143,171894
2020-12-19,Argentina,13257,236,12398,9888400,172130
2020-12-20,Argentina,14190,244,13271,9902590,172374
2020-12-21,Argentina,13186,228,12332,9915776,172602
2020-12-22,Argentina,13445,234,12574,9929221,172836
2020-12-23,Argentina,13766,238,12875,9942987,173074
2020-12-24,Argentina,12616,222,11799,9955603,173296
2020-12-25,Argentina,13867,241,12969,9969470,173537
2020-12-26,Argentina,12453,215,11647,9981923,173752
2020-12-27,Argentina,13982,244,13077,9995905,173996
2020-12-28,Argentina,15223,259,14237,10011128,174255
2020-12-29,Argentina,15134,264,14154,10026262,174519
2020-12-30,Argentina,14572,256,13628,10040834,174775
2020-12-31,Argentina,15280,261,14291,10056114,175036
2021-01-01,Argentina,14656,254,13707,10070770,175290
2021-01-02,Argentina,15741,270,14722,10086511,175560
2021-01-03,Argentina,18356,319,17167,10104867,175879
2021-01-04,Argentina,17789,314,16637,10122656,176193
2021-01-05,Argentina,16617,289,15541,10139273,176482
2021-01-06,Argentina,17010,295,15909,10156283,176777
2021-01-07,Argentina,16345,279,15287,10172628,177056
2021-01-08,Argentina,16811,290,15722,10189439,177346
2021-01-09,Argentina,18174,316,16997,10207613,177662
2021-01-10,Argentina,17722,308,16574,10225335,177970
2021-01-11,Argentina,19401,338,18145,10244736,178308
2021-01-12,Argentina,20421,357,19099,10265157,178665
2021-01-13,Argentina,19640,340,18368,10284797,179005
2021-01-14,Argentina,19815,345,18532,10304612,179350
2021-01-15,Argentina,18430,320,17237,10323042,179670
2021-01-16,Argentina,21311,369,19931,10344353,180039
2021-01-17,Argentina,19773,342,18493,10364126,180381
2021-01-18,Argentina,20968,366,19610,10385094,180747
2021-01-19,Argentina,22920,394,21436,10408014,181141
2021-01-20,Argentina,23485,405,21964,10431499,181546
2021-01-21,Argentina,22277,394,20835,10453776,181940
2021-01-22,Argentina,22820,396,21343,10476596,182336
2021-01-23,Argentina,22961,402,21474,10499557,182738
2021-01-24,Argentina,22845,397,21366,10522402,183135
2021-01-25,Argentina,24032,417,22476,10546434,183552
2021-01-26,Argentina,23302,407,21793,10569736,183959
2021-01-27,Argentina,26772,466,25039,10596508,184425
2021-01-28,Argentina,26958,469,25213,10623466,184894
2021-01-29,Argentina,27751,483,25954,10651217,185377
2021-01-30,Argentina,26245,457,24546,10677462,185834
2021-01-31,Argentina,26456,459,24743,10703918,186293
2021-02-01,Argentina,28801,500,26936,10732719,186793
2021-02-02,Argentina,29413,510,27509,10762132,187303
2021-02-03,Argentina,29701,514,27778,10791833,187817
2021-02-04,Argentina,30091,527,28143,10821924,188344
2021-02-05,Argentina,33819,587,31630,10855743,188931
2021-02-06,Argentina,32457,567,30356,10888200,189498
2021-02-07,Argentina,35610,619,33305,10923810,190117
2021-02-08,Argentina,35155,613,32879,10958965,190730
2021-02-09,Argentina,36577,637,34209,10995542,191367
2021-02-10,Argentina,32513,562,30408,11028055,191929
2021-02-11,Argentina,36060,628,33726,11064115,192557
2021-02-12,Argentina,34917,609,32657,11099032,193166
2021-02-13,Argentina,33335,578,31177,11132367,193744
2021-02-14,Argentina,39810,698,37233,11172177,194442
2021-02-15,Argentina,37167,649,34761,11209344,195091
2021-02-16,Argentina,36381,635,34026,11245725,195726
2021-02-17,Argentina,38288,668,35809,11284013,196394
2021-02-18,Argentina,38209,660,35736,11322222,197054
2021-02-19,Argentina,39087,682,36557,11361309,197736
2021-02-20,Argentina,40737,714,38100,11402046,198450
2021-02-21,Argentina,45525,794,42578,11447571,199244
2021-02-22,Argentina,41183,716,38517,11488754,199960
2021-02-23,Argentina,46905,814,43869,11535659,200774
2021-02-24,Argentina,45888,796,42918,11581547,201570
2021-02-25,Argentina,45615,791,42662,11627162,202361
2021-02-26,Argentina,47139,820,44088,11674301,203181
2021-02-27,Argentina,46180,802,43191,11720481,203983
2021-02-28,Argentina,49872,868,46644,11770353,204851
2021-03-01,Argentina,48915,852,45749,11819268,205703
2021-03-02,Argentina,44253,767,41388,11863521,206470
2021-03-03,Argentina,49703,864,46486,11913224,207334
2021-03-04,Argentina,51628,898,48286,11964852,208232
2021-03-05,Argentina,49652,863,46438,12014504,209095
2021-03-06,Argentina,51399,895,48072,12065903,209990
2021-03-07,Argentina,50182,874,46934,12116085,210864
2021-03-08,Argentina,48843,850,45681,12164928,211714
2021-03-09,Argentina,49020,852,45847,12213948,212566
2021-03-10,Argentina,49682,865,46466,12263630,213431
2021-03-11,Argentina,56317,983,52672,12319947,214414
2021-03-12,Argentina,48289,838,45163,12368236,215252
2021-03-13,Argentina,53959,942,50466,12422195,216194
2021-03-14,Argentina,54310,942,50794,12476505,217136
2021-03-15,Argentina,56312,981,52667,12532817,218117
2021-03-16,Argentina,52393,914,49001,12585210,219031
2021-03-17,Argentina,59564,1034,55708,12644774,220065
2021-03-18,Argentina,55247,963,51671,12700021,221028
2021-03-19,Argentina,62992,1095,58915,12763013,222123
2021-03-20,Argentina,58343,1018,54566,12821356,223141
2021-03-21,Argentina,60515,1050,56598,12881871,224191
2021-03-22,Argentina,61396,1067,57422,12943267,225258
2021-03-23,Argentina,62709,1092,58650,13005976,226350
2021-03-24,Argentina,62625,1092,58571,13068601,227442
2021-03-25,Argentina,61706,1075,57712,13130307,228517
2021-03-26,Argentina,64675,1127,60489,13194982,229644
2021-03-27,Argentina,65597,1141,61351,13260579,230785
2021-03-28,Argentina,62135,1080,58113,13322714,231865
2021-03-29,Argentina,66487,1161,62183,13389201,233026
2021-03-30,Argentina,69485,1211,64987,13458686,234237
2021-03-31,Argentina,68370,1190,63944,13527056,235427
2021-04-01,Argentina,69587,1208,65083,13596643,236635
2021-04-02,Argentina,67494,1178,63125,13664137,237813
2021-04-03,Argentina,64182,1120,60027,13728319,238933
2021-04-04,Argentina,64992,1131,60785,13793311,240064
2021-04-05,Argentina,69209,1204,64729,13862520,241268
2021-04-06,Argentina,71716,1248,67074,13934236,242516
2021-04-07,Argentina,78429,1365,73352,14012665,243881
2021-04-08,Argentina,72567,1265,67870,14085232,245146
2021-04-09,Argentina,65418,1137,61183,14150650,246283
2021-04-10,Argentina,67106,1167,62762,14217756,247450
2021-04-11,Argentina,78048,1359,72996,14295804,248809
2021-04-12,Argentina,69571,1212,65068,14365375,250021
2021-04-13,Argentina,70735,1233,66156,14436110,251254
2021-04-14,Argentina,67391,1174,63029,14503501,252428
2021-04-15,Argentina,76555,1337,71600,14580056,253765
2021-04-16,Argentina,72965,1269,68242,14653021,255034
2021-04-17,Argentina,68586,1197,64146,14721607,256231
2021-04-18,Argentina,67944,1181,63546,14789551,257412
2021-04-19,Argentina,72727,1266,68019,14862278,258678
2021-04-20,Argentina,71893,1253,67239,14934171,259931
2021-04-21,Argentina,74812,1305,69969,15008983,261236
2021-04-22,Argentina,73859,1285,69078,15082842,262521
2021-04-23,Argentina,70990,1237,66395,15153832,263758
2021-04-24,Argentina,70013,1219,65481,15223845,264977
2021-04-25,Argentina,71404,1239,66782,15295249,266216
2021-04-26,Argentina,69987,1219,65457,15365236,267435
2021-04-27,Argentina,71470,1242,66844,15436706,268677
2021-04-28,Argentina,71947,1255,67290,15508653,269932
2021-04-29,Argentina,68592,1197,64152,15577245,271129
2021-04-30,Argentina,73989,1287,69200,15651234,272416
2021-05-01,Argentina,70290,1222,65740,15721524,273638
2021-05-02,Argentina,68477,1191,64044,15790001,274829
2021-05-03,Argentina,70084,1221,65547,15860085,276050
2021-05-04,Argentina,72032,1255,67369,15932117,277305
2021-05-05,Argentina,71276,1248,66662,16003393,278553
2021-05-06,Argentina,72269,1258,67591,16075662,279811
2021-05-07,Argentina,73718,1284,68946,16149380,281095
2021-05-08,Argentina,74892,1308,70044,16224272,282403
2021-05-09,Argentina,71040,1238,66442,16295312,283641
2021-05-10,Argentina,66027,1148,61753,16361339,284789
2021-05-11,Argentina,68523,1194,64088,16429862,285983
2021-05-12,Argentina,65667,1145,61416,16495529,287128
2021-05-13,Argentina,74644,1299,69812,16570173,288427
2021-05-14,Argentina,75256,1312,70385,16645429,289739
2021-05-15,Argentina,70296,1225,65746,16715725,290964
2021-05-16,Argentina,70602,1228,66032,16786327,292192
2021-05-17,Argentina,68137,1190,63727,16854464,293382
2021-05-18,Argentina,68097,1184,63689,16922561,294566
2021-05-19,Argentina,61129,1065,57172,16983690,295631
2021-05-20,Argentina,65743,1144,61487,17049433,296775
2021-05-21,Argentina,62633,1087,58579,17112066,297862
2021-05-22,Argentina,65955,1149,61686,17178021,299011
2021-05-23,Argentina,64353,1124,60187,17242374,300135
2021-05-24,Argentina,70271,1224,65722,17312645,301359
2021-05-25,Argentina,66425,1154,62125,17379070,302513
2021-05-26,Argentina,63874,1113,59739,17442944,303626
2021-05-27,Argentina,61595,1071,57608,17504539,304697
2021-05-28,Argentina,67054,1170,62714,17571593,305867
2021-05-29,Argentina,61203,1065,57241,17632796,306932
2021-05-30,Argentina,61717,1071,57722,17694513,308003
2021-05-31,Argentina,60241,1050,56342,17754754,309053
2021-06-01,Argentina,58305,1016,54531,17813059,310069
2021-06-02,Argentina,58998,1027,55179,17872057,311096
2021-06-03,Argentina,52547,913,49146,17924604,312009
2021-06-04,Argentina,53167,929,49725,17977771,312938
2021-06-05,Argentina,57980,1009,54227,18035751,313947
2021-06-06,Argentina,60749,1060,56817,18096500,315007
2021-06-07,Argentina,56639,985,52973,18153139,315992
2021-06-08,Argentina,53019,924,49587,18206158,316916
2021-06-09,Argentina,50404,878,47141,18256562,317794
2021-06-10,Argentina,55748,971,52139,18312310,318765
2021-06-11,Argentina,51452,894,48121,18363762,319659
2021-06-12,Argentina,53941,940,50449,18417703,320599
2021-06-13,Argentina,52566,918,49163,18470269,321517
2021-06-14,Argentina,52073,905,48702,18522342,322422
2021-06-15,Argentina,50232,873,46980,18572574,323295
2021-06-16,Argentina,50384,883,47123,18622958,324178
2021-06-17,Argentina,48429,841,45294,18671387,325019
2021-06-18,Argentina,46476,808,43467,18717863,325827
2021-06-19,Argentina,45001,786,42088,18762864,326613
2021-06-20,Argentina,41002,717,38348,18803866,327330
2021-06-21,Argentina,45417,786,42477,18849283,328116
2021-06-22,Argentina,48534,847,45392,18897817,328963
2021-06-23,Argentina,45999,800,43021,18943816,329763
2021-06-24,Argentina,44148,768,41290,18987964,330531
2021-06-25,Argentina,41348,722,38671,19029312,331253
2021-06-26,Argentina,44302,771,41434,19073614,332024
2021-06-27,Argentina,41223,717,38554,19114837,332741
2021-06-28,Argentina,43955,765,41110,19158792,333506
2021-06-29,Argentina,38057,662,35593,19196849,334168
2021-06-30,Argentina,37826,659,35377,19234675,334827
2021-07-01,Argentina,36945,646,34553,19271620,335473
2021-07-02,Argentina,35057,611,32788,19306677,336084
2021-07-03,Argentina,35409,616,33117,19342086,336700
2021-07-04,Argentina,36628,639,34257,19378714,337339
2021-07-05,Argentina,34460,601,32229,19413174,337940
2021-07-06,Argentina,28272,493,26442,19441446,338433
2021-07-07,Argentina,36177,628,33835,19477623,339061
2021-07-08,Argentina,30804,537,28810,19508427,339598
2021-07-09,Argentina,33921,586,31725,19542348,340184
2021-07-10,Argentina,32316,566,30224,19574664,340750
2021-07-11,Argentina,34933,611,32672,19609597,341361
2021-07-12,Argentina,32456,567,30355,19642053,341928
2021-07-13,Argentina,29484,516,27575,19671537,342444
2021-07-14,Argentina,28548,497,26700,19700085,342941
2021-07-15,Argentina,31108,540,29094,19731193,343481
2021-07-16,Argentina,26196,453,24500,19757389,343934
2021-07-17,Argentina,27908,488,26101,19785297,344422
2021-07-18,Argentina,26833,465,25096,19812130,344887
2021-07-19,Argentina,25931,450,24252,19838061,345337
2021-07-20,Argentina,26220,457,24522,19864281,345794
2021-07-21,Argentina,25391,442,23747,19889672,346236
2021-07-22,Argentina,25111,437,23485,19914783,346673
2021-07-23,Argentina,24119,416,22557,19938902,347089
2021-07-24,Argentina,23853,415,22309,19962755,347504
2021-07-25,Argentina,22891,400,21409,19985646,347904
2021-07-26,Argentina,21480,373,20089,20007126,348277
2021-07-27,Argentina,21653,375,20251,20028779,348652
2021-07-28,Argentina,20340,356,19023,20049119,349008
2021-07-29,Argentina,19745,343,18467,20068864,349351
2021-07-30,Argentina,19673,343,18399,20088537,349694
2021-07-31,Argentina,19364,336,18110,20107901,350030
2021-08-01,Argentina,18993,330,17763,20126894,350360
2021-08-02,Argentina,19294,339,18045,20146188,350699
2021-08-03,Argentina,17497,305,16364,20163685,351004
2021-08-04,Argentina,17623,304,16482,20181308,351308
2021-08-05,Argentina,17066,296,15961,20198374,351604
2021-08-06,Argentina,15987,277,14952,20214361,351881
2021-08-07,Argentina,16081,280,15040,20230442,352161
2021-08-08,Argentina,16345,286,15287,20246787,352447
2021-08-09,Argentina,15256,265,14268,20262043,352712
2021-08-10,Argentina,14840,258,13879,20276883,352970
2021-08-11,Argentina,13739,234,12849,20290622,353204
2021-08-12,Argentina,15182,267,14199,20305804,353471
2021-08-13,Argentina,12970,225,12130,20318774,353696
2021-08-14,Argentina,11914,208,11142,20330688,353904
2021-08-15,Argentina,13146,229,12295,20343834,354133
2021-08-16,Argentina,12145,210,11358,20355979,354343
2021-08-17,Argentina,11657,202,10902,20367636,354545
2021-08-18,Argentina,11153,192,10431,20378789,354737
2021-08-19,Argentina,12145,214,11358,20390934,354951
2021-08-20,Argentina,10941,186,10232,20401875,355137
2021-08-21,Argentina,10692,184,9999,20412567,355321
2021-08-22,Argentina,10150,176,9493,20422717,355497
2021-08-23,Argentina,9871,174,9232,20432588,355671
2021-08-24,Argentina,10079,176,9426,20442667,355847
2021-08-25,Argentina,8992,153,8410,20451659,356000
2021-08-26,Argentina,8159,141,7630,20459818,356141
2021-08-27,Argentina,8875,156,8300,20468693,356297
2021-08-28,Argentina,8420,151,7875,20477113,356448
2021-08-29,Argentina,7977,138,7460,20485090,356586
2021-08-30,Argentina,7841,134,7333,20492931,356720
2021-08-31,Argentina,7256,127,6786,20500187,356847
2021-09-01,Argentina,7142,124,6679,20507329,356971
2021-09-02,Argentina,6837,120,6394,20514166,357091
2021-09-03,Argentina,6440,113,6023,20520606,357204
2021-09-04,Argentina,6781,118,6342,20527387,357322
2021-09-05,Argentina,5731,100,5360,20533118,357422
2021-09-06,Argentina,6647,119,6216,20539765,357541
2021-09-07,Argentina,5977,103,5590,20545742,357644
2021-09-08,Argentina,5022,85,4696,20550764,357729
2021-09-09,Argentina,5249,92,4909,20556013,357821
2021-09-10,Argentina,5066,85,4738,20561079,357906
2021-09-11,Argentina,5014,85,4689,20566093,357991
2021-09-12,Argentina,4495,76,4204,20570588,358067
2021-09-13,Argentina,4556,76,4261,20575144,358143
2021-09-14,Argentina,4347,78,4065,20579491,358221
2021-09-15,Argentina,4048,70,3786,20583539,358291
2021-09-16,Argentina,3861,68,3611,20587400,358359
2021-09-17,Argentina,4060,71,3797,20591460,358430
2021-09-18,Argentina,3409,58,3188,20594869,358488
2021-09-19,Argentina,3664,65,3426,20598533,358553
2021-09-20,Argentina,3572,61,3340,20602105,358614
2021-09-21,Argentina,3259,56,3048,20605364,358670
2021-09-22,Argentina,3170,53,2964,20608534,358723
2021-09-23,Argentina,3210,58,3002,20611744,358781
2021-09-24,Argentina,2804,48,2622,20614548,358829
2021-09-25,Argentina,2702,48,2527,20617250,358877
2021-09-26,Argentina,2604,44,2435,20619854,358921
2021-09-27,Argentina,2708,48,2532,20622562,358969
2021-09-28,Argentina,2609,46,2440,20625171,359015
2021-09-29,Argentina,2180,34,2038,20627351,359049
2021-09-30,Argentina,2359,41,2206,20629710,359090
2021-10-01,Argentina,2237,39,2092,20631947,359129
2021-10-02,Argentina,2217,38,2073,20634164,359167
2021-10-03,Argentina,2004,37,1874,20636168,359204
2021-10-04,Argentina,1875,30,1753,20638043,359234
2021-10-05,Argentina,1901,32,1777,20639944,359266
2021-10-06,Argentina,1777,29,1661,20641721,359295
2021-10-07,Argentina,1826,33,1707,20643547,359328
2021-10-08,Argentina,1642,26,1535,20645189,359354
2021-10-09,Argentina,1507,22,1409,20646696,359376
2021-10-10,Argentina,1342,24,1255,20648038,359400
2021-10-11,Argentina,1322,22,1236,20649360,359422
2021-10-12,Argentina,1205,23,1127,20650565,359445
2021-10-13,Argentina,1226,22,1146,20651791,359467
2021-10-14,Argentina,1237,21,1156,20653028,359488
2021-10-15,Argentina,1126,16,1053,20654154,359504
2021-10-16,Argentina,1129,17,1055,20655283,359521
2021-10-17,Argentina,1040,14,972,20656323,359535
2021-10-18,Argentina,954,16,892,20657277,359551
2021-10-19,Argentina,931,14,870,20658208,359565
2021-10-20,Argentina,904,15,845,20659112,359580
2021-10-21,Argentina,846,15,791,20659958,359595
2021-10-22,Argentina,805,17,752,20660763,359612
2021-10-23,Argentina,730,13,682,20661493,359625
2021-10-24,Argentina,706,12,660,20662199,359637
2021-10-25,Argentina,767,10,717,20662966,359647
2021-10-26,Argentina,694,12,649,20663660,359659
2021-10-27,Argentina,573,11,535,20664233,359670
2021-10-28,Argentina,517,9,483,20664750,359679
2021-10-29,Argentina,561,7,524,20665311,359686
2021-10-30,Argentina,555,8,519,20665866,359694
2021-10-31,Argentina,490,8,458,20666356,359702
2021-11-01,Argentina,503,7,470,20666859,359709
2021-11-02,Argentina,454,6,424,20667313,359715
2021-11-03,Argentina,426,3,398,20667739,359718
2021-11-04,Argentina,423,5,395,20668162,359723
2021-11-05,Argentina,375,7,350,20668537,359730
2021-11-06,Argentina,360,8,336,20668897,359738
2021-11-07,Argentina,358,6,334,20669255,359744
2021-11-08,Argentina,327,7,305,20669582,359751
2021-11-09,Argentina,342,5,319,20669924,359756
2021-11-10,Argentina,304,3,284,20670228,359759
2021-11-11,Argentina,287,4,268,20670515,359763
2021-11-12,Argentina,262,5,245,20670777,359768
2021-11-13,Argentina,260,3,243,20671037,359771
2021-11-14,Argentina,231,2,216,20671268,359773
2021-11-15,Argentina,225,0,210,20671493,359773
2021-11-16,Argentina,199,1,186,20671692,359774
2021-11-17,Argentina,209,2,195,20671901,359776
2021-11-18,Argentina,190,2,177,20672091,359778
2021-11-19,Argentina,196,1,183,20672287,359779
2021-11-20,Argentina,189,6,176,20672476,359785
2021-11-21,Argentina,164,4,153,20672640,359789
2021-11-22,Argentina,149,6,139,20672789,359795
2021-11-23,Argentina,132,0,123,20672921,359795
2021-11-24,Argentina,138,3,129,20673059,359798
2021-11-25,Argentina,125,1,116,20673184,359799
2021-11-26,Argentina,120,2,112,20673304,359801
2021-11-27,Argentina,121,5,113,20673425,359806
2021-11-28,Argentina,98,0,91,20673523,359806
2021-11-29,Argentina,92,0,86,20673615,359806
2021-11-30,Argentina,90,0,84,20673705,359806
2021-12-01,Argentina,91,0,85,20673796,359806
2021-12-02,Argentina,84,0,78,20673880,359806
2021-12-03,Argentina,72,3,67,20673952,359809
2021-12-04,Argentina,75,3,70,20674027,359812
2021-12-05,Argentina,62,2,57,20674089,359814
2021-12-06,Argentina,60,0,56,20674149,359814
2021-12-07,Argentina,59,1,55,20674208,359815
2021-12-08,Argentina,53,2,49,20674261,359817
2021-12-09,Argentina,55,1,51,20674316,359818
2021-12-10,Argentina,50,0,46,20674366,359818
2021-12-11,Argentina,52,3,48,20674418,359821
2021-12-12,Argentina,42,0,39,20674460,359821
2021-12-13,Argentina,40,0,37,20674500,359821
2021-12-14,Argentina,41,1,38,20674541,359822
2021-12-15,Argentina,35,1,32,20674576,359823
2021-12-16,Argentina,37,1,34,20674613,359824
2021-12-17,Argentina,32,1,29,20674645,359825
2021-12-18,Argentina,23,1,21,20674668,359826
2021-12-19,Argentina,30,0,28,20674698,359826
2021-12-20,Argentina,27,0,25,20674725,359826
2021-12-21,Argentina,26,0,24,20674751,359826
2021-12-22,Argentina,18,3,16,20674769,359829
2021-12-23,Argentina,19,0,17,20674788,359829
2021-12-24,Argentina,18,1,16,20674806,359830
2021-12-25,Argentina,16,0,14,20674822,359830
2021-12-26,Argentina,20,4,18,20674842,359834
2021-12-27,Argentina,16,0,14,20674858,359834
2021-12-28,Argentina,14,1,13,20674872,359835
2021-12-29,Argentina,14,0,13,20674886,359835
2021-12-30,Argentina,14,0,13,20674900,359835
2020-01-01,Turkey,38372,401,34621,38372,401
2020-01-02,Turkey,37597,391,33922,75969,792
2020-01-03,Turkey,39626,412,35752,115595,1204
2020-01-04,Turkey,36340,376,32787,151935,1580
2020-01-05,Turkey,37710,391,34023,189645,1971
2020-01-06,Turkey,36558,381,32984,226203,2352
2020-01-07,Turkey,37822,387,34125,264025,2739
2020-01-08,Turkey,37907,393,34201,301932,3132
2020-01-09,Turkey,37698,390,34013,339630,3522
2020-01-10,Turkey,43713,452,39440,383343,3974
2020-01-11,Turkey,37154,387,33522,420497,4361
2020-01-12,Turkey,44956,464,40561,465453,4825
2020-01-13,Turkey,45302,473,40873,510755,5298
2020-01-14,Turkey,44292,462,39962,555047,5760
2020-01-15,Turkey,41335,432,37294,596382,6192
2020-01-16,Turkey,40825,423,36834,637207,6615
2020-01-17,Turkey,43655,454,39387,680862,7069
2020-01-18,Turkey,46855,489,42275,727717,7558
2020-01-19,Turkey,45983,478,41488,773700,8036
2020-01-20,Turkey,44083,457,39774,817783,8493
2020-01-21,Turkey,49741,517,44878,867524,9010
2020-01-22,Turkey,51568,536,46527,919092,9546
2020-01-23,Turkey,47530,492,42884,966622,10038
2020-01-24,Turkey,48846,503,44071,1015468,10541
2020-01-25,Turkey,45374,470,40938,1060842,11011
2020-01-26,Turkey,48540,500,43795,1109382,11511
2020-01-27,Turkey,51326,532,46309,1160708,12043
2020-01-28,Turkey,51416,537,46390,1212124,12580
2020-01-29,Turkey,49687,513,44830,1261811,13093
2020-01-30,Turkey,50728,528,45769,1312539,13621
2020-01-31,Turkey,50714,530,45756,1363253,14151
2020-02-01,Turkey,51577,533,46535,1414830,14684
2020-02-02,Turkey,53842,563,48579,1468672,15247
2020-02-03,Turkey,47906,498,43223,1516578,15745
2020-02-04,Turkey,53334,557,48120,1569912,16302
2020-02-05,Turkey,54863,571,49500,1624775,16873
2020-02-06,Turkey,52743,547,47587,1677518,17420
2020-02-07,Turkey,53344,549,48129,1730862,17969
2020-02-08,Turkey,53764,557,48508,1784626,18526
2020-02-09,Turkey,54014,563,48734,1838640,19089
2020-02-10,Turkey,55679,582,50236,1894319,19671
2020-02-11,Turkey,56334,583,50827,1950653,20254
2020-02-12,Turkey,50357,523,45434,2001010,20777
2020-02-13,Turkey,58398,606,52689,2059408,21383
2020-02-14,Turkey,55996,583,50522,2115404,21966
2020-02-15,Turkey,62593,651,56474,2177997,22617
2020-02-16,Turkey,53899,560,48630,2231896,23177
2020-02-17,Turkey,55044,574,49663,2286940,23751
2020-02-18,Turkey,57166,593,51578,2344106,24344
2020-02-19,Turkey,59146,615,53364,2403252,24959
2020-02-20,Turkey,52458,547,47330,2455710,25506
2020-02-21,Turkey,55878,580,50416,2511588,26086
2020-02-22,Turkey,60176,625,54294,2571764,26711
2020-02-23,Turkey,55805,579,50350,2627569,27290
2020-02-24,Turkey,62727,653,56595,2690296,27943
2020-02-25,Turkey,57475,598,51857,2747771,28541
2020-02-26,Turkey,56251,584,50752,2804022,29125
2020-02-27,Turkey,60775,633,54834,2864797,29758
2020-02-28,Turkey,63782,658,57547,2928579,30416
2020-02-29,Turkey,60309,629,54414,2988888,31045
2020-03-01,Turkey,62834,655,56692,3051722,31700
2020-03-02,Turkey,64078,665,57814,3115800,32365
2020-03-03,Turkey,56393,585,50880,3172193,32950
2020-03-04,Turkey,61875,643,55826,3234068,33593
2020-03-05,Turkey,54568,566,49234,3288636,34159
2020-03-06,Turkey,60275,625,54383,3348911,34784
2020-03-07,Turkey,58748,612,53005,3407659,35396
2020-03-08,Turkey,62541,652,56427,3470200,36048
2020-03-09,Turkey,62235,648,56151,3532435,36696
2020-03-10,Turkey,60354,633,54454,3592789,37329
2020-03-11,Turkey,59434,621,53624,3652223,37950
2020-03-12,Turkey,59910,624,54054,3712133,38574
2020-03-13,Turkey,58454,609,52740,3770587,39183
2020-03-14,Turkey,57933,603,52270,3828520,39786
2020-03-15,Turkey,62113,647,56041,3890633,40433
2020-03-16,Turkey,62256,648,56170,3952889,41081
2020-03-17,Turkey,57130,596,51545,4010019,41677
2020-03-18,Turkey,58002,603,52332,4068021,42280
2020-03-19,Turkey,57324,595,51720,4125345,42875
2020-03-20,Turkey,52266,546,47157,4177611,43421
2020-03-21,Turkey,55641,578,50202,4233252,43999
2020-03-22,Turkey,60834,631,54887,4294086,44630
2020-03-23,Turkey,53947,559,48673,4348033,45189
2020-03-24,Turkey,61658,643,55631,4409691,45832
2020-03-25,Turkey,58711,616,52972,4468402,46448
2020-03-26,Turkey,56257,583,50758,4524659,47031
2020-03-27,Turkey,56366,587,50856,4581025,47618
2020-03-28,Turkey,51997,541,46914,4633022,48159
2020-03-29,Turkey,53438,558,48214,4686460,48717
2020-03-30,Turkey,57686,601,52047,4744146,49318
2020-03-31,Turkey,51806,541,46742,4795952,49859
2020-04-01,Turkey,55899,582,50435,4851851,50441
2020-04-02,Turkey,49077,509,44279,4900928,50950
2020-04-03,Turkey,49189,510,44380,4950117,51460
2020-04-04,Turkey,56875,592,51315,5006992,52052
2020-04-05,Turkey,51509,536,46474,5058501,52588
2020-04-06,Turkey,49759,517,44895,5108260,53105
2020-04-07,Turkey,54186,567,48889,5162446,53672
2020-04-08,Turkey,53450,558,48225,5215896,54230
2020-04-09,Turkey,52194,539,47092,5268090,54769
2020-04-10,Turkey,48062,499,43364,5316152,55268
2020-04-11,Turkey,48340,501,43614,5364492,55769
2020-04-12,Turkey,49370,517,44544,5413862,56286
2020-04-13,Turkey,49851,514,44978,5463713,56800
2020-04-14,Turkey,46526,485,41978,5510239,57285
2020-04-15,Turkey,47704,496,43041,5557943,57781
2020-04-16,Turkey,47484,495,42842,5605427,58276
2020-04-17,Turkey,49401,514,44572,5654828,58790
2020-04-18,Turkey,47704,500,43041,5702532,59290
2020-04-19,Turkey,42092,439,37977,5744624,59729
2020-04-20,Turkey,44596,460,40236,5789220,60189
2020-04-21,Turkey,42558,445,38398,5831778,60634
2020-04-22,Turkey,45442,473,41000,5877220,61107
2020-04-23,Turkey,45763,479,41289,5922983,61586
2020-04-24,Turkey,43520,452,39266,5966503,62038
2020-04-25,Turkey,42284,437,38150,6008787,62475
2020-04-26,Turkey,42568,440,38407,6051355,62915
2020-04-27,Turkey,42424,443,38277,6093779,63358
2020-04-28,Turkey,40222,420,36290,6134001,63778
2020-04-29,Turkey,38616,400,34841,6172617,64178
2020-04-30,Turkey,36524,374,32953,6209141,64552
2020-05-01,Turkey,42830,447,38643,6251971,64999
2020-05-02,Turkey,40851,421,36857,6292822,65420
2020-05-03,Turkey,40165,422,36239,6332987,65842
2020-05-04,Turkey,41514,429,37456,6374501,66271
2020-05-05,Turkey,36216,376,32676,6410717,66647
2020-05-06,Turkey,34928,363,31513,6445645,67010
2020-05-07,Turkey,38588,402,34816,6484233,67412
2020-05-08,Turkey,38029,396,34311,6522262,67808
2020-05-09,Turkey,33891,352,30578,6556153,68160
2020-05-10,Turkey,37399,388,33743,6593552,68548
2020-05-11,Turkey,35650,370,32165,6629202,68918
2020-05-12,Turkey,34572,358,31192,6663774,69276
2020-05-13,Turkey,35088,365,31658,6698862,69641
2020-05-14,Turkey,31031,319,27997,6729893,69960
2020-05-15,Turkey,33986,354,30663,6763879,70314
2020-05-16,Turkey,33482,348,30209,6797361,70662
2020-05-17,Turkey,35355,369,31899,6832716,71031
2020-05-18,Turkey,33827,351,30520,6866543,71382
2020-05-19,Turkey,34888,364,31477,6901431,71746
2020-05-20,Turkey,29251,305,26391,6930682,72051
2020-05-21,Turkey,31861,331,28746,6962543,72382
2020-05-22,Turkey,33915,353,30599,6996458,72735
2020-05-23,Turkey,32241,332,29089,7028699,73067
2020-05-24,Turkey,33883,355,30571,7062582,73422
2020-05-25,Turkey,29364,304,26493,7091946,73726
2020-05-26,Turkey,33233,345,29984,7125179,74071
2020-05-27,Turkey,30833,318,27819,7156012,74389
2020-05-28,Turkey,30489,315,27508,7186501,74704
2020-05-29,Turkey,33028,347,29799,7219529,75051
2020-05-30,Turkey,33111,344,29874,7252640,75395
2020-05-31,Turkey,32739,340,29538,7285379,75735
2020-06-01,Turkey,34132,354,30795,7319511,76089
2020-06-02,Turkey,32784,341,29579,7352295,76430
2020-06-03,Turkey,29476,308,26594,7381771,76738
2020-06-04,Turkey,30793,320,27783,7412564,77058
2020-06-05,Turkey,29917,311,26992,7442481,77369
2020-06-06,Turkey,33449,346,30179,7475930,77715
2020-06-07,Turkey,31952,331,28828,7507882,78046
2020-06-08,Turkey,29914,311,26990,7537796,78357
2020-06-09,Turkey,31456,327,28381,7569252,78684
2020-06-10,Turkey,28221,292,25462,7597473,78976
2020-06-11,Turkey,30405,315,27433,7627878,79291
2020-06-12,Turkey,28586,298,25791,7656464,79589
2020-06-13,Turkey,27436,286,24754,7683900,79875
2020-06-14,Turkey,31128,325,28085,7715028,80200
2020-06-15,Turkey,31308,326,28247,7746336,80526
2020-06-16,Turkey,30635,314,27640,7776971,80840
2020-06-17,Turkey,29690,313,26787,7806661,81153
2020-06-18,Turkey,28087,292,25341,7834748,81445
2020-06-19,Turkey,28276,293,25512,7863024,81738
2020-06-20,Turkey,28604,297,25808,7891628,82035
2020-06-21,Turkey,29760,308,26851,7921388,82343
2020-06-22,Turkey,31796,329,28688,7953184,82672
2020-06-23,Turkey,31843,332,28730,7985027,83004
2020-06-24,Turkey,27814,289,25095,8012841,83293
2020-06-25,Turkey,29344,305,26475,8042185,83598
2020-06-26,Turkey,29391,300,26518,8071576,83898
2020-06-27,Turkey,26714,277,24102,8098290,84175
2020-06-28,Turkey,31565,326,28479,8129855,84501
2020-06-29,Turkey,30429,315,27454,8160284,84816
2020-06-30,Turkey,30753,320,27747,8191037,85136
2020-07-01,Turkey,33145,343,29905,8224182,85479
2020-07-02,Turkey,31323,325,28261,8255505,85804
2020-07-03,Turkey,30648,319,27652,8286153,86123
2020-07-04,Turkey,32367,335,29203,8318520,86458
2020-07-05,Turkey,33290,344,30036,8351810,86802
2020-07-06,Turkey,32239,332,29087,8384049,87134
2020-07-07,Turkey,33026,344,29797,8417075,87478
2020-07-08,Turkey,31854,330,28740,8448929,87808
2020-07-09,Turkey,32121,330,28981,8481050,88138
2020-07-10,Turkey,32605,341,29417,8513655,88479
2020-07-11,Turkey,31366,327,28300,8545021,88806
2020-07-12,Turkey,31838,328,28725,8576859,89134
2020-07-13,Turkey,35218,365,31775,8612077,89499
2020-07-14,Turkey,36454,381,32890,8648531,89880
2020-07-15,Turkey,35961,373,32445,8684492,90253
2020-07-16,Turkey,31274,324,28217,8715766,90577
2020-07-17,Turkey,31283,327,28225,8747049,90904
2020-07-18,Turkey,31843,331,28730,8778892,91235
2020-07-19,Turkey,34274,359,30923,8813166,91594
2020-07-20,Turkey,29421,305,26545,8842587,91899
2020-07-21,Turkey,33403,346,30137,8875990,92245
2020-07-22,Turkey,37037,385,33416,8913027,92630
2020-07-23,Turkey,36495,381,32927,8949522,93011
2020-07-24,Turkey,34077,355,30746,8983599,93366
2020-07-25,Turkey,34386,358,31024,9017985,93724
2020-07-26,Turkey,36330,376,32778,9054315,94100
2020-07-27,Turkey,37166,384,33533,9091481,94484
2020-07-28,Turkey,34727,363,31332,9126208,94847
2020-07-29,Turkey,35430,370,31966,9161638,95217
2020-07-30,Turkey,34999,366,31577,9196637,95583
2020-07-31,Turkey,33774,353,30472,9230411,95936
2020-08-01,Turkey,35946,374,32432,9266357,96310
2020-08-02,Turkey,35962,375,32446,9302319,96685
2020-08-03,Turkey,34343,357,30986,9336662,97042
2020-08-04,Turkey,37993,396,34279,9374655,97438
2020-08-05,Turkey,37840,393,34141,9412495,97831
2020-08-06,Turkey,38375,400,34623,9450870,98231
2020-08-07,Turkey,35787,374,32288,9486657,98605
2020-08-08,Turkey,33639,347,30350,9520296,98952
2020-08-09,Turkey,38341,401,34593,9558637,99353
2020-08-10,Turkey,36332,377,32780,9594969,99730
2020-08-11,Turkey,36010,377,32490,9630979,100107
2020-08-12,Turkey,35414,371,31952,9666393,100478
2020-08-13,Turkey,37364,386,33711,9703757,100864
2020-08-14,Turkey,40971,426,36966,9744728,101290
2020-08-15,Turkey,37093,382,33467,9781821,101672
2020-08-16,Turkey,36050,374,32526,9817871,102046
2020-08-17,Turkey,39440,411,35584,9857311,102457
2020-08-18,Turkey,38583,403,34811,9895894,102860
2020-08-19,Turkey,34242,356,30894,9930136,103216
2020-08-20,Turkey,39615,413,35742,9969751,103629
2020-08-21,Turkey,42465,440,38314,10012216,104069
2020-08-22,Turkey,33408,347,30142,10045624,104416
2020-08-23,Turkey,36046,373,32522,10081670,104789
2020-08-24,Turkey,32954,343,29732,10114624,105132
2020-08-25,Turkey,38285,401,34542,10152909,105533
2020-08-26,Turkey,40325,419,36383,10193234,105952
2020-08-27,Turkey,38606,399,34832,10231840,106351
2020-08-28,Turkey,41050,427,37037,10272890,106778
2020-08-29,Turkey,39935,417,36031,10312825,107195
2020-08-30,Turkey,41559,430,37496,10354384,107625
2020-08-31,Turkey,40464,423,36508,10394848,108048
2020-09-01,Turkey,37413,388,33756,10432261,108436
2020-09-02,Turkey,38238,396,34500,10470499,108832
2020-09-03,Turkey,36378,375,32822,10506877,109207
2020-09-04,Turkey,37504,390,33838,10544381,109597
2020-09-05,Turkey,37961,398,34250,10582342,109995
2020-09-06,Turkey,37576,391,33903,10619918,110386
2020-09-07,Turkey,40146,416,36221,10660064,110802
2020-09-08,Turkey,36876,384,33271,10696940,111186
2020-09-09,Turkey,35619,372,32137,10732559,111558
2020-09-10,Turkey,35600,372,32120,10768159,111930
2020-09-11,Turkey,38282,395,34540,10806441,112325
2020-09-12,Turkey,34317,360,30962,10840758,112685
2020-09-13,Turkey,36370,378,32814,10877128,113063
2020-09-14,Turkey,38991,409,35179,10916119,113472
2020-09-15,Turkey,36911,384,33303,10953030,113856
2020-09-16,Turkey,36050,376,32526,10989080,114232
2020-09-17,Turkey,35920,371,32408,11025000,114603
2020-09-18,Turkey,33933,355,30616,11058933,114958
2020-09-19,Turkey,34035,352,30708,11092968,115310
2020-09-20,Turkey,34990,364,31569,11127958,115674
2020-09-21,Turkey,35581,369,32103,11163539,116043
2020-09-22,Turkey,36520,379,32950,11200059,116422
2020-09-23,Turkey,34781,364,31381,11234840,116786
2020-09-24,Turkey,36694,381,33107,11271534,117167
2020-09-25,Turkey,36848,385,33246,11308382,117552
2020-09-26,Turkey,35190,365,31750,11343572,117917
2020-09-27,Turkey,35630,371,32147,11379202,118288
2020-09-28,Turkey,31645,333,28551,11410847,118621
2020-09-29,Turkey,31114,324,28072,11441961,118945
2020-09-30,Turkey,33571,349,30289,11475532,119294
2020-10-01,Turkey,30253,315,27295,11505785,119609
2020-10-02,Turkey,31663,328,28568,11537448,119937
2020-10-03,Turkey,33054,341,29823,11570502,120278
2020-10-04,Turkey,33746,355,30447,11604248,120633
2020-10-05,Turkey,30808,319,27796,11635056,120952
2020-10-06,Turkey,29883,307,26962,11664939,121259
2020-10-07,Turkey,31057,322,28021,11695996,121581
2020-10-08,Turkey,28618,298,25820,11724614,121879
2020-10-09,Turkey,29656,308,26757,11754270,122187
2020-10-10,Turkey,29573,307,26682,11783843,122494
2020-10-11,Turkey,29210,303,26354,11813053,122797
2020-10-12,Turkey,29043,303,26204,11842096,123100
2020-10-13,Turkey,27384,286,24707,11869480,123386
2020-10-14,Turkey,27210,282,24550,11896690,123668
2020-10-15,Turkey,26853,284,24228,11923543,123952
2020-10-16,Turkey,25320,265,22845,11948863,124217
2020-10-17,Turkey,27675,288,24969,11976538,124505
2020-10-18,Turkey,28067,289,25323,12004605,124794
2020-10-19,Turkey,27576,287,24880,12032181,125081
2020-10-20,Turkey,25830,270,23305,12058011,125351
2020-10-21,Turkey,24781,259,22358,12082792,125610
2020-10-22,Turkey,26433,271,23849,12109225,125881
2020-10-23,Turkey,25943,270,23407,12135168,126151
2020-10-24,Turkey,25066,259,22615,12160234,126410
2020-10-25,Turkey,26589,279,23990,12186823,126689
2020-10-26,Turkey,24082,250,21728,12210905,126939
2020-10-27,Turkey,23469,239,21174,12234374,127178
2020-10-28,Turkey,22969,239,20723,12257343,127417
2020-10-29,Turkey,21299,217,19217,12278642,127634
2020-10-30,Turkey,23525,245,21225,12302167,127879
2020-10-31,Turkey,22324,237,20141,12324491,128116
2020-11-01,Turkey,22681,238,20464,12347172,128354
2020-11-02,Turkey,23803,248,21476,12370975,128602
2020-11-03,Turkey,21055,217,18996,12392030,128819
2020-11-04,Turkey,18685,197,16858,12410715,129016
2020-11-05,Turkey,21352,223,19264,12432067,129239
2020-11-06,Turkey,20716,215,18691,12452783,129454
2020-11-07,Turkey,19501,201,17594,12472284,129655
2020-11-08,Turkey,20344,209,18355,12492628,129864
2020-11-09,Turkey,20430,213,18433,12513058,130077
2020-11-10,Turkey,18454,191,16650,12531512,130268
2020-11-11,Turkey,18804,196,16965,12550316,130464
2020-11-12,Turkey,20210,212,18234,12570526,130676
2020-11-13,Turkey,17882,185,16134,12588408,130861
2020-11-14,Turkey,18352,192,16558,12606760,131053
2020-11-15,Turkey,15668,165,14136,12622428,131218
2020-11-16,Turkey,16471,172,14861,12638899,131390
2020-11-17,Turkey,17690,185,15960,12656589,131575
2020-11-18,Turkey,18384,192,16587,12674973,131767
2020-11-19,Turkey,15930,165,14372,12690903,131932
2020-11-20,Turkey,16942,177,15285,12707845,132109
2020-11-21,Turkey,16357,173,14758,12724202,132282
2020-11-22,Turkey,17257,181,15570,12741459,132463
2020-11-23,Turkey,15287,158,13792,12756746,132621
2020-11-24,Turkey,16444,170,14836,12773190,132791
2020-11-25,Turkey,15403,160,13897,12788593,132951
2020-11-26,Turkey,15936,167,14378,12804529,133118
2020-11-27,Turkey,15659,161,14128,12820188,133279
2020-11-28,Turkey,15265,156,13772,12835453,133435
2020-11-29,Turkey,15691,164,14157,12851144,133599
2020-11-30,Turkey,15232,158,13743,12866376,133757
2020-12-01,Turkey,14983,158,13518,12881359,133915
2020-12-02,Turkey,14711,148,13273,12896070,134063
2020-12-03,Turkey,14942,155,13481,12911012,134218
2020-12-04,Turkey,14965,154,13502,12925977,134372
2020-12-05,Turkey,13998,147,12629,12939975,134519
2020-12-06,Turkey,14409,149,13000,12954384,134668
2020-12-07,Turkey,13842,142,12488,12968226,134810
2020-12-08,Turkey,14546,153,13124,12982772,134963
2020-12-09,Turkey,14115,149,12735,12996887,135112
2020-12-10,Turkey,15091,156,13615,13011978,135268
2020-12-11,Turkey,15015,156,13547,13026993,135424
2020-12-12,Turkey,13861,146,12506,13040854,135570
2020-12-13,Turkey,14550,153,13127,13055404,135723
2020-12-14,Turkey,15049,158,13578,13070453,135881
2020-12-15,Turkey,14498,150,13080,13084951,136031
2020-12-16,Turkey,14146,145,12763,13099097,136176
2020-12-17,Turkey,13943,148,12580,13113040,136324
2020-12-18,Turkey,15465,162,13953,13128505,136486
2020-12-19,Turkey,15599,160,14074,13144104,136646
2020-12-20,Turkey,14874,154,13420,13158978,136800
2020-12-21,Turkey,15731,163,14193,13174709,136963
2020-12-22,Turkey,13013,135,11741,13187722,137098
2020-12-23,Turkey,16452,170,14843,13204174,137268
2020-12-24,Turkey,15463,163,13951,13219637,137431
2020-12-25,Turkey,15868,166,14316,13235505,137597
2020-12-26,Turkey,15685,167,14151,13251190,137764
2020-12-27,Turkey,17267,182,15579,13268457,137946
2020-12-28,Turkey,15482,161,13968,13283939,138107
2020-12-29,Turkey,17798,188,16058,13301737,138295
2020-12-30,Turkey,17146,179,15470,13318883,138474
2020-12-31,Turkey,17596,187,15876,13336479,138661
2021-01-01,Turkey,17043,176,15377,13353522,138837
2021-01-02,Turkey,16454,172,14845,13369976,139009
2021-01-03,Turkey,18733,193,16901,13388709,139202
2021-01-04,Turkey,18489,191,16681,13407198,139393
2021-01-05,Turkey,19786,205,17851,13426984,139598
2021-01-06,Turkey,18673,196,16847,13445657,139794
2021-01-07,Turkey,18799,196,16961,13464456,139990
2021-01-08,Turkey,20920,212,18875,13485376,140202
2021-01-09,Turkey,21841,227,19706,13507217,140429
2021-01-10,Turkey,20329,209,18341,13527546,140638
2021-01-11,Turkey,19939,206,17990,13547485,140844
2021-01-12,Turkey,21989,231,19839,13569474,141075
2021-01-13,Turkey,21284,218,19203,13590758,141293
2021-01-14,Turkey,22656,233,20441,13613414,141526
2021-01-15,Turkey,22157,227,19991,13635571,141753
2021-01-16,Turkey,24707,256,22291,13660278,142009
2021-01-17,Turkey,22572,231,20365,13682850,142240
2021-01-18,Turkey,24456,251,22065,13707306,142491
2021-01-19,Turkey,23788,247,21462,13731094,142738
2021-01-20,Turkey,24549,256,22149,13755643,142994
2021-01-21,Turkey,24903,257,22468,13780546,143251
2021-01-22,Turkey,26927,280,24294,13807473,143531
2021-01-23,Turkey,27738,288,25026,13835211,143819
2021-01-24,Turkey,27839,290,25117,13863050,144109
2021-01-25,Turkey,27509,284,24820,13890559,144393
2021-01-26,Turkey,28443,299,25662,13919002,144692
2021-01-27,Turkey,30138,311,27192,13949140,145003
2021-01-28,Turkey,30821,319,27808,13979961,145322
2021-01-29,Turkey,26024,271,23480,14005985,145593
2021-01-30,Turkey,30284,315,27323,14036269,145908
2021-01-31,Turkey,30991,324,27961,14067260,146232
2021-02-01,Turkey,33065,343,29833,14100325,146575
2021-02-02,Turkey,32545,336,29363,14132870,146911
2021-02-03,Turkey,34523,356,31148,14167393,147267
2021-02-04,Turkey,32168,338,29023,14199561,147605
2021-02-05,Turkey,35143,365,31707,14234704,147970
2021-02-06,Turkey,36982,384,33367,14271686,148354
2021-02-07,Turkey,33431,351,30163,14305117,148705
2021-02-08,Turkey,41435,430,37384,14346552,149135
2021-02-09,Turkey,39763,413,35876,14386315,149548
2021-02-10,Turkey,38258,396,34518,14424573,149944
2021-02-11,Turkey,37375,386,33721,14461948,150330
2021-02-12,Turkey,39384,413,35534,14501332,150743
2021-02-13,Turkey,40650,426,36676,14541982,151169
2021-02-14,Turkey,42143,440,38023,14584125,151609
2021-02-15,Turkey,45145,471,40732,14629270,152080
2021-02-16,Turkey,41739,435,37659,14671009,152515
2021-02-17,Turkey,44751,464,40376,14715760,152979
2021-02-18,Turkey,41434,431,37383,14757194,153410
2021-02-19,Turkey,44142,458,39827,14801336,153868
2021-02-20,Turkey,46718,481,42151,14848054,154349
2021-02-21,Turkey,48249,504,43532,14896303,154853
2021-02-22,Turkey,45635,476,41174,14941938,155329
2021-02-23,Turkey,47145,488,42536,14989083,155817
2021-02-24,Turkey,52576,546,47436,15041659,156363
2021-02-25,Turkey,52679,550,47529,15094338,156913
2021-02-26,Turkey,51103,532,46107,15145441,157445
2021-02-27,Turkey,45618,471,41159,15191059,157916
2021-02-28,Turkey,58704,608,52965,15249763,158524
2021-03-01,Turkey,52889,554,47719,15302652,159078
2021-03-02,Turkey,52888,550,47718,15355540,159628
2021-03-03,Turkey,53088,554,47898,15408628,160182
2021-03-04,Turkey,56334,589,50827,15464962,160771
2021-03-05,Turkey,57156,593,51569,15522118,161364
2021-03-06,Turkey,59550,620,53729,15581668,161984
2021-03-07,Turkey,54949,567,49577,15636617,162551
2021-03-08,Turkey,57471,596,51853,15694088,163147
2021-03-09,Turkey,65151,679,58782,15759239,163826
2021-03-10,Turkey,60572,629,54651,15819811,164455
2021-03-11,Turkey,60125,626,54247,15879936,165081
2021-03-12,Turkey,58498,610,52780,15938434,165691
2021-03-13,Turkey,63696,664,57469,16002130,166355
2021-03-14,Turkey,66092,688,59631,16068222,167043
2021-03-15,Turkey,66349,690,59863,16134571,167733
2021-03-16,Turkey,63446,659,57244,16198017,168392
2021-03-17,Turkey,66152,686,59685,16264169,169078
2021-03-18,Turkey,71158,743,64202,16335327,169821
2021-03-19,Turkey,69900,729,63067,16405227,170550
2021-03-20,Turkey,64386,668,58092,16469613,171218
2021-03-21,Turkey,59054,614,53281,16528667,171832
2021-03-22,Turkey,69329,718,62552,16597996,172550
2021-03-23,Turkey,71701,745,64692,16669697,173295
2021-03-24,Turkey,65776,685,59346,16735473,173980
2021-03-25,Turkey,70141,730,63284,16805614,174710
2021-03-26,Turkey,69830,726,63004,16875444,175436
2021-03-27,Turkey,71712,744,64702,16947156,176180
2021-03-28,Turkey,69943,725,63106,17017099,176905
2021-03-29,Turkey,77124,804,69585,17094223,177709
2021-03-30,Turkey,73519,768,66332,17167742,178477
2021-03-31,Turkey,70263,732,63395,17238005,179209
2021-04-01,Turkey,77387,805,69822,17315392,180014
2021-04-02,Turkey,69764,728,62944,17385156,180742
2021-04-03,Turkey,79750,828,71954,17464906,181570
2021-04-04,Turkey,79118,825,71384,17544024,182395
2021-04-05,Turkey,81078,842,73152,17625102,183237
2021-04-06,Turkey,75614,785,68222,17700716,184022
2021-04-07,Turkey,74707,776,67404,17775423,184798
2021-04-08,Turkey,77302,804,69746,17852725,185602
2021-04-09,Turkey,77003,803,69476,17929728,186405
2021-04-10,Turkey,75125,779,67781,18004853,187184
2021-04-11,Turkey,75813,787,68402,18080666,187971
2021-04-12,Turkey,76829,799,69319,18157495,188770
2021-04-13,Turkey,73938,770,66710,18231433,189540
2021-04-14,Turkey,81454,844,73492,18312887,190384
2021-04-15,Turkey,78804,818,71101,18391691,191202
2021-04-16,Turkey,77997,808,70373,18469688,192010
2021-04-17,Turkey,74995,779,67664,18544683,192789
2021-04-18,Turkey,74951,779,67624,18619634,193568
2021-04-19,Turkey,87428,910,78882,18707062,194478
2021-04-20,Turkey,77327,800,69768,18784389,195278
2021-04-21,Turkey,82371,858,74319,18866760,196136
2021-04-22,Turkey,80658,838,72773,18947418,196974
2021-04-23,Turkey,68949,716,62209,19016367,197690
2021-04-24,Turkey,87274,910,78743,19103641,198600
2021-04-25,Turkey,82845,864,74747,19186486,199464
2021-04-26,Turkey,77017,800,69488,19263503,200264
2021-04-27,Turkey,79945,830,72130,19343448,201094
2021-04-28,Turkey,75404,784,68033,19418852,201878
2021-04-29,Turkey,87223,906,78697,19506075,202784
2021-04-30,Turkey,76199,790,68750,19582274,203574
2021-05-01,Turkey,77615,807,70028,19659889,204381
2021-05-02,Turkey,76653,796,69160,19736542,205177
2021-05-03,Turkey,79709,829,71917,19816251,206006
2021-05-04,Turkey,84630,884,76357,19900881,206890
2021-05-05,Turkey,86062,895,77649,19986943,207785
2021-05-06,Turkey,77191,801,69645,20064134,208586
2021-05-07,Turkey,79996,831,72176,20144130,209417
2021-05-08,Turkey,78559,817,70880,20222689,210234
2021-05-09,Turkey,74119,771,66874,20296808,211005
2021-05-10,Turkey,87038,904,78530,20383846,211909
2021-05-11,Turkey,82566,855,74495,20466412,212764
2021-05-12,Turkey,77672,809,70079,20544084,213573
2021-05-13,Turkey,82629,858,74552,20626713,214431
2021-05-14,Turkey,80796,843,72898,20707509,215274
2021-05-15,Turkey,76077,790,68640,20783586,216064
2021-05-16,Turkey,76564,795,69080,20860150,216859
2021-05-17,Turkey,80551,837,72677,20940701,217696
2021-05-18,Turkey,70899,738,63968,21011600,218434
2021-05-19,Turkey,80125,832,72293,21091725,219266
2021-05-20,Turkey,72608,754,65510,21164333,220020
2021-05-21,Turkey,78476,817,70805,21242809,220837
2021-05-22,Turkey,72362,751,65288,21315171,221588
2021-05-23,Turkey,73043,761,65903,21388214,222349
2021-05-24,Turkey,71141,742,64187,21459355,223091
2021-05-25,Turkey,68802,717,62076,21528157,223808
2021-05-26,Turkey,69139,719,62380,21597296,224527
2021-05-27,Turkey,74267,769,67007,21671563,225296
2021-05-28,Turkey,60881,631,54930,21732444,225927
2021-05-29,Turkey,63986,663,57731,21796430,226590
2021-05-30,Turkey,65110,676,58745,21861540,227266
2021-05-31,Turkey,63291,658,57104,21924831,227924
2021-06-01,Turkey,71225,738,64263,21996056,228662
2021-06-02,Turkey,69660,724,62850,22065716,229386
2021-06-03,Turkey,66760,696,60234,22132476,230082
2021-06-04,Turkey,62087,644,56018,22194563,230726
2021-06-05,Turkey,67650,702,61037,22262213,231428
2021-06-06,Turkey,57709,602,52068,22319922,232030
2021-06-07,Turkey,68590,711,61885,22388512,232741
2021-06-08,Turkey,59113,615,53334,22447625,233356
2021-06-09,Turkey,59664,623,53832,22507289,233979
2021-06-10,Turkey,58415,605,52705,22565704,234584
2021-06-11,Turkey,55768,578,50316,22621472,235162
2021-06-12,Turkey,63759,663,57526,22685231,235825
2021-06-13,Turkey,59644,620,53814,22744875,236445
2021-06-14,Turkey,60038,623,54169,22804913,237068
2021-06-15,Turkey,52392,549,47270,22857305,237617
2021-06-16,Turkey,55513,578,50086,22912818,238195
2021-06-17,Turkey,55632,577,50194,22968450,238772
2021-06-18,Turkey,54143,560,48850,23022593,239332
2021-06-19,Turkey,49563,515,44718,23072156,239847
2021-06-20,Turkey,54599,569,49262,23126755,240416
2021-06-21,Turkey,51315,537,46299,23178070,240953
2021-06-22,Turkey,47799,497,43126,23225869,241450
2021-06-23,Turkey,44804,465,40424,23270673,241915
2021-06-24,Turkey,50052,518,45159,23320725,242433
2021-06-25,Turkey,53624,558,48382,23374349,242991
2021-06-26,Turkey,44574,465,40217,23418923,243456
2021-06-27,Turkey,46544,480,41994,23465467,243936
2021-06-28,Turkey,47863,498,43184,23513330,244434
2021-06-29,Turkey,41710,432,37632,23555040,244866
2021-06-30,Turkey,42686,441,38513,23597726,245307
2021-07-01,Turkey,41088,430,37071,23638814,245737
2021-07-02,Turkey,44213,461,39891,23683027,246198
2021-07-03,Turkey,44085,457,39775,23727112,246655
2021-07-04,Turkey,40876,425,36880,23767988,247080
2021-07-05,Turkey,38092,395,34368,23806080,247475
2021-07-06,Turkey,38121,394,34394,23844201,247869
2021-07-07,Turkey,37002,383,33385,23881203,248252
2021-07-08,Turkey,35605,372,32124,23916808,248624
2021-07-09,Turkey,36481,378,32915,23953289,249002
2021-07-10,Turkey,36940,385,33329,23990229,249387
2021-07-11,Turkey,36015,373,32494,24026244,249760
2021-07-12,Turkey,34389,355,31027,24060633,250115
2021-07-13,Turkey,33758,353,30458,24094391,250468
2021-07-14,Turkey,32792,337,29586,24127183,250805
2021-07-15,Turkey,30108,316,27165,24157291,251121
2021-07-16,Turkey,31730,332,28628,24189021,251453
2021-07-17,Turkey,29866,311,26946,24218887,251764
2021-07-18,Turkey,28033,290,25292,24246920,252054
2021-07-19,Turkey,29906,310,26982,24276826,252364
2021-07-20,Turkey,27795,289,25078,24304621,252653
2021-07-21,Turkey,28311,295,25543,24332932,252948
2021-07-22,Turkey,28478,294,25694,24361410,253242
2021-07-23,Turkey,25389,264,22907,24386799,253506
2021-07-24,Turkey,26121,272,23567,24412920,253778
2021-07-25,Turkey,23059,239,20805,24435979,254017
2021-07-26,Turkey,26615,281,24013,24462594,254298
2021-07-27,Turkey,22454,233,20259,24485048,254531
2021-07-28,Turkey,22870,234,20634,24507918,254765
2021-07-29,Turkey,24398,251,22013,24532316,255016
2021-07-30,Turkey,22007,230,19855,24554323,255246
2021-07-31,Turkey,20380,210,18387,24574703,255456
2021-08-01,Turkey,21853,225,19716,24596556,255681
2021-08-02,Turkey,21240,223,19163,24617796,255904
2021-08-03,Turkey,19338,201,17447,24637134,256105
2021-08-04,Turkey,18911,195,17062,24656045,256300
2021-08-05,Turkey,18469,186,16663,24674514,256486
2021-08-06,Turkey,18161,190,16385,24692675,256676
2021-08-07,Turkey,16141,168,14563,24708816,256844
2021-08-08,Turkey,17163,181,15485,24725979,257025
2021-08-09,Turkey,18323,188,16531,24744302,257213
2021-08-10,Turkey,15598,161,14073,24759900,257374
2021-08-11,Turkey,15387,160,13882,24775287,257534
2021-08-12,Turkey,14468,153,13053,24789755,257687
2021-08-13,Turkey,15376,160,13873,24805131,257847
2021-08-14,Turkey,15339,158,13839,24820470,258005
2021-08-15,Turkey,14855,157,13402,24835325,258162
2021-08-16,Turkey,12745,132,11499,24848070,258294
2021-08-17,Turkey,13502,140,12182,24861572,258434
2021-08-18,Turkey,13676,143,12339,24875248,258577
2021-08-19,Turkey,12673,135,11434,24887921,258712
2021-08-20,Turkey,12250,128,11052,24900171,258840
2021-08-21,Turkey,11306,122,10200,24911477,258962
2021-08-22,Turkey,11328,117,10220,24922805,259079
2021-08-23,Turkey,11510,120,10384,24934315,259199
2021-08-24,Turkey,10654,109,9612,24944969,259308
2021-08-25,Turkey,9500,99,8571,24954469,259407
2021-08-26,Turkey,9571,100,8635,24964040,259507
2021-08-27,Turkey,10038,106,9056,24974078,259613
2021-08-28,Turkey,9292,97,8383,24983370,259710
2021-08-29,Turkey,8882,91,8013,24992252,259801
2021-08-30,Turkey,8288,86,7477,25000540,259887
2021-08-31,Turkey,8718,89,7865,25009258,259976
2021-09-01,Turkey,8601,90,7760,25017859,260066
2021-09-02,Turkey,8144,83,7347,25026003,260149
2021-09-03,Turkey,7921,79,7146,25033924,260228
2021-09-04,Turkey,6993,70,6309,25040917,260298
2021-09-05,Turkey,6692,67,6037,25047609,260365
2021-09-06,Turkey,6562,67,5920,25054171,260432
2021-09-07,Turkey,6384,64,5759,25060555,260496
2021-09-08,Turkey,6577,68,5934,25067132,260564
2021-09-09,Turkey,6253,64,5641,25073385,260628
2021-09-10,Turkey,5840,61,5269,25079225,260689
2021-09-11,Turkey,5079,53,4582,25084304,260742
2021-09-12,Turkey,4818,49,4347,25089122,260791
2021-09-13,Turkey,5123,55,4622,25094245,260846
2021-09-14,Turkey,5082,51,4585,25099327,260897
2021-09-15,Turkey,4660,50,4204,25103987,260947
2021-09-16,Turkey,4928,51,4446,25108915,260998
2021-09-17,Turkey,4084,41,3684,25112999,261039
2021-09-18,Turkey,3896,42,3515,25116895,261081
2021-09-19,Turkey,3849,41,3472,25120744,261122
2021-09-20,Turkey,3687,36,3326,25124431,261158
2021-09-21,Turkey,3765,39,3396,25128196,261197
2021-09-22,Turkey,3444,36,3107,25131640,261233
2021-09-23,Turkey,3112,34,2807,25134752,261267
2021-09-24,Turkey,3380,36,3049,25138132,261303
2021-09-25,Turkey,2826,30,2549,25140958,261333
2021-09-26,Turkey,2811,28,2536,25143769,261361
2021-09-27,Turkey,2614,26,2358,25146383,261387
2021-09-28,Turkey,2755,28,2485,25149138,261415
2021-09-29,Turkey,2635,24,2377,25151773,261439
2021-09-30,Turkey,2740,31,2472,25154513,261470
2021-10-01,Turkey,2501,23,2256,25157014,261493
2021-10-02,Turkey,2454,26,2214,25159468,261519
2021-10-03,Turkey,2219,22,2002,25161687,261541
2021-10-04,Turkey,1988,20,1793,25163675,261561
2021-10-05,Turkey,2012,22,1815,25165687,261583
2021-10-06,Turkey,1968,18,1775,25167655,261601
2021-10-07,Turkey,1890,20,1705,25169545,261621
2021-10-08,Turkey,1701,18,1534,25171246,261639
2021-10-09,Turkey,1705,16,1538,25172951,261655
2021-10-10,Turkey,1514,17,1366,25174465,261672
2021-10-11,Turkey,1436,17,1295,25175901,261689
2021-10-12,Turkey,1364,18,1230,25177265,261707
2021-10-13,Turkey,1381,13,1246,25178646,261720
2021-10-14,Turkey,1236,13,1115,25179882,261733
2021-10-15,Turkey,1226,13,1106,25181108,261746
2021-10-16,Turkey,1249,14,1126,25182357,261760
2021-10-17,Turkey,1078,14,972,25183435,261774
2021-10-18,Turkey,1056,11,952,25184491,261785
2021-10-19,Turkey,1036,11,934,25185527,261796
2021-10-20,Turkey,995,8,897,25186522,261804
2021-10-21,Turkey,911,13,821,25187433,261817
2021-10-22,Turkey,925,8,834,25188358,261825
2021-10-23,Turkey,871,3,785,25189229,261828
2021-10-24,Turkey,851,4,767,25190080,261832
2021-10-25,Turkey,761,8,686,25190841,261840
2021-10-26,Turkey,707,4,637,25191548,261844
2021-10-27,Turkey,666,7,600,25192214,261851
2021-10-28,Turkey,666,3,600,25192880,261854
2021-10-29,Turkey,610,6,550,25193490,261860
2021-10-30,Turkey,573,7,516,25194063,261867
2021-10-31,Turkey,547,6,493,25194610,261873
2021-11-01,Turkey,513,3,462,25195123,261876
2021-11-02,Turkey,510,7,460,25195633,261883
2021-11-03,Turkey,443,3,399,25196076,261886
2021-11-04,Turkey,460,4,415,25196536,261890
2021-11-05,Turkey,445,3,401,25196981,261893
2021-11-06,Turkey,394,3,355,25197375,261896
2021-11-07,Turkey,424,8,382,25197799,261904
2021-11-08,Turkey,365,3,329,25198164,261907
2021-11-09,Turkey,317,0,286,25198481,261907
2021-11-10,Turkey,322,1,290,25198803,261908
2021-11-11,Turkey,310,2,279,25199113,261910
2021-11-12,Turkey,299,1,269,25199412,261911
2021-11-13,Turkey,273,4,246,25199685,261915
2021-11-14,Turkey,247,0,222,25199932,261915
2021-11-15,Turkey,232,2,209,25200164,261917
2021-11-16,Turkey,225,4,203,25200389,261921
2021-11-17,Turkey,214,0,193,25200603,261921
2021-11-18,Turkey,195,2,175,25200798,261923
2021-11-19,Turkey,188,1,169,25200986,261924
2021-11-20,Turkey,192,1,173,25201178,261925
2021-11-21,Turkey,191,3,172,25201369,261928
2021-11-22,Turkey,172,0,155,25201541,261928
2021-11-23,Turkey,167,4,150,25201708,261932
2021-11-24,Turkey,155,0,139,25201863,261932
2021-11-25,Turkey,145,3,130,25202008,261935
2021-11-26,Turkey,127,2,114,25202135,261937
2021-11-27,Turkey,123,2,110,25202258,261939
2021-11-28,Turkey,112,4,101,25202370,261943
2021-11-29,Turkey,107,3,96,25202477,261946
2021-11-30,Turkey,102,2,92,25202579,261948
2021-12-01,Turkey,100,0,90,25202679,261948
2021-12-02,Turkey,93,0,83,25202772,261948
2021-12-03,Turkey,84,2,75,25202856,261950
2021-12-04,Turkey,80,1,72,25202936,261951
2021-12-05,Turkey,77,1,69,25203013,261952
2021-12-06,Turkey,73,0,65,25203086,261952
2021-12-07,Turkey,59,0,53,25203145,261952
2021-12-08,Turkey,57,0,51,25203202,261952
2021-12-09,Turkey,62,1,55,25203264,261953
2021-12-10,Turkey,54,0,48,25203318,261953
2021-12-11,Turkey,50,0,45,25203368,261953
2021-12-12,Turkey,47,0,42,25203415,261953
2021-12-13,Turkey,44,0,39,25203459,261953
2021-12-14,Turkey,44,0,39,25203503,261953
2021-12-15,Turkey,36,0,32,25203539,261953
2021-12-16,Turkey,37,1,33,25203576,261954
2021-12-17,Turkey,35,0,31,25203611,261954
2021-12-18,Turkey,33,0,29,25203644,261954
2021-12-19,Turkey,31,0,27,25203675,261954
2021-12-20,Turkey,29,0,26,25203704,261954
2021-12-21,Turkey,25,3,22,25203729,261957
2021-12-22,Turkey,23,1,20,25203752,261958
2021-12-23,Turkey,28,0,25,25203780,261958
2021-12-24,Turkey,21,0,18,25203801,261958
2021-12-25,Turkey,20,0,18,25203821,261958
2021-12-26,Turkey,20,1,18,25203841,261959
2021-12-27,Turkey,20,0,18,25203861,261959
2021-12-28,Turkey,15,0,13,25203876,261959
2021-12-29,Turkey,13,0,11,25203889,261959
2021-12-30,Turkey,12,0,10,25203901,261959
2020-01-01,Russia,79319,1074,72308,79319,1074
2020-01-02,Russia,85080,1154,77559,164399,2228
2020-01-03,Russia,83341,1124,75974,247740,3352
2020-01-04,Russia,97957,1322,89298,345697,4674
2020-01-05,Russia,84778,1143,77284,430475,5817
2020-01-06,Russia,91717,1239,83610,522192,7056
2020-01-07,Russia,85600,1159,78033,607792,8215
2020-01-08,Russia,102706,1391,93627,710498,9606
2020-01-09,Russia,98436,1327,89735,808934,10933
2020-01-10,Russia,98565,1330,89852,907499,12263
2020-01-11,Russia,106602,1439,97179,1014101,13702
2020-01-12,Russia,101404,1369,92441,1115505,15071
2020-01-13,Russia,103153,1394,94035,1218658,16465
2020-01-14,Russia,104075,1406,94875,1322733,17871
2020-01-15,Russia,107696,1457,98176,1430429,19328
2020-01-16,Russia,103470,1395,94324,1533899,20723
2020-01-17,Russia,106258,1436,96866,1640157,22159
2020-01-18,Russia,113128,1532,103128,1753285,23691
2020-01-19,Russia,111548,1511,101688,1864833,25202
2020-01-20,Russia,110670,1500,100888,1975503,26702
2020-01-21,Russia,104690,1416,95436,2080193,28118
2020-01-22,Russia,122353,1653,111538,2202546,29771
2020-01-23,Russia,111254,1505,101420,2313800,31276
2020-01-24,Russia,122016,1655,111231,2435816,32931
2020-01-25,Russia,118504,1601,108029,2554320,34532
2020-01-26,Russia,110973,1504,101164,2665293,36036
2020-01-27,Russia,127306,1717,116053,2792599,37753
2020-01-28,Russia,122477,1657,111651,2915076,39410
2020-01-29,Russia,130199,1762,118690,3045275,41172
2020-01-30,Russia,122013,1651,111228,3167288,42823
2020-01-31,Russia,128573,1739,117208,3295861,44562
2020-02-01,Russia,114201,1545,104106,3410062,46107
2020-02-02,Russia,123095,1666,112214,3533157,47773
2020-02-03,Russia,119141,1610,108610,3652298,49383
2020-02-04,Russia,125799,1701,114679,3778097,51084
2020-02-05,Russia,132182,1785,120498,3910279,52869
2020-02-06,Russia,126108,1707,114961,4036387,54576
2020-02-07,Russia,136572,1849,124500,4172959,56425
2020-02-08,Russia,126118,1709,114970,4299077,58134
2020-02-09,Russia,138449,1871,126211,4437526,60005
2020-02-10,Russia,142101,1918,129540,4579627,61923
2020-02-11,Russia,140918,1906,128462,4720545,63829
2020-02-12,Russia,132523,1790,120809,4853068,65619
2020-02-13,Russia,121129,1639,110422,4974197,67258
2020-02-14,Russia,140159,1891,127770,5114356,69149
2020-02-15,Russia,135962,1841,123944,5250318,70990
2020-02-16,Russia,130689,1768,119137,5381007,72758
2020-02-17,Russia,134132,1810,122276,5515139,74568
2020-02-18,Russia,148429,2008,135309,5663568,76576
2020-02-19,Russia,131080,1773,119494,5794648,78349
2020-02-20,Russia,142706,1931,130092,5937354,80280
2020-02-21,Russia,141386,1914,128889,6078740,82194
2020-02-22,Russia,137741,1858,125566,6216481,84052
2020-02-23,Russia,145130,1962,132302,6361611,86014
2020-02-24,Russia,152415,2061,138943,6514026,88075
2020-02-25,Russia,139104,1880,126808,6653130,89955
2020-02-26,Russia,139718,1889,127368,6792848,91844
2020-02-27,Russia,146053,1977,133143,6938901,93821
2020-02-28,Russia,148333,2002,135222,7087234,95823
2020-02-29,Russia,141052,1907,128584,7228286,97730
2020-03-01,Russia,139892,1891,127527,7368178,99621
2020-03-02,Russia,126367,1709,115197,7494545,101330
2020-03-03,Russia,136631,1846,124554,7631176,103176
2020-03-04,Russia,134060,1817,122210,7765236,104993
2020-03-05,Russia,146988,1990,133995,7912224,106983
2020-03-06,Russia,140319,1902,127916,8052543,108885
2020-03-07,Russia,139937,1894,127568,8192480,110779
2020-03-08,Russia,141743,1918,129214,8334223,112697
2020-03-09,Russia,135472,1832,123497,8469695,114529
2020-03-10,Russia,152415,2064,138943,8622110,116593
2020-03-11,Russia,150358,2034,137068,8772468,118627
2020-03-12,Russia,152326,2059,138862,8924794,120686
2020-03-13,Russia,145428,1970,132573,9070222,122656
2020-03-14,Russia,140083,1892,127701,9210305,124548
2020-03-15,Russia,151226,2044,137859,9361531,126592
2020-03-16,Russia,134784,1828,122870,9496315,128420
2020-03-17,Russia,133054,1801,121293,9629369,130221
2020-03-18,Russia,134494,1813,122606,9763863,132034
2020-03-19,Russia,141802,1920,129268,9905665,133954
2020-03-20,Russia,132437,1789,120731,10038102,135743
2020-03-21,Russia,136089,1839,124060,10174191,137582
2020-03-22,Russia,125657,1704,114550,10299848,139286
2020-03-23,Russia,139291,1887,126979,10439139,141173
2020-03-24,Russia,125142,1696,114080,10564281,142869
2020-03-25,Russia,128506,1736,117147,10692787,144605
2020-03-26,Russia,142305,1924,129726,10835092,146529
2020-03-27,Russia,141350,1912,128856,10976442,148441
2020-03-28,Russia,135268,1831,123311,11111710,150272
2020-03-29,Russia,133895,1810,122060,11245605,152082
2020-03-30,Russia,127860,1733,116558,11373465,153815
2020-03-31,Russia,125557,1699,114459,11499022,155514
2020-04-01,Russia,127493,1727,116224,11626515,157241
2020-04-02,Russia,119301,1612,108756,11745816,158853
2020-04-03,Russia,129903,1756,118421,11875719,160609
2020-04-04,Russia,127794,1729,116498,12003513,162338
2020-04-05,Russia,120757,1632,110083,12124270,163970
2020-04-06,Russia,135719,1837,123722,12259989,165807
2020-04-07,Russia,128809,1744,117423,12388798,167551
2020-04-08,Russia,128470,1737,117114,12517268,169288
2020-04-09,Russia,120320,1628,109685,12637588,170916
2020-04-10,Russia,122464,1660,111639,12760052,172576
2020-04-11,Russia,125428,1698,114341,12885480,174274
2020-04-12,Russia,121673,1647,110918,13007153,175921
2020-04-13,Russia,129489,1754,118043,13136642,177675
2020-04-14,Russia,117805,1596,107392,13254447,179271
2020-04-15,Russia,115170,1560,104990,13369617,180831
2020-04-16,Russia,121005,1636,110309,13490622,182467
2020-04-17,Russia,109058,1476,99418,13599680,183943
2020-04-18,Russia,120902,1634,110215,13720582,185577
2020-04-19,Russia,107243,1450,97763,13827825,187027
2020-04-20,Russia,117489,1590,107104,13945314,188617
2020-04-21,Russia,109345,1476,99680,14054659,190093
2020-04-22,Russia,114845,1554,104694,14169504,191647
2020-04-23,Russia,116397,1573,106108,14285901,193220
2020-04-24,Russia,111375,1504,101530,14397276,194724
2020-04-25,Russia,103138,1396,94021,14500414,196120
2020-04-26,Russia,104041,1406,94844,14604455,197526
2020-04-27,Russia,104204,1409,94993,14708659,198935
2020-04-28,Russia,97201,1314,88609,14805860,200249
2020-04-29,Russia,112638,1522,102682,14918498,201771
2020-04-30,Russia,106473,1440,97062,15024971,203211
2020-05-01,Russia,99200,1339,90431,15124171,204550
2020-05-02,Russia,112078,1515,102171,15236249,206065
2020-05-03,Russia,100152,1358,91299,15336401,207423
2020-05-04,Russia,104424,1410,95194,15440825,208833
2020-05-05,Russia,98262,1331,89576,15539087,210164
2020-05-06,Russia,91592,1243,83496,15630679,211407
2020-05-07,Russia,94369,1274,86027,15725048,212681
2020-05-08,Russia,98450,1332,89748,15823498,214013
2020-05-09,Russia,104662,1413,95411,15928160,215426
2020-05-10,Russia,101367,1368,92407,16029527,216794
2020-05-11,Russia,99840,1350,91015,16129367,218144
2020-05-12,Russia,88756,1201,80910,16218123,219345
2020-05-13,Russia,104473,1411,95238,16322596,220756
2020-05-14,Russia,98914,1335,90171,16421510,222091
2020-05-15,Russia,96852,1308,88291,16518362,223399
2020-05-16,Russia,102575,1389,93508,16620937,224788
2020-05-17,Russia,102786,1392,93700,16723723,226180
2020-05-18,Russia,102022,1381,93004,16825745,227561
2020-05-19,Russia,94998,1284,86601,16920743,228845
2020-05-20,Russia,91136,1230,83080,17011879,230075
2020-05-21,Russia,100483,1361,91601,17112362,231436
2020-05-22,Russia,89050,1207,81178,17201412,232643
2020-05-23,Russia,104728,1415,95471,17306140,234058
2020-05-24,Russia,95460,1290,87022,17401600,235348
2020-05-25,Russia,90197,1217,82224,17491797,236565
2020-05-26,Russia,89343,1209,81446,17581140,237774
2020-05-27,Russia,89116,1209,81239,17670256,238983
2020-05-28,Russia,95890,1298,87414,17766146,240281
2020-05-29,Russia,95247,1292,86828,17861393,241573
2020-05-30,Russia,89472,1209,81563,17950865,242782
2020-05-31,Russia,93787,1265,85497,18044652,244047
2020-06-01,Russia,89101,1208,81225,18133753,245255
2020-06-02,Russia,98657,1334,89936,18232410,246589
2020-06-03,Russia,95792,1293,87325,18328202,247882
2020-06-04,Russia,94485,1281,86133,18422687,249163
2020-06-05,Russia,90372,1221,82384,18513059,250384
2020-06-06,Russia,95458,1288,87020,18608517,251672
2020-06-07,Russia,95247,1289,86828,18703764,252961
2020-06-08,Russia,99198,1339,90430,18802962,254300
2020-06-09,Russia,98879,1339,90139,18901841,255639
2020-06-10,Russia,102406,1382,93354,19004247,257021
2020-06-11,Russia,96581,1306,88044,19100828,258327
2020-06-12,Russia,90229,1221,82253,19191057,259548
2020-06-13,Russia,104977,1420,95698,19296034,260968
2020-06-14,Russia,95874,1294,87399,19391908,262262
2020-06-15,Russia,95574,1292,87126,19487482,263554
2020-06-16,Russia,101575,1376,92596,19589057,264930
2020-06-17,Russia,103989,1406,94797,19693046,266336
2020-06-18,Russia,100376,1355,91503,19793422,267691
2020-06-19,Russia,101016,1365,92087,19894438,269056
2020-06-20,Russia,102492,1383,93432,19996930,270439
2020-06-21,Russia,112743,1520,102777,20109673,271959
2020-06-22,Russia,106041,1433,96668,20215714,273392
2020-06-23,Russia,101677,1375,92689,20317391,274767
2020-06-24,Russia,102508,1387,93447,20419899,276154
2020-06-25,Russia,107139,1450,97669,20527038,277604
2020-06-26,Russia,110657,1497,100876,20637695,279101
2020-06-27,Russia,112899,1527,102920,20750594,280628
2020-06-28,Russia,111814,1516,101930,20862408,282144
2020-06-29,Russia,107316,1449,97830,20969724,283593
2020-06-30,Russia,110563,1494,100790,21080287,285087
2020-07-01,Russia,118079,1600,107642,21198366,286687
2020-07-02,Russia,108269,1463,98699,21306635,288150
2020-07-03,Russia,113121,1529,103122,21419756,289679
2020-07-04,Russia,120286,1627,109654,21540042,291306
2020-07-05,Russia,122940,1665,112073,21662982,292971
2020-07-06,Russia,117636,1591,107238,21780618,294562
2020-07-07,Russia,117325,1585,106954,21897943,296147
2020-07-08,Russia,112813,1525,102841,22010756,297672
2020-07-09,Russia,125021,1692,113970,22135777,299364
2020-07-10,Russia,130943,1770,119369,22266720,301134
2020-07-11,Russia,139758,1889,127404,22406478,303023
2020-07-12,Russia,127310,1720,116057,22533788,304743
2020-07-13,Russia,125606,1701,114503,22659394,306444
2020-07-14,Russia,121116,1637,110410,22780510,308081
2020-07-15,Russia,115958,1568,105708,22896468,309649
2020-07-16,Russia,130150,1761,118646,23026618,311410
2020-07-17,Russia,145313,1962,132468,23171931,313372
2020-07-18,Russia,139374,1885,127054,23311305,315257
2020-07-19,Russia,139429,1888,127105,23450734,317145
2020-07-20,Russia,134692,1821,122786,23585426,318966
2020-07-21,Russia,136461,1846,124399,23721887,320812
2020-07-22,Russia,118668,1605,108179,23840555,322417
2020-07-23,Russia,141193,1911,128713,23981748,324328
2020-07-24,Russia,132999,1799,121243,24114747,326127
2020-07-25,Russia,133074,1804,121311,24247821,327931
2020-07-26,Russia,136601,1848,124527,24384422,329779
2020-07-27,Russia,137266,1855,125133,24521688,331634
2020-07-28,Russia,135613,1837,123626,24657301,333471
2020-07-29,Russia,141640,1915,129120,24798941,335386
2020-07-30,Russia,138428,1871,126192,24937369,337257
2020-07-31,Russia,143964,1944,131239,25081333,339201
2020-08-01,Russia,133351,1804,121564,25214684,341005
2020-08-02,Russia,143313,1937,130645,25357997,342942
2020-08-03,Russia,137654,1860,125486,25495651,344802
2020-08-04,Russia,141692,1915,129168,25637343,346717
2020-08-05,Russia,148168,2003,135071,25785511,348720
2020-08-06,Russia,135955,1840,123938,25921466,350560
2020-08-07,Russia,142376,1926,129791,26063842,352486
2020-08-08,Russia,153369,2074,139812,26217211,354560
2020-08-09,Russia,139158,1883,126858,26356369,356443
2020-08-10,Russia,163689,2213,149220,26520058,358656
2020-08-11,Russia,159966,2164,145826,26680024,360820
2020-08-12,Russia,147657,1995,134605,26827681,362815
2020-08-13,Russia,145912,1972,133015,26973593,364787
2020-08-14,Russia,153888,2081,140286,27127481,366868
2020-08-15,Russia,141716,1917,129189,27269197,368785
2020-08-16,Russia,137829,1866,125646,27407026,370651
2020-08-17,Russia,149993,2029,136735,27557019,372680
2020-08-18,Russia,152808,2065,139301,27709827,374745
2020-08-19,Russia,154852,2091,141164,27864679,376836
2020-08-20,Russia,149627,2025,136401,28014306,378861
2020-08-21,Russia,164431,2224,149897,28178737,381085
2020-08-22,Russia,143187,1938,130530,28321924,383023
2020-08-23,Russia,146078,1976,133166,28468002,384999
2020-08-24,Russia,158765,2151,144731,28626767,387150
2020-08-25,Russia,146047,1975,133138,28772814,389125
2020-08-26,Russia,145769,1971,132884,28918583,391096
2020-08-27,Russia,156017,2111,142226,29074600,393207
2020-08-28,Russia,146840,1987,133861,29221440,395194
2020-08-29,Russia,153881,2082,140279,29375321,397276
2020-08-30,Russia,149362,2017,136160,29524683,399293
2020-08-31,Russia,147946,1997,134869,29672629,401290
2020-09-01,Russia,138165,1868,125952,29810794,403158
2020-09-02,Russia,155222,2099,141502,29966016,405257
2020-09-03,Russia,144262,1947,131510,30110278,407204
2020-09-04,Russia,152238,2059,138781,30262516,409263
2020-09-05,Russia,149240,2019,136048,30411756,411282
2020-09-06,Russia,151180,2044,137817,30562936,413326
2020-09-07,Russia,151174,2045,137811,30714110,415371
2020-09-08,Russia,153302,2074,139751,30867412,417445
2020-09-09,Russia,145806,1968,132918,31013218,419413
2020-09-10,Russia,160124,2167,145970,31173342,421580
2020-09-11,Russia,136289,1841,124242,31309631,423421
2020-09-12,Russia,147836,1999,134768,31457467,425420
2020-09-13,Russia,155088,2096,141379,31612555,427516
2020-09-14,Russia,151692,2053,138284,31764247,429569
2020-09-15,Russia,140235,1894,127839,31904482,431463
2020-09-16,Russia,140721,1906,128282,32045203,433369
2020-09-17,Russia,138498,1878,126256,32183701,435247
2020-09-18,Russia,149344,2016,136143,32333045,437263
2020-09-19,Russia,138792,1876,126524,32471837,439139
2020-09-20,Russia,145046,1963,132225,32616883,441102
2020-09-21,Russia,144161,1947,131418,32761044,443049
2020-09-22,Russia,158048,2137,144078,32919092,445186
2020-09-23,Russia,142510,1927,129913,33061602,447113
2020-09-24,Russia,133634,1806,121822,33195236,448919
2020-09-25,Russia,128133,1733,116807,33323369,450652
2020-09-26,Russia,135250,1831,123295,33458619,452483
2020-09-27,Russia,135219,1828,123267,33593838,454311
2020-09-28,Russia,119979,1620,109374,33713817,455931
2020-09-29,Russia,128954,1746,117555,33842771,457677
2020-09-30,Russia,134510,1822,122620,33977281,459499
2020-10-01,Russia,127832,1729,116533,34105113,461228
2020-10-02,Russia,136396,1842,124340,34241509,463070
2020-10-03,Russia,118799,1605,108298,34360308,464675
2020-10-04,Russia,131881,1779,120224,34492189,466454
2020-10-05,Russia,132038,1784,120367,34624227,468238
2020-10-06,Russia,130930,1773,119357,34755157,470011
2020-10-07,Russia,113941,1539,103869,34869098,471550
2020-10-08,Russia,124196,1677,113218,34993294,473227
2020-10-09,Russia,116865,1582,106535,35110159,474809
2020-10-10,Russia,111125,1505,101302,35221284,476314
2020-10-11,Russia,115693,1563,105467,35336977,477877
2020-10-12,Russia,111451,1508,101600,35448428,479385
2020-10-13,Russia,120627,1629,109964,35569055,481014
2020-10-14,Russia,116813,1579,106488,35685868,482593
2020-10-15,Russia,105974,1429,96607,35791842,484022
2020-10-16,Russia,106991,1447,97534,35898833,485469
2020-10-17,Russia,107474,1453,97974,36006307,486922
2020-10-18,Russia,107711,1455,98190,36114018,488377
2020-10-19,Russia,112007,1514,102106,36226025,489891
2020-10-20,Russia,108807,1471,99189,36334832,491362
2020-10-21,Russia,103970,1404,94780,36438802,492766
2020-10-22,Russia,100900,1365,91981,36539702,494131
2020-10-23,Russia,91824,1241,83707,36631526,495372
2020-10-24,Russia,105703,1429,96360,36737229,496801
2020-10-25,Russia,95629,1290,87176,36832858,498091
2020-10-26,Russia,103839,1404,94660,36936697,499495
2020-10-27,Russia,95812,1295,87343,37032509,500790
2020-10-28,Russia,102882,1389,93788,37135391,502179
2020-10-29,Russia,94752,1282,86377,37230143,503461
2020-10-30,Russia,84031,1132,76603,37314174,504593
2020-10-31,Russia,86333,1166,78702,37400507,505759
2020-11-01,Russia,86894,1175,79213,37487401,506934
2020-11-02,Russia,82442,1119,75155,37569843,508053
2020-11-03,Russia,83194,1122,75840,37653037,509175
2020-11-04,Russia,77687,1050,70820,37730724,510225
2020-11-05,Russia,82018,1110,74768,37812742,511335
2020-11-06,Russia,81571,1103,74361,37894313,512438
2020-11-07,Russia,75268,1015,68615,37969581,513453
2020-11-08,Russia,85453,1154,77899,38055034,514607
2020-11-09,Russia,76801,1033,70012,38131835,515640
2020-11-10,Russia,72163,976,65784,38203998,516616
2020-11-11,Russia,67907,915,61904,38271905,517531
2020-11-12,Russia,72864,986,66423,38344769,518517
2020-11-13,Russia,70449,951,64222,38415218,519468
2020-11-14,Russia,72877,984,66435,38488095,520452
2020-11-15,Russia,68408,925,62361,38556503,521377
2020-11-16,Russia,63653,861,58026,38620156,522238
2020-11-17,Russia,72066,976,65696,38692222,523214
2020-11-18,Russia,66769,902,60867,38758991,524116
2020-11-19,Russia,63388,857,57785,38822379,524973
2020-11-20,Russia,63606,857,57983,38885985,525830
2020-11-21,Russia,63464,861,57854,38949449,526691
2020-11-22,Russia,56572,763,51571,39006021,527454
2020-11-23,Russia,60355,817,55020,39066376,528271
2020-11-24,Russia,57541,779,52455,39123917,529050
2020-11-25,Russia,59345,803,54099,39183262,529853
2020-11-26,Russia,54806,740,49961,39238068,530593
2020-11-27,Russia,54285,733,49486,39292353,531326
2020-11-28,Russia,59651,806,54378,39352004,532132
2020-11-29,Russia,57529,774,52444,39409533,532906
2020-11-30,Russia,44550,602,40612,39454083,533508
2020-12-01,Russia,55563,754,50651,39509646,534262
2020-12-02,Russia,51543,696,46987,39561189,534958
2020-12-03,Russia,49169,664,44823,39610358,535622
2020-12-04,Russia,47716,643,43498,39658074,536265
2020-12-05,Russia,47198,638,43026,39705272,536903
2020-12-06,Russia,47223,637,43049,39752495,537540
2020-12-07,Russia,45532,617,41507,39798027,538157
2020-12-08,Russia,44423,603,40496,39842450,538760
2020-12-09,Russia,44633,606,40687,39887083,539366
2020-12-10,Russia,47302,636,43121,39934385,540002
2020-12-11,Russia,46162,625,42081,39980547,540627
2020-12-12,Russia,46846,634,42705,40027393,541261
2020-12-13,Russia,44994,607,41017,40072387,541868
2020-12-14,Russia,41819,568,38122,40114206,542436
2020-12-15,Russia,45475,615,41455,40159681,543051
2020-12-16,Russia,41832,568,38134,40201513,543619
2020-12-17,Russia,45164,608,41172,40246677,544227
2020-12-18,Russia,40950,552,37330,40287627,544779
2020-12-19,Russia,41772,565,38079,40329399,545344
2020-12-20,Russia,42288,574,38550,40371687,545918
2020-12-21,Russia,44358,600,40437,40416045,546518
2020-12-22,Russia,43165,581,39349,40459210,547099
2020-12-23,Russia,42744,581,38965,40501954,547680
2020-12-24,Russia,46674,630,42548,40548628,548310
2020-12-25,Russia,38717,521,35294,40587345,548831
2020-12-26,Russia,40440,545,36865,40627785,549376
2020-12-27,Russia,40401,543,36830,40668186,549919
2020-12-28,Russia,39011,523,35562,40707197,550442
2020-12-29,Russia,41384,559,37726,40748581,551001
2020-12-30,Russia,44574,599,40634,40793155,551600
2020-12-31,Russia,42008,568,38294,40835163,552168
2021-01-01,Russia,42797,580,39014,40877960,552748
2021-01-02,Russia,40017,542,36479,40917977,553290
2021-01-03,Russia,42337,572,38594,40960314,553862
2021-01-04,Russia,43406,584,39569,41003720,554446
2021-01-05,Russia,46246,627,42158,41049966,555073
2021-01-06,Russia,41426,564,37764,41091392,555637
2021-01-07,Russia,44618,606,40674,41136010,556243
2021-01-08,Russia,48643,655,44343,41184653,556898
2021-01-09,Russia,45609,616,41577,41230262,557514
2021-01-10,Russia,42199,570,38469,41272461,558084
2021-01-11,Russia,50830,686,46337,41323291,558770
2021-01-12,Russia,50165,678,45730,41373456,559448
2021-01-13,Russia,51165,696,46642,41424621,560144
2021-01-14,Russia,45376,613,41365,41469997,560757
2021-01-15,Russia,54239,732,49444,41524236,561489
2021-01-16,Russia,49190,665,44842,41573426,562154
2021-01-17,Russia,50622,682,46147,41624048,562836
2021-01-18,Russia,50900,687,46401,41674948,563523
2021-01-19,Russia,56132,761,51170,41731080,564284
2021-01-20,Russia,53975,730,49204,41785055,565014
2021-01-21,Russia,56699,771,51687,41841754,565785
2021-01-22,Russia,56510,764,51515,41898264,566549
2021-01-23,Russia,56985,768,51948,41955249,567317
2021-01-24,Russia,55488,747,50583,42010737,568064
2021-01-25,Russia,64636,876,58922,42075373,568940
2021-01-26,Russia,55897,753,50956,42131270,569693
2021-01-27,Russia,62650,845,57112,42193920,570538
2021-01-28,Russia,63663,860,58035,42257583,571398
2021-01-29,Russia,67285,912,61337,42324868,572310
2021-01-30,Russia,69262,936,63140,42394130,573246
2021-01-31,Russia,65491,884,59702,42459621,574130
2021-02-01,Russia,68928,934,62835,42528549,575064
2021-02-02,Russia,74408,1008,67831,42602957,576072
2021-02-03,Russia,69396,941,63262,42672353,577013
2021-02-04,Russia,67114,910,61181,42739467,577923
2021-02-05,Russia,70801,959,64543,42810268,578882
2021-02-06,Russia,68708,927,62634,42878976,579809
2021-02-07,Russia,76232,1032,69493,42955208,580841
2021-02-08,Russia,80251,1087,73157,43035459,581928
2021-02-09,Russia,77099,1046,70284,43112558,582974
2021-02-10,Russia,72559,981,66145,43185117,583955
2021-02-11,Russia,84476,1141,77009,43269593,585096
2021-02-12,Russia,74528,1006,67940,43344121,586102
2021-02-13,Russia,76800,1040,70011,43420921,587142
2021-02-14,Russia,83935,1133,76516,43504856,588275
2021-02-15,Russia,87244,1180,79532,43592100,589455
2021-02-16,Russia,89491,1208,81581,43681591,590663
2021-02-17,Russia,88839,1201,80986,43770430,591864
2021-02-18,Russia,98616,1334,89899,43869046,593198
2021-02-19,Russia,92452,1251,84280,43961498,594449
2021-02-20,Russia,98521,1334,89812,44060019,595783
2021-02-21,Russia,98952,1335,90205,44158971,597118
2021-02-22,Russia,90487,1223,82488,44249458,598341
2021-02-23,Russia,97452,1317,88838,44346910,599658
2021-02-24,Russia,110435,1491,100673,44457345,601149
2021-02-25,Russia,98829,1335,90093,44556174,602484
2021-02-26,Russia,99468,1343,90676,44655642,603827
2021-02-27,Russia,105389,1426,96073,44761031,605253
2021-02-28,Russia,103569,1401,94414,44864600,606654
2021-03-01,Russia,103339,1399,94205,44967939,608053
2021-03-02,Russia,106527,1441,97111,45074466,609494
2021-03-03,Russia,118647,1605,108159,45193113,611099
2021-03-04,Russia,111499,1508,101643,45304612,612607
2021-03-05,Russia,106251,1438,96859,45410863,614045
2021-03-06,Russia,106627,1438,97202,45517490,615483
2021-03-07,Russia,129776,1755,118305,45647266,617238
2021-03-08,Russia,117077,1584,106728,45764343,618822
2021-03-09,Russia,122519,1660,111689,45886862,620482
2021-03-10,Russia,116731,1576,106413,46003593,622058
2021-03-11,Russia,124878,1686,113840,46128471,623744
2021-03-12,Russia,133460,1800,121663,46261931,625544
2021-03-13,Russia,121742,1643,110981,46383673,627187
2021-03-14,Russia,130215,1760,118705,46513888,628947
2021-03-15,Russia,119679,1617,109100,46633567,630564
2021-03-16,Russia,143309,1936,130642,46776876,632500
2021-03-17,Russia,133307,1803,121524,46910183,634303
2021-03-18,Russia,130175,1761,118669,47040358,636064
2021-03-19,Russia,132276,1789,120584,47172634,637853
2021-03-20,Russia,132153,1787,120472,47304787,639640
2021-03-21,Russia,133782,1810,121957,47438569,641450
2021-03-22,Russia,121298,1637,110576,47559867,643087
2021-03-23,Russia,138795,1877,126527,47698662,644964
2021-03-24,Russia,139733,1889,127382,47838395,646853
2021-03-25,Russia,145398,1966,132546,47983793,648819
2021-03-26,Russia,139370,1883,127051,48123163,650702
2021-03-27,Russia,138707,1875,126446,48261870,652577
2021-03-28,Russia,145340,1966,132493,48407210,654543
2021-03-29,Russia,134680,1824,122775,48541890,656367
2021-03-30,Russia,148614,2006,135478,48690504,658373
2021-03-31,Russia,134753,1823,122842,48825257,660196
2021-04-01,Russia,157970,2139,144007,48983227,662335
2021-04-02,Russia,155702,2103,141939,49138929,664438
2021-04-03,Russia,144464,1953,131695,49283393,666391
2021-04-04,Russia,157411,2129,143497,49440804,668520
2021-04-05,Russia,154085,2088,140465,49594889,670608
2021-04-06,Russia,146278,1982,133348,49741167,672590
2021-04-07,Russia,139171,1879,126869,49880338,674469
2021-04-08,Russia,158039,2137,144070,50038377,676606
2021-04-09,Russia,150075,2030,136810,50188452,678636
2021-04-10,Russia,165541,2240,150909,50353993,680876
2021-04-11,Russia,157683,2133,143745,50511676,683009
2021-04-12,Russia,152623,2062,139132,50664299,685071
2021-04-13,Russia,172966,2337,157677,50837265,687408
2021-04-14,Russia,163788,2212,149311,51001053,689620
2021-04-15,Russia,130475,1760,118942,51131528,691380
2021-04-16,Russia,156179,2109,142374,51287707,693489
2021-04-17,Russia,149340,2022,136140,51437047,695511
2021-04-18,Russia,154344,2089,140701,51591391,697600
2021-04-19,Russia,159893,2163,145760,51751284,699763
2021-04-20,Russia,164156,2219,149646,51915440,701982
2021-04-21,Russia,163608,2212,149146,52079048,704194
2021-04-22,Russia,170363,2303,155304,52249411,706497
2021-04-23,Russia,166908,2254,152155,52416319,708751
2021-04-24,Russia,166473,2253,151758,52582792,711004
2021-04-25,Russia,163472,2212,149022,52746264,713216
2021-04-26,Russia,172228,2327,157005,52918492,715543
2021-04-27,Russia,159187,2150,145116,53077679,717693
2021-04-28,Russia,159283,2155,145204,53236962,719848
2021-04-29,Russia,146083,1976,133170,53383045,721824
2021-04-30,Russia,169783,2297,154776,53552828,724121
2021-05-01,Russia,160397,2172,146219,53713225,726293
2021-05-02,Russia,184302,2490,168011,53897527,728783
2021-05-03,Russia,157135,2125,143246,54054662,730908
2021-05-04,Russia,160716,2171,146510,54215378,733079
2021-05-05,Russia,163945,2215,149454,54379323,735294
2021-05-06,Russia,150350,2032,137060,54529673,737326
2021-05-07,Russia,161452,2186,147181,54691125,739512
2021-05-08,Russia,158331,2143,144336,54849456,741655
2021-05-09,Russia,155073,2097,141366,55004529,743752
2021-05-10,Russia,166026,2241,151351,55170555,745993
2021-05-11,Russia,149098,2017,135919,55319653,748010
2021-05-12,Russia,157577,2132,143648,55477230,750142
2021-05-13,Russia,165937,2242,151270,55643167,752384
2021-05-14,Russia,148453,2009,135331,55791620,754393
2021-05-15,Russia,150787,2037,137459,55942407,756430
2021-05-16,Russia,170038,2301,155008,56112445,758731
2021-05-17,Russia,154871,2095,141182,56267316,760826
2021-05-18,Russia,146533,1979,133581,56413849,762805
2021-05-19,Russia,155355,2100,141623,56569204,764905
2021-05-20,Russia,144132,1949,131392,56713336,766854
2021-05-21,Russia,135772,1837,123771,56849108,768691
2021-05-22,Russia,156253,2115,142442,57005361,770806
2021-05-23,Russia,137101,1856,124982,57142462,772662
2021-05-24,Russia,161610,2185,147325,57304072,774847
2021-05-25,Russia,139291,1885,126979,57443363,776732
2021-05-26,Russia,156683,2122,142834,57600046,778854
2021-05-27,Russia,130740,1766,119184,57730786,780620
2021-05-28,Russia,146217,1976,133293,57877003,782596
2021-05-29,Russia,141239,1907,128755,58018242,784503
2021-05-30,Russia,142199,1922,129630,58160441,786425
2021-05-31,Russia,141684,1916,129160,58302125,788341
2021-06-01,Russia,130448,1760,118917,58432573,790101
2021-06-02,Russia,123726,1674,112790,58556299,791775
2021-06-03,Russia,130650,1766,119102,58686949,793541
2021-06-04,Russia,130999,1771,119420,58817948,795312
2021-06-05,Russia,125081,1689,114025,58943029,797001
2021-06-06,Russia,128393,1736,117044,59071422,798737
2021-06-07,Russia,127212,1724,115967,59198634,800461
2021-06-08,Russia,118019,1595,107587,59316653,802056
2021-06-09,Russia,124539,1680,113531,59441192,803736
2021-06-10,Russia,118981,1611,108464,59560173,805347
2021-06-11,Russia,114878,1554,104724,59675051,806901
2021-06-12,Russia,122111,1651,111317,59797162,808552
2021-06-13,Russia,111408,1508,101560,59908570,810060
2021-06-14,Russia,111718,1511,101843,60020288,811571
2021-06-15,Russia,113143,1533,103142,60133431,813104
2021-06-16,Russia,118774,1608,108275,60252205,814712
2021-06-17,Russia,110582,1494,100807,60362787,816206
2021-06-18,Russia,110762,1501,100971,60473549,817707
2021-06-19,Russia,104707,1419,95452,60578256,819126
2021-06-20,Russia,104252,1411,95037,60682508,820537
2021-06-21,Russia,102781,1391,93696,60785289,821928
2021-06-22,Russia,102888,1389,93793,60888177,823317
2021-06-23,Russia,98289,1330,89601,60986466,824647
2021-06-24,Russia,104707,1417,95452,61091173,826064
2021-06-25,Russia,94694,1280,86324,61185867,827344
2021-06-26,Russia,86762,1174,79093,61272629,828518
2021-06-27,Russia,106016,1434,96645,61378645,829952
2021-06-28,Russia,90098,1219,82134,61468743,831171
2021-06-29,Russia,95880,1298,87405,61564623,832469
2021-06-30,Russia,94556,1276,86198,61659179,833745
2021-07-01,Russia,90832,1226,82803,61750011,834971
2021-07-02,Russia,84278,1138,76828,61834289,836109
2021-07-03,Russia,84714,1149,77226,61919003,837258
2021-07-04,Russia,76698,1038,69918,61995701,838296
2021-07-05,Russia,88327,1196,80519,62084028,839492
2021-07-06,Russia,75396,1022,68731,62159424,840514
2021-07-07,Russia,76201,1028,69465,62235625,841542
2021-07-08,Russia,75996,1023,69278,62311621,842565
2021-07-09,Russia,73674,996,67162,62385295,843561
2021-07-10,Russia,70152,950,63951,62455447,844511
2021-07-11,Russia,75962,1027,69247,62531409,845538
2021-07-12,Russia,72801,981,66366,62604210,846519
2021-07-13,Russia,69094,932,62986,62673304,847451
2021-07-14,Russia,65184,879,59422,62738488,848330
2021-07-15,Russia,68505,925,62449,62806993,849255
2021-07-16,Russia,62109,837,56619,62869102,850092
2021-07-17,Russia,67027,906,61102,62936129,850998
2021-07-18,Russia,61059,824,55662,62997188,851822
2021-07-19,Russia,62961,852,57395,63060149,852674
2021-07-20,Russia,57591,777,52500,63117740,853451
2021-07-21,Russia,56748,768,51732,63174488,854219
2021-07-22,Russia,58570,792,53393,63233058,855011
2021-07-23,Russia,59756,809,54474,63292814,855820
2021-07-24,Russia,56625,766,51619,63349439,856586
2021-07-25,Russia,53468,724,48742,63402907,857310
2021-07-26,Russia,51408,697,46864,63454315,858007
2021-07-27,Russia,47435,642,43242,63501750,858649
2021-07-28,Russia,48121,651,43867,63549871,859300
2021-07-29,Russia,44083,594,40186,63593954,859894
2021-07-30,Russia,45829,621,41778,63639783,860515
2021-07-31,Russia,44757,603,40800,63684540,861118
2021-08-01,Russia,38442,519,35044,63722982,861637
2021-08-02,Russia,41553,560,37880,63764535,862197
2021-08-03,Russia,41179,555,37539,63805714,862752
2021-08-04,Russia,39067,527,35613,63844781,863279
2021-08-05,Russia,38824,524,35392,63883605,863803
2021-08-06,Russia,34582,466,31525,63918187,864269
2021-08-07,Russia,34621,468,31560,63952808,864737
2021-08-08,Russia,36801,498,33548,63989609,865235
2021-08-09,Russia,33980,458,30976,64023589,865693
2021-08-10,Russia,33549,458,30583,64057138,866151
2021-08-11,Russia,31142,421,28389,64088280,866572
2021-08-12,Russia,31097,420,28348,64119377,866992
2021-08-13,Russia,26665,359,24308,64146042,867351
2021-08-14,Russia,30462,412,27769,64176504,867763
2021-08-15,Russia,30897,418,28166,64207401,868181
2021-08-16,Russia,25999,351,23700,64233400,868532
2021-08-17,Russia,25358,345,23116,64258758,868877
2021-08-18,Russia,26345,352,24016,64285103,869229
2021-08-19,Russia,26804,361,24434,64311907,869590
2021-08-20,Russia,24165,328,22029,64336072,869918
2021-08-21,Russia,21953,295,20012,64358025,870213
2021-08-22,Russia,22398,299,20418,64380423,870512
2021-08-23,Russia,20767,279,18931,64401190,870791
2021-08-24,Russia,20466,278,18657,64421656,871069
2021-08-25,Russia,20160,270,18378,64441816,871339
2021-08-26,Russia,18867,254,17199,64460683,871593
2021-08-27,Russia,18375,249,16750,64479058,871842
2021-08-28,Russia,18539,249,16900,64497597,872091
2021-08-29,Russia,18029,242,16435,64515626,872333
2021-08-30,Russia,15993,215,14579,64531619,872548
2021-08-31,Russia,16952,228,15453,64548571,872776
2021-09-01,Russia,15732,210,14341,64564303,872986
2021-09-02,Russia,16030,216,14613,64580333,873202
2021-09-03,Russia,15504,211,14133,64595837,873413
2021-09-04,Russia,13994,192,12757,64609831,873605
2021-09-05,Russia,14293,195,13029,64624124,873800
2021-09-06,Russia,12801,173,11669,64636925,873973
2021-09-07,Russia,13725,188,12511,64650650,874161
2021-09-08,Russia,11900,165,10848,64662550,874326
2021-09-09,Russia,12146,164,11072,64674696,874490
2021-09-10,Russia,11380,151,10374,64686076,874641
2021-09-11,Russia,10491,144,9563,64696567,874785
2021-09-12,Russia,11114,147,10131,64707681,874932
2021-09-13,Russia,9912,132,9035,64717593,875064
2021-09-14,Russia,8995,117,8199,64726588,875181
2021-09-15,Russia,8086,110,7371,64734674,875291
2021-09-16,Russia,8683,112,7915,64743357,875403
2021-09-17,Russia,9326,128,8501,64752683,875531
2021-09-18,Russia,8907,124,8119,64761590,875655
2021-09-19,Russia,7755,108,7069,64769345,875763
2021-09-20,Russia,7577,99,6907,64776922,875862
2021-09-21,Russia,7237,94,6597,64784159,875956
2021-09-22,Russia,6633,88,6046,64790792,876044
2021-09-23,Russia,6493,89,5919,64797285,876133
2021-09-24,Russia,6858,95,6251,64804143,876228
2021-09-25,Russia,6423,88,5855,64810566,876316
2021-09-26,Russia,6086,83,5548,64816652,876399
2021-09-27,Russia,5366,77,4891,64822018,876476
2021-09-28,Russia,5536,73,5046,64827554,876549
2021-09-29,Russia,4664,61,4251,64832218,876610
2021-09-30,Russia,5262,68,4796,64837480,876678
2021-10-01,Russia,4893,67,4460,64842373,876745
2021-10-02,Russia,4309,57,3928,64846682,876802
2021-10-03,Russia,4778,66,4355,64851460,876868
2021-10-04,Russia,3844,51,3504,64855304,876919
2021-10-05,Russia,4147,57,3780,64859451,876976
2021-10-06,Russia,3968,52,3617,64863419,877028
2021-10-07,Russia,3458,46,3152,64866877,877074
2021-10-08,Russia,3515,47,3204,64870392,877121
2021-10-09,Russia,3086,38,2813,64873478,877159
2021-10-10,Russia,2750,36,2506,64876228,877195
2021-10-11,Russia,2898,40,2641,64879126,877235
2021-10-12,Russia,2831,36,2580,64881957,877271
2021-10-13,Russia,2877,42,2622,64884834,877313
2021-10-14,Russia,2666,36,2430,64887500,877349
2021-10-15,Russia,2545,33,2320,64890045,877382
2021-10-16,Russia,2290,29,2087,64892335,877411
2021-10-17,Russia,2238,33,2040,64894573,877444
2021-10-18,Russia,2087,26,1902,64896660,877470
2021-10-19,Russia,1956,27,1783,64898616,877497
2021-10-20,Russia,1925,27,1754,64900541,877524
2021-10-21,Russia,1896,26,1728,64902437,877550
2021-10-22,Russia,1745,22,1590,64904182,877572
2021-10-23,Russia,1681,24,1532,64905863,877596
2021-10-24,Russia,1682,23,1533,64907545,877619
2021-10-25,Russia,1505,16,1371,64909050,877635
2021-10-26,Russia,1368,20,1247,64910418,877655
2021-10-27,Russia,1434,18,1307,64911852,877673
2021-10-28,Russia,1342,17,1223,64913194,877690
2021-10-29,Russia,1278,17,1165,64914472,877707
2021-10-30,Russia,1232,15,1123,64915704,877722
2021-10-31,Russia,1159,17,1056,64916863,877739
2021-11-01,Russia,1076,12,980,64917939,877751
2021-11-02,Russia,1144,14,1042,64919083,877765
2021-11-03,Russia,903,14,823,64919986,877779
2021-11-04,Russia,889,12,810,64920875,877791
2021-11-05,Russia,911,10,830,64921786,877801
2021-11-06,Russia,828,11,754,64922614,877812
2021-11-07,Russia,809,11,737,64923423,877823
2021-11-08,Russia,744,6,678,64924167,877829
2021-11-09,Russia,747,13,680,64924914,877842
2021-11-10,Russia,626,12,570,64925540,877854
2021-11-11,Russia,668,9,608,64926208,877863
2021-11-12,Russia,627,8,571,64926835,877871
2021-11-13,Russia,524,7,477,64927359,877878
2021-11-14,Russia,546,9,497,64927905,877887
2021-11-15,Russia,498,7,453,64928403,877894
2021-11-16,Russia,457,6,416,64928860,877900
2021-11-17,Russia,401,8,365,64929261,877908
2021-11-18,Russia,398,7,362,64929659,877915
2021-11-19,Russia,412,3,375,64930071,877918
2021-11-20,Russia,391,7,356,64930462,877925
2021-11-21,Russia,349,7,318,64930811,877932
2021-11-22,Russia,348,5,317,64931159,877937
2021-11-23,Russia,330,5,300,64931489,877942
2021-11-24,Russia,299,3,272,64931788,877945
2021-11-25,Russia,268,1,244,64932056,877946
2021-11-26,Russia,269,7,245,64932325,877953
2021-11-27,Russia,254,0,231,64932579,877953
2021-11-28,Russia,242,6,220,64932821,877959
2021-11-29,Russia,230,2,209,64933051,877961
2021-11-30,Russia,191,5,174,64933242,877966
2021-12-01,Russia,189,2,172,64933431,877968
2021-12-02,Russia,163,4,148,64933594,877972
2021-12-03,Russia,179,3,163,64933773,877975
2021-12-04,Russia,160,0,145,64933933,877975
2021-12-05,Russia,155,2,141,64934088,877977
2021-12-06,Russia,130,1,118,64934218,877978
2021-12-07,Russia,145,3,132,64934363,877981
2021-12-08,Russia,117,1,106,64934480,877982
2021-12-09,Russia,123,2,112,64934603,877984
2021-12-10,Russia,111,0,101,64934714,877984
2021-12-11,Russia,103,0,93,64934817,877984
2021-12-12,Russia,96,1,87,64934913,877985
2021-12-13,Russia,88,1,80,64935001,877986
2021-12-14,Russia,92,0,83,64935093,877986
2021-12-15,Russia,80,2,72,64935173,877988
2021-12-16,Russia,69,2,62,64935242,877990
2021-12-17,Russia,68,1,61,64935310,877991
2021-12-18,Russia,66,0,60,64935376,877991
2021-12-19,Russia,65,0,59,64935441,877991
2021-12-20,Russia,55,0,50,64935496,877991
2021-12-21,Russia,52,1,47,64935548,877992
2021-12-22,Russia,50,0,45,64935598,877992
2021-12-23,Russia,50,0,45,64935648,877992
2021-12-24,Russia,39,1,35,64935687,877993
2021-12-25,Russia,43,4,39,64935730,877997
2021-12-26,Russia,37,0,33,64935767,877997
2021-12-27,Russia,35,4,31,64935802,878001
2021-12-28,Russia,39,0,35,64935841,878001
2021-12-29,Russia,31,1,28,64935872,878002
2021-12-30,Russia,31,2,28,64935903,878004
2020-01-01,Indonesia,162916,3947,141833,162916,3947
2020-01-02,Indonesia,170541,4132,148472,333457,8079
2020-01-03,Indonesia,162796,3942,141729,496253,12021
2020-01-04,Indonesia,181376,4392,157905,677629,16413
2020-01-05,Indonesia,171832,4160,149596,849461,20573
2020-01-06,Indonesia,181205,4387,157756,1030666,24960
2020-01-07,Indonesia,188438,4563,164053,1219104,29523
2020-01-08,Indonesia,190552,4615,165893,1409656,34138
2020-01-09,Indonesia,186461,4513,162332,1596117,38651
2020-01-10,Indonesia,193427,4684,168396,1789544,43335
2020-01-11,Indonesia,204871,4963,178359,1994415,48298
2020-01-12,Indonesia,195996,4747,170633,2190411,53045
2020-01-13,Indonesia,186635,4515,162483,2377046,57560
2020-01-14,Indonesia,202022,4894,175879,2579068,62454
2020-01-15,Indonesia,198505,4810,172817,2777573,67264
2020-01-16,Indonesia,177782,4305,154776,2955355,71569
2020-01-17,Indonesia,208678,5051,181674,3164033,76620
2020-01-18,Indonesia,207680,5029,180805,3371713,81649
2020-01-19,Indonesia,221044,5352,192439,3592757,87001
2020-01-20,Indonesia,203488,4931,177155,3796245,91932
2020-01-21,Indonesia,197745,4787,172155,3993990,96719
2020-01-22,Indonesia,218068,5281,189849,4212058,102000
2020-01-23,Indonesia,222766,5399,193939,4434824,107399
2020-01-24,Indonesia,221980,5377,193254,4656804,112776
2020-01-25,Indonesia,223473,5413,194554,4880277,118189
2020-01-26,Indonesia,213452,5170,185830,5093729,123359
2020-01-27,Indonesia,226145,5480,196880,5319874,128839
2020-01-28,Indonesia,225906,5473,196672,5545780,134312
2020-01-29,Indonesia,244503,5926,212863,5790283,140238
2020-01-30,Indonesia,238599,5783,207723,6028882,146021
2020-01-31,Indonesia,232933,5643,202790,6261815,151664
2020-02-01,Indonesia,258766,6268,225280,6520581,157932
2020-02-02,Indonesia,236969,5740,206304,6757550,163672
2020-02-03,Indonesia,248873,6027,216667,7006423,169699
2020-02-04,Indonesia,241956,5861,210645,7248379,175560
2020-02-05,Indonesia,265865,6437,231460,7514244,181997
2020-02-06,Indonesia,248663,6022,216484,7762907,188019
2020-02-07,Indonesia,250759,6075,218309,8013666,194094
2020-02-08,Indonesia,249221,6038,216970,8262887,200132
2020-02-09,Indonesia,255073,6178,222065,8517960,206310
2020-02-10,Indonesia,269395,6526,234534,8787355,212836
2020-02-11,Indonesia,266468,6457,231985,9053823,219293
2020-02-12,Indonesia,257464,6235,224146,9311287,225528
2020-02-13,Indonesia,280485,6791,244188,9591772,232319
2020-02-14,Indonesia,271170,6569,236079,9862942,238888
2020-02-15,Indonesia,255383,6187,222335,10118325,245075
2020-02-16,Indonesia,244214,5917,212611,10362539,250992
2020-02-17,Indonesia,258010,6247,224622,10620549,257239
2020-02-18,Indonesia,270044,6538,235099,10890593,263777
2020-02-19,Indonesia,273546,6626,238147,11164139,270403
2020-02-20,Indonesia,284709,6897,247866,11448848,277300
2020-02-21,Indonesia,252867,6124,220144,11701715,283424
2020-02-22,Indonesia,262472,6360,228506,11964187,289784
2020-02-23,Indonesia,253311,6136,220531,12217498,295920
2020-02-24,Indonesia,251827,6102,219239,12469325,302022
2020-02-25,Indonesia,262076,6350,228162,12731401,308372
2020-02-26,Indonesia,276155,6687,240419,13007556,315059
2020-02-27,Indonesia,282219,6834,245698,13289775,321893
2020-02-28,Indonesia,259322,6279,225764,13549097,328172
2020-02-29,Indonesia,261632,6338,227775,13810729,334510
2020-03-01,Indonesia,248741,6025,216552,14059470,340535
2020-03-02,Indonesia,276287,6695,240534,14335757,347230
2020-03-03,Indonesia,263599,6386,229488,14599356,353616
2020-03-04,Indonesia,296587,7181,258207,14895943,360797
2020-03-05,Indonesia,279576,6771,243397,15175519,367568
2020-03-06,Indonesia,271702,6577,236542,15447221,374145
2020-03-07,Indonesia,265300,6427,230968,15712521,380572
2020-03-08,Indonesia,253584,6148,220769,15966105,386720
2020-03-09,Indonesia,255254,6183,222222,16221359,392903
2020-03-10,Indonesia,265352,6428,231014,16486711,399331
2020-03-11,Indonesia,264134,6398,229953,16750845,405729
2020-03-12,Indonesia,259813,6294,226192,17010658,412023
2020-03-13,Indonesia,278358,6742,242337,17289016,418765
2020-03-14,Indonesia,279908,6781,243686,17568924,425546
2020-03-15,Indonesia,266280,6448,231822,17835204,431994
2020-03-16,Indonesia,298459,7228,259837,18133663,439222
2020-03-17,Indonesia,247952,6003,215865,18381615,445225
2020-03-18,Indonesia,271986,6588,236789,18653601,451813
2020-03-19,Indonesia,267717,6482,233073,18921318,458295
2020-03-20,Indonesia,262679,6365,228687,19183997,464660
2020-03-21,Indonesia,260123,6300,226461,19444120,470960
2020-03-22,Indonesia,268808,6507,234023,19712928,477467
2020-03-23,Indonesia,265223,6422,230901,19978151,483889
2020-03-24,Indonesia,262323,6354,228377,20240474,490243
2020-03-25,Indonesia,249529,6045,217238,20490003,496288
2020-03-26,Indonesia,244595,5925,212943,20734598,502213
2020-03-27,Indonesia,261548,6333,227702,20996146,508546
2020-03-28,Indonesia,259286,6279,225733,21255432,514825
2020-03-29,Indonesia,261219,6326,227416,21516651,521151
2020-03-30,Indonesia,261589,6337,227738,21778240,527488
2020-03-31,Indonesia,255354,6185,222310,22033594,533673
2020-04-01,Indonesia,258607,6263,225142,22292201,539936
2020-04-02,Indonesia,249435,6040,217156,22541636,545976
2020-04-03,Indonesia,279515,6769,243344,22821151,552745
2020-04-04,Indonesia,248537,6020,216375,23069688,558765
2020-04-05,Indonesia,253271,6137,220496,23322959,564902
2020-04-06,Indonesia,247920,6005,215838,23570879,570907
2020-04-07,Indonesia,246913,5980,214961,23817792,576887
2020-04-08,Indonesia,255911,6198,222794,24073703,583085
2020-04-09,Indonesia,253494,6143,220690,24327197,589228
2020-04-10,Indonesia,248176,6013,216060,24575373,595241
2020-04-11,Indonesia,249655,6049,217348,24825028,601290
2020-04-12,Indonesia,243409,5897,211910,25068437,607187
2020-04-13,Indonesia,256831,6221,223595,25325268,613408
2020-04-14,Indonesia,276878,6709,241048,25602146,620117
2020-04-15,Indonesia,239453,5797,208466,25841599,625914
2020-04-16,Indonesia,254690,6172,221731,26096289,632086
2020-04-17,Indonesia,249726,6050,217410,26346015,638136
2020-04-18,Indonesia,256911,6224,223665,26602926,644360
2020-04-19,Indonesia,256716,6217,223495,26859642,650577
2020-04-20,Indonesia,250131,6060,217762,27109773,656637
2020-04-21,Indonesia,246657,5977,214738,27356430,662614
2020-04-22,Indonesia,241397,5846,210159,27597827,668460
2020-04-23,Indonesia,236991,5739,206323,27834818,674199
2020-04-24,Indonesia,244937,5931,213241,28079755,680130
2020-04-25,Indonesia,230102,5575,200325,28309857,685705
2020-04-26,Indonesia,238426,5775,207572,28548283,691480
2020-04-27,Indonesia,259203,6283,225660,28807486,697763
2020-04-28,Indonesia,246769,5974,214835,29054255,703737
2020-04-29,Indonesia,256536,6212,223339,29310791,709949
2020-04-30,Indonesia,263711,6388,229585,29574502,716337
2020-05-01,Indonesia,243635,5903,212107,29818137,722240
2020-05-02,Indonesia,248588,6022,216419,30066725,728262
2020-05-03,Indonesia,242619,5877,211222,30309344,734139
2020-05-04,Indonesia,236690,5734,206061,30546034,739873
2020-05-05,Indonesia,235392,5702,204931,30781426,745575
2020-05-06,Indonesia,258151,6255,224745,31039577,751830
2020-05-07,Indonesia,250918,6077,218448,31290495,757907
2020-05-08,Indonesia,272026,6588,236824,31562521,764495
2020-05-09,Indonesia,261964,6347,228064,31824485,770842
2020-05-10,Indonesia,241533,5853,210277,32066018,776695
2020-05-11,Indonesia,262243,6351,228307,32328261,783046
2020-05-12,Indonesia,248871,6029,216665,32577132,789075
2020-05-13,Indonesia,269326,6523,234473,32846458,795598
2020-05-14,Indonesia,248919,6030,216707,33095377,801628
2020-05-15,Indonesia,242967,5882,211525,33338344,807510
2020-05-16,Indonesia,247638,5998,215592,33585982,813508
2020-05-17,Indonesia,249773,6049,217451,33835755,819557
2020-05-18,Indonesia,250096,6057,217732,34085851,825614
2020-05-19,Indonesia,255271,6178,222237,34341122,831792
2020-05-20,Indonesia,275962,6688,240251,34617084,838480
2020-05-21,Indonesia,290496,7031,252904,34907580,845511
2020-05-22,Indonesia,250723,6074,218278,35158303,851585
2020-05-23,Indonesia,287825,6969,250579,35446128,858554
2020-05-24,Indonesia,266434,6451,231956,35712562,865005
2020-05-25,Indonesia,280079,6784,243835,35992641,871789
2020-05-26,Indonesia,254756,6172,221789,36247397,877961
2020-05-27,Indonesia,287610,6964,250391,36535007,884925
2020-05-28,Indonesia,254539,6163,221600,36789546,891088
2020-05-29,Indonesia,290132,7025,252587,37079678,898113
2020-05-30,Indonesia,292201,7078,254388,37371879,905191
2020-05-31,Indonesia,294216,7124,256143,37666095,912315
2020-06-01,Indonesia,283653,6873,246947,37949748,919188
2020-06-02,Indonesia,305793,7405,266221,38255541,926593
2020-06-03,Indonesia,306737,7431,267043,38562278,934024
2020-06-04,Indonesia,300995,7294,262044,38863273,941318
2020-06-05,Indonesia,317954,7702,276809,39181227,949020
2020-06-06,Indonesia,309657,7497,269585,39490884,956517
2020-06-07,Indonesia,323085,7827,281276,39813969,964344
2020-06-08,Indonesia,316467,7665,275514,40130436,972009
2020-06-09,Indonesia,325763,7891,283607,40456199,979900
2020-06-10,Indonesia,335532,8130,292112,40791731,988030
2020-06-11,Indonesia,323564,7837,281693,41115295,995867
2020-06-12,Indonesia,313572,7596,272994,41428867,1003463
2020-06-13,Indonesia,343000,8307,298614,41771867,1011770
2020-06-14,Indonesia,362922,8790,315958,42134789,1020560
2020-06-15,Indonesia,352035,8529,306480,42486824,1029089
2020-06-16,Indonesia,356806,8643,310633,42843630,1037732
2020-06-17,Indonesia,354913,8597,308985,43198543,1046329
2020-06-18,Indonesia,373489,9049,325157,43572032,1055378
2020-06-19,Indonesia,361368,8756,314605,43933400,1064134
2020-06-20,Indonesia,361021,8742,314303,44294421,1072876
2020-06-21,Indonesia,394788,9562,343700,44689209,1082438
2020-06-22,Indonesia,368825,8937,321097,45058034,1091375
2020-06-23,Indonesia,400761,9711,348900,45458795,1101086
2020-06-24,Indonesia,410054,9932,356991,45868849,1111018
2020-06-25,Indonesia,404638,9802,352276,46273487,1120820
2020-06-26,Indonesia,373561,9049,325220,46647048,1129869
2020-06-27,Indonesia,404003,9786,351723,47051051,1139655
2020-06-28,Indonesia,404372,9795,352044,47455423,1149450
2020-06-29,Indonesia,403317,9772,351125,47858740,1159222
2020-06-30,Indonesia,421670,10210,367103,48280410,1169432
2020-07-01,Indonesia,440115,10659,383162,48720525,1180091
2020-07-02,Indonesia,419133,10154,364895,49139658,1190245
2020-07-03,Indonesia,430421,10425,374722,49570079,1200670
2020-07-04,Indonesia,434034,10514,377868,50004113,1211184
2020-07-05,Indonesia,470396,11396,409524,50474509,1222580
2020-07-06,Indonesia,443948,10757,386499,50918457,1233337
2020-07-07,Indonesia,426854,10340,371617,51345311,1243677
2020-07-08,Indonesia,423935,10272,369075,51769246,1253949
2020-07-09,Indonesia,473772,11476,412463,52243018,1265425
2020-07-10,Indonesia,452620,10963,394048,52695638,1276388
2020-07-11,Indonesia,491591,11905,427976,53187229,1288293
2020-07-12,Indonesia,448827,10870,390746,53636056,1299163
2020-07-13,Indonesia,472863,11454,411672,54108919,1310617
2020-07-14,Indonesia,458383,11103,399066,54567302,1321720
2020-07-15,Indonesia,506897,12279,441302,55074199,1333999
2020-07-16,Indonesia,517399,12536,450445,55591598,1346535
2020-07-17,Indonesia,514693,12469,448089,56106291,1359004
2020-07-18,Indonesia,483309,11709,420766,56589600,1370713
2020-07-19,Indonesia,496705,12035,432429,57086305,1382748
2020-07-20,Indonesia,526876,12762,458695,57613181,1395510
2020-07-21,Indonesia,481194,11655,418925,58094375,1407165
2020-07-22,Indonesia,523858,12692,456068,58618233,1419857
2020-07-23,Indonesia,575460,13940,500992,59193693,1433797
2020-07-24,Indonesia,534600,12949,465420,59728293,1446746
2020-07-25,Indonesia,503457,12195,438307,60231750,1458941
2020-07-26,Indonesia,531696,12879,462892,60763446,1471820
2020-07-27,Indonesia,535243,12965,465980,61298689,1484785
2020-07-28,Indonesia,616504,14933,536725,61915193,1499718
2020-07-29,Indonesia,607772,14721,529123,62522965,1514439
2020-07-30,Indonesia,585739,14189,509941,63108704,1528628
2020-07-31,Indonesia,559266,13548,486894,63667970,1542176
2020-08-01,Indonesia,607253,14708,528671,64275223,1556884
2020-08-02,Indonesia,543911,13177,473526,64819134,1570061
2020-08-03,Indonesia,611436,14808,532313,65430570,1584869
2020-08-04,Indonesia,610786,14796,531747,66041356,1599665
2020-08-05,Indonesia,582638,14114,507241,66623994,1613779
2020-08-06,Indonesia,623963,15114,543219,67247957,1628893
2020-08-07,Indonesia,580196,14054,505116,67828153,1642947
2020-08-08,Indonesia,558737,13534,486433,68386890,1656481
2020-08-09,Indonesia,628642,15226,547292,69015532,1671707
2020-08-10,Indonesia,599502,14522,521923,69615034,1686229
2020-08-11,Indonesia,622857,15086,542256,70237891,1701315
2020-08-12,Indonesia,662392,16047,576675,70900283,1717362
2020-08-13,Indonesia,587417,14225,511402,71487700,1731587
2020-08-14,Indonesia,607206,14708,528630,72094906,1746295
2020-08-15,Indonesia,661765,16026,576129,72756671,1762321
2020-08-16,Indonesia,636052,15405,553743,73392723,1777726
2020-08-17,Indonesia,595589,14426,518517,73988312,1792152
2020-08-18,Indonesia,589197,14275,512952,74577509,1806427
2020-08-19,Indonesia,603771,14627,525640,75181280,1821054
2020-08-20,Indonesia,598447,14496,521005,75779727,1835550
2020-08-21,Indonesia,629862,15257,548354,76409589,1850807
2020-08-22,Indonesia,625844,15162,544856,77035433,1865969
2020-08-23,Indonesia,632876,15332,550978,77668309,1881301
2020-08-24,Indonesia,598495,14496,521047,78266804,1895797
2020-08-25,Indonesia,622982,15092,542365,78889786,1910889
2020-08-26,Indonesia,561176,13591,488557,79450962,1924480
2020-08-27,Indonesia,630108,15262,548569,80081070,1939742
2020-08-28,Indonesia,662276,16043,576574,80743346,1955785
2020-08-29,Indonesia,580741,14066,505590,81324087,1969851
2020-08-30,Indonesia,639999,15502,557180,81964086,1985353
2020-08-31,Indonesia,605260,14658,526936,82569346,2000011
2020-09-01,Indonesia,648633,15713,564696,83217979,2015724
2020-09-02,Indonesia,627659,15202,546437,83845638,2030926
2020-09-03,Indonesia,634244,15362,552169,84479882,2046288
2020-09-04,Indonesia,622454,15080,541905,85102336,2061368
2020-09-05,Indonesia,660176,15990,574746,85762512,2077358
2020-09-06,Indonesia,628238,15219,546941,86390750,2092577
2020-09-07,Indonesia,594081,14392,517204,86984831,2106969
2020-09-08,Indonesia,616961,14946,537123,87601792,2121915
2020-09-09,Indonesia,600615,14548,522892,88202407,2136463
2020-09-10,Indonesia,614664,14888,535123,88817071,2151351
2020-09-11,Indonesia,594621,14402,517674,89411692,2165753
2020-09-12,Indonesia,584400,14152,508775,89996092,2179905
2020-09-13,Indonesia,608218,14734,529511,90604310,2194639
2020-09-14,Indonesia,601087,14561,523303,91205397,2209200
2020-09-15,Indonesia,628194,15218,546902,91833591,2224418
2020-09-16,Indonesia,581053,14069,505862,92414644,2238487
2020-09-17,Indonesia,531673,12878,462872,92946317,2251365
2020-09-18,Indonesia,576063,13955,501517,93522380,2265320
2020-09-19,Indonesia,535786,12981,466452,94058166,2278301
2020-09-20,Indonesia,591602,14331,515046,94649768,2292632
2020-09-21,Indonesia,527573,12780,459302,95177341,2305412
2020-09-22,Indonesia,543579,13166,473237,95720920,2318578
2020-09-23,Indonesia,557502,13505,485358,96278422,2332083
2020-09-24,Indonesia,607124,14706,528559,96885546,2346789
2020-09-25,Indonesia,529311,12820,460815,97414857,2359609
2020-09-26,Indonesia,555246,13447,483394,97970103,2373056
2020-09-27,Indonesia,566333,13716,493046,98536436,2386772
2020-09-28,Indonesia,586227,14201,510366,99122663,2400973
2020-09-29,Indonesia,562022,13611,489293,99684685,2414584
2020-09-30,Indonesia,565455,13696,492282,100250140,2428280
2020-10-01,Indonesia,554133,13425,482425,100804273,2441705
2020-10-02,Indonesia,494318,11971,430351,101298591,2453676
2020-10-03,Indonesia,530354,12847,461723,101828945,2466523
2020-10-04,Indonesia,537637,13024,468064,102366582,2479547
2020-10-05,Indonesia,486022,11772,423128,102852604,2491319
2020-10-06,Indonesia,490394,11880,426934,103342998,2503199
2020-10-07,Indonesia,479496,11614,417447,103822494,2514813
2020-10-08,Indonesia,513093,12430,446696,104335587,2527243
2020-10-09,Indonesia,486697,11787,423716,104822284,2539030
2020-10-10,Indonesia,474959,11509,413497,105297243,2550539
2020-10-11,Indonesia,446390,10816,388625,105743633,2561355
2020-10-12,Indonesia,469564,11370,408800,106213197,2572725
2020-10-13,Indonesia,452088,10953,393585,106665285,2583678
2020-10-14,Indonesia,464976,11262,404805,107130261,2594940
2020-10-15,Indonesia,427519,10358,372196,107557780,2605298
2020-10-16,Indonesia,451419,10937,393003,108009199,2616235
2020-10-17,Indonesia,431719,10455,375852,108440918,2626690
2020-10-18,Indonesia,408148,9887,355331,108849066,2636577
2020-10-19,Indonesia,400760,9706,348899,109249826,2646283
2020-10-20,Indonesia,398226,9647,346693,109648052,2655930
2020-10-21,Indonesia,412685,9996,359281,110060737,2665926
2020-10-22,Indonesia,413316,10010,359831,110474053,2675936
2020-10-23,Indonesia,410118,9931,357046,110884171,2685867
2020-10-24,Indonesia,404606,9801,352248,111288777,2695668
2020-10-25,Indonesia,377412,9143,328573,111666189,2704811
2020-10-26,Indonesia,406535,9847,353927,112072724,2714658
2020-10-27,Indonesia,371514,8997,323438,112444238,2723655
2020-10-28,Indonesia,382145,9255,332693,112826383,2732910
2020-10-29,Indonesia,364543,8828,317369,113190926,2741738
2020-10-30,Indonesia,368187,8920,320541,113559113,2750658
2020-10-31,Indonesia,351448,8509,305969,113910561,2759167
2020-11-01,Indonesia,356003,8625,309934,114266564,2767792
2020-11-02,Indonesia,342903,8306,298529,114609467,2776098
2020-11-03,Indonesia,350667,8495,305289,114960134,2784593
2020-11-04,Indonesia,317363,7688,276294,115277497,2792281
2020-11-05,Indonesia,296143,7173,257820,115573640,2799454
2020-11-06,Indonesia,303397,7348,264136,115877037,2806802
2020-11-07,Indonesia,329711,7989,287044,116206748,2814791
2020-11-08,Indonesia,304713,7377,265281,116511461,2822168
2020-11-09,Indonesia,302622,7333,263461,116814083,2829501
2020-11-10,Indonesia,279867,6777,243650,117093950,2836278
2020-11-11,Indonesia,290629,7039,253020,117384579,2843317
2020-11-12,Indonesia,269456,6530,234587,117654035,2849847
2020-11-13,Indonesia,266148,6451,231707,117920183,2856298
2020-11-14,Indonesia,267262,6474,232677,118187445,2862772
2020-11-15,Indonesia,273174,6614,237824,118460619,2869386
2020-11-16,Indonesia,268988,6517,234179,118729607,2875903
2020-11-17,Indonesia,263792,6389,229656,118993399,2882292
2020-11-18,Indonesia,231104,5596,201198,119224503,2887888
2020-11-19,Indonesia,245698,5952,213903,119470201,2893840
2020-11-20,Indonesia,238225,5768,207397,119708426,2899608
2020-11-21,Indonesia,217437,5267,189299,119925863,2904875
2020-11-22,Indonesia,230623,5584,200779,120156486,2910459
2020-11-23,Indonesia,222654,5389,193841,120379140,2915848
2020-11-24,Indonesia,226237,5476,196960,120605377,2921324
2020-11-25,Indonesia,216668,5247,188630,120822045,2926571
2020-11-26,Indonesia,205273,4973,178709,121027318,2931544
2020-11-27,Indonesia,215990,5234,188039,121243308,2936778
2020-11-28,Indonesia,179457,4349,156234,121422765,2941127
2020-11-29,Indonesia,196779,4763,171314,121619544,2945890
2020-11-30,Indonesia,176013,4263,153236,121795557,2950153
2020-12-01,Indonesia,180132,4362,156822,121975689,2954515
2020-12-02,Indonesia,189382,4587,164875,122165071,2959102
2020-12-03,Indonesia,168931,4094,147070,122334002,2963196
2020-12-04,Indonesia,163847,3969,142644,122497849,2967165
2020-12-05,Indonesia,193020,4677,168042,122690869,2971842
2020-12-06,Indonesia,157177,3811,136837,122848046,2975653
2020-12-07,Indonesia,178506,4320,155406,123026552,2979973
2020-12-08,Indonesia,159858,3871,139171,123186410,2983844
2020-12-09,Indonesia,153552,3720,133681,123339962,2987564
2020-12-10,Indonesia,158602,3842,138078,123498564,2991406
2020-12-11,Indonesia,160948,3900,140120,123659512,2995306
2020-12-12,Indonesia,139136,3369,121131,123798648,2998675
2020-12-13,Indonesia,140735,3409,122523,123939383,3002084
2020-12-14,Indonesia,147328,3567,128263,124086711,3005651
2020-12-15,Indonesia,140352,3401,122189,124227063,3009052
2020-12-16,Indonesia,142939,3462,124442,124370002,3012514
2020-12-17,Indonesia,136101,3299,118488,124506103,3015813
2020-12-18,Indonesia,141744,3436,123401,124647847,3019249
2020-12-19,Indonesia,128529,3110,111896,124776376,3022359
2020-12-20,Indonesia,126274,3061,109933,124902650,3025420
2020-12-21,Indonesia,124452,3016,108347,125027102,3028436
2020-12-22,Indonesia,119314,2889,103874,125146416,3031325
2020-12-23,Indonesia,122956,2980,107044,125269372,3034305
2020-12-24,Indonesia,117204,2838,102037,125386576,3037143
2020-12-25,Indonesia,118289,2868,102981,125504865,3040011
2020-12-26,Indonesia,117153,2838,101992,125622018,3042849
2020-12-27,Indonesia,112386,2724,97842,125734404,3045573
2020-12-28,Indonesia,110997,2687,96633,125845401,3048260
2020-12-29,Indonesia,101237,2452,88136,125946638,3050712
2020-12-30,Indonesia,102168,2476,88946,126048806,3053188
2020-12-31,Indonesia,107955,2615,93985,126156761,3055803
2021-01-01,Indonesia,109478,2653,95311,126266239,3058456
2021-01-02,Indonesia,91115,2205,79324,126357354,3060661
2021-01-03,Indonesia,96870,2347,84334,126454224,3063008
2021-01-04,Indonesia,98700,2389,85927,126552924,3065397
2021-01-05,Indonesia,93263,2259,81194,126646187,3067656
2021-01-06,Indonesia,92633,2242,80645,126738820,3069898
2021-01-07,Indonesia,98021,2374,85336,126836841,3072272
2021-01-08,Indonesia,102482,2478,89220,126939323,3074750
2021-01-09,Indonesia,84699,2051,73738,127024022,3076801
2021-01-10,Indonesia,92869,2249,80851,127116891,3079050
2021-01-11,Indonesia,95297,2305,82965,127212188,3081355
2021-01-12,Indonesia,96306,2333,83843,127308494,3083688
2021-01-13,Indonesia,93793,2273,81655,127402287,3085961
2021-01-14,Indonesia,100134,2426,87176,127502421,3088387
2021-01-15,Indonesia,91945,2228,80046,127594366,3090615
2021-01-16,Indonesia,97687,2365,85045,127692053,3092980
2021-01-17,Indonesia,88646,2146,77174,127780699,3095126
2021-01-18,Indonesia,91881,2225,79991,127872580,3097351
2021-01-19,Indonesia,86134,2086,74987,127958714,3099437
2021-01-20,Indonesia,95984,2320,83563,128054698,3101757
2021-01-21,Indonesia,91512,2214,79669,128146210,3103971
2021-01-22,Indonesia,94007,2279,81842,128240217,3106250
2021-01-23,Indonesia,91257,2209,79447,128331474,3108459
2021-01-24,Indonesia,95863,2321,83457,128427337,3110780
2021-01-25,Indonesia,95478,2312,83122,128522815,3113092
2021-01-26,Indonesia,89481,2164,77901,128612296,3115256
2021-01-27,Indonesia,90335,2191,78645,128702631,3117447
2021-01-28,Indonesia,95312,2308,82978,128797943,3119755
2021-01-29,Indonesia,99346,2404,86490,128897289,3122159
2021-01-30,Indonesia,105993,2568,92277,129003282,3124727
2021-01-31,Indonesia,99283,2404,86435,129102565,3127131
2021-02-01,Indonesia,103670,2511,90254,129206235,3129642
2021-02-02,Indonesia,91609,2221,79754,129297844,3131863
2021-02-03,Indonesia,110778,2682,96442,129408622,3134545
2021-02-04,Indonesia,104777,2540,91218,129513399,3137085
2021-02-05,Indonesia,102540,2483,89270,129615939,3139568
2021-02-06,Indonesia,103084,2497,89744,129719023,3142065
2021-02-07,Indonesia,99309,2406,86457,129818332,3144471
2021-02-08,Indonesia,101996,2470,88797,129920328,3146941
2021-02-09,Indonesia,117924,2854,102664,130038252,3149795
2021-02-10,Indonesia,103568,2509,90165,130141820,3152304
2021-02-11,Indonesia,104750,2539,91194,130246570,3154843
2021-02-12,Indonesia,107782,2612,93834,130354352,3157455
2021-02-13,Indonesia,106354,2577,92591,130460706,3160032
2021-02-14,Indonesia,114683,2777,99842,130575389,3162809
2021-02-15,Indonesia,122411,2966,106570,130697800,3165775
2021-02-16,Indonesia,114024,2762,99268,130811824,3168537
2021-02-17,Indonesia,110985,2690,96623,130922809,3171227
2021-02-18,Indonesia,122513,2967,106659,131045322,3174194
2021-02-19,Indonesia,122016,2956,106226,131167338,3177150
2021-02-20,Indonesia,130206,3153,113356,131297544,3180303
2021-02-21,Indonesia,122786,2975,106896,131420330,3183278
2021-02-22,Indonesia,125659,3041,109398,131545989,3186319
2021-02-23,Indonesia,128044,3101,111474,131674033,3189420
2021-02-24,Indonesia,131300,3179,114309,131805333,3192599
2021-02-25,Indonesia,129843,3152,113040,131935176,3195751
2021-02-26,Indonesia,130460,3161,113577,132065636,3198912
2021-02-27,Indonesia,123354,2985,107391,132188990,3201897
2021-02-28,Indonesia,133800,3238,116485,132322790,3205135
2021-03-01,Indonesia,144450,3495,125757,132467240,3208630
2021-03-02,Indonesia,147243,3564,128189,132614483,3212194
2021-03-03,Indonesia,139650,3381,121578,132754133,3215575
2021-03-04,Indonesia,154213,3733,134257,132908346,3219308
2021-03-05,Indonesia,146379,3544,127436,133054725,3222852
2021-03-06,Indonesia,138448,3355,120532,133193173,3226207
2021-03-07,Indonesia,137751,3336,119925,133330924,3229543
2021-03-08,Indonesia,161195,3906,140335,133492119,3233449
2021-03-09,Indonesia,150847,3651,131326,133642966,3237100
2021-03-10,Indonesia,146042,3536,127143,133789008,3240636
2021-03-11,Indonesia,139476,3376,121427,133928484,3244012
2021-03-12,Indonesia,155844,3775,135677,134084328,3247787
2021-03-13,Indonesia,163980,3971,142760,134248308,3251758
2021-03-14,Indonesia,156783,3801,136494,134405091,3255559
2021-03-15,Indonesia,155513,3765,135388,134560604,3259324
2021-03-16,Indonesia,161294,3905,140421,134721898,3263229
2021-03-17,Indonesia,177937,4310,154911,134899835,3267539
2021-03-18,Indonesia,157391,3812,137023,135057226,3271351
2021-03-19,Indonesia,165326,4005,143932,135222552,3275356
2021-03-20,Indonesia,182854,4429,159191,135405406,3279785
2021-03-21,Indonesia,178298,4318,155225,135583704,3284103
2021-03-22,Indonesia,177128,4289,154206,135760832,3288392
2021-03-23,Indonesia,171343,4150,149170,135932175,3292542
2021-03-24,Indonesia,178858,4329,155712,136111033,3296871
2021-03-25,Indonesia,175213,4246,152539,136286246,3301117
2021-03-26,Indonesia,173694,4210,151217,136459940,3305327
2021-03-27,Indonesia,173020,4193,150630,136632960,3309520
2021-03-28,Indonesia,191494,4637,166713,136824454,3314157
2021-03-29,Indonesia,185042,4481,161096,137009496,3318638
2021-03-30,Indonesia,189840,4599,165273,137199336,3323237
2021-03-31,Indonesia,189586,4590,165052,137388922,3327827
2021-04-01,Indonesia,193553,4690,168506,137582475,3332517
2021-04-02,Indonesia,188129,4552,163784,137770604,3337069
2021-04-03,Indonesia,187076,4530,162867,137957680,3341599
2021-04-04,Indonesia,184926,4477,160995,138142606,3346076
2021-04-05,Indonesia,180130,4365,156820,138322736,3350441
2021-04-06,Indonesia,183908,4457,160109,138506644,3354898
2021-04-07,Indonesia,192220,4657,167345,138698864,3359555
2021-04-08,Indonesia,180941,4386,157526,138879805,3363941
2021-04-09,Indonesia,183916,4455,160116,139063721,3368396
2021-04-10,Indonesia,208725,5057,181715,139272446,3373453
2021-04-11,Indonesia,201384,4875,175323,139473830,3378328
2021-04-12,Indonesia,195351,4731,170071,139669181,3383059
2021-04-13,Indonesia,223309,5409,194411,139892490,3388468
2021-04-14,Indonesia,184564,4468,160680,140077054,3392936
2021-04-15,Indonesia,211542,5124,184167,140288596,3398060
2021-04-16,Indonesia,201082,4866,175061,140489678,3402926
2021-04-17,Indonesia,210619,5102,183363,140700297,3408028
2021-04-18,Indonesia,204169,4944,177748,140904466,3412972
2021-04-19,Indonesia,184365,4464,160507,141088831,3417436
2021-04-20,Indonesia,204672,4959,178186,141293503,3422395
2021-04-21,Indonesia,207357,5025,180524,141500860,3427420
2021-04-22,Indonesia,181743,4404,158224,141682603,3431824
2021-04-23,Indonesia,224096,5426,195096,141906699,3437250
2021-04-24,Indonesia,207491,5027,180640,142114190,3442277
2021-04-25,Indonesia,211191,5115,183861,142325381,3447392
2021-04-26,Indonesia,192377,4662,167482,142517758,3452054
2021-04-27,Indonesia,211237,5117,183901,142728995,3457171
2021-04-28,Indonesia,215148,5208,187306,142944143,3462379
2021-04-29,Indonesia,206407,4999,179696,143150550,3467378
2021-04-30,Indonesia,203463,4926,177133,143354013,3472304
2021-05-01,Indonesia,194156,4701,169031,143548169,3477005
2021-05-02,Indonesia,200669,4860,174701,143748838,3481865
2021-05-03,Indonesia,197249,4778,171724,143946087,3486643
2021-05-04,Indonesia,207723,5033,180842,144153810,3491676
2021-05-05,Indonesia,192847,4670,167891,144346657,3496346
2021-05-06,Indonesia,206484,5004,179764,144553141,3501350
2021-05-07,Indonesia,191769,4641,166953,144744910,3505991
2021-05-08,Indonesia,196850,4766,171376,144941760,3510757
2021-05-09,Indonesia,204836,4965,178329,145146596,3515722
2021-05-10,Indonesia,190946,4623,166236,145337542,3520345
2021-05-11,Indonesia,203466,4931,177136,145541008,3525276
2021-05-12,Indonesia,201574,4882,175489,145742582,3530158
2021-05-13,Indonesia,192550,4664,167633,145935132,3534822
2021-05-14,Indonesia,205472,4979,178882,146140604,3539801
2021-05-15,Indonesia,193889,4698,168798,146334493,3544499
2021-05-16,Indonesia,202623,4910,176402,146537116,3549409
2021-05-17,Indonesia,208011,5038,181093,146745127,3554447
2021-05-18,Indonesia,187410,4540,163158,146932537,3558987
2021-05-19,Indonesia,194540,4711,169365,147127077,3563698
2021-05-20,Indonesia,181214,4387,157764,147308291,3568085
2021-05-21,Indonesia,176259,4269,153450,147484550,3572354
2021-05-22,Indonesia,182689,4425,159048,147667239,3576779
2021-05-23,Indonesia,170612,4129,148534,147837851,3580908
2021-05-24,Indonesia,173125,4195,150721,148010976,3585103
2021-05-25,Indonesia,185485,4493,161482,148196461,3589596
2021-05-26,Indonesia,174047,4214,151524,148370508,3593810
2021-05-27,Indonesia,183369,4442,159640,148553877,3598252
2021-05-28,Indonesia,178112,4313,155063,148731989,3602565
2021-05-29,Indonesia,189952,4601,165371,148921941,3607166
2021-05-30,Indonesia,176714,4283,153846,149098655,3611449
2021-05-31,Indonesia,180008,4361,156714,149278663,3615810
2021-06-01,Indonesia,172179,4169,149898,149450842,3619979
2021-06-02,Indonesia,169638,4107,147686,149620480,3624086
2021-06-03,Indonesia,174885,4234,152254,149795365,3628320
2021-06-04,Indonesia,168922,4093,147062,149964287,3632413
2021-06-05,Indonesia,163324,3956,142189,150127611,3636369
2021-06-06,Indonesia,161416,3911,140528,150289027,3640280
2021-06-07,Indonesia,162147,3927,141164,150451174,3644207
2021-06-08,Indonesia,150763,3650,131253,150601937,3647857
2021-06-09,Indonesia,148583,3600,129355,150750520,3651457
2021-06-10,Indonesia,162992,3946,141900,150913512,3655403
2021-06-11,Indonesia,164197,3976,142949,151077709,3659379
2021-06-12,Indonesia,141340,3421,123049,151219049,3662800
2021-06-13,Indonesia,141349,3422,123057,151360398,3666222
2021-06-14,Indonesia,152485,3695,132752,151512883,3669917
2021-06-15,Indonesia,146029,3539,127132,151658912,3673456
2021-06-16,Indonesia,144956,3513,126198,151803868,3676969
2021-06-17,Indonesia,144379,3499,125695,151948247,3680468
2021-06-18,Indonesia,134506,3257,117100,152082753,3683725
2021-06-19,Indonesia,136312,3303,118672,152219065,3687028
2021-06-20,Indonesia,133712,3241,116409,152352777,3690269
2021-06-21,Indonesia,124410,3011,108310,152477187,3693280
2021-06-22,Indonesia,129947,3148,113131,152607134,3696428
2021-06-23,Indonesia,133659,3237,116362,152740793,3699665
2021-06-24,Indonesia,121736,2945,105982,152862529,3702610
2021-06-25,Indonesia,122671,2972,106796,152985200,3705582
2021-06-26,Indonesia,120917,2927,105269,153106117,3708509
2021-06-27,Indonesia,115945,2810,100941,153222062,3711319
2021-06-28,Indonesia,119475,2892,104014,153341537,3714211
2021-06-29,Indonesia,109650,2656,95460,153451187,3716867
2021-06-30,Indonesia,118892,2880,103506,153570079,3719747
2021-07-01,Indonesia,112851,2730,98247,153682930,3722477
2021-07-02,Indonesia,102360,2478,89114,153785290,3724955
2021-07-03,Indonesia,114314,2769,99521,153899604,3727724
2021-07-04,Indonesia,104221,2526,90734,154003825,3730250
2021-07-05,Indonesia,97684,2366,85043,154101509,3732616
2021-07-06,Indonesia,104843,2541,91275,154206352,3735157
2021-07-07,Indonesia,99783,2418,86870,154306135,3737575
2021-07-08,Indonesia,86951,2107,75699,154393086,3739682
2021-07-09,Indonesia,90995,2205,79219,154484081,3741887
2021-07-10,Indonesia,92790,2247,80782,154576871,3744134
2021-07-11,Indonesia,79912,1933,69571,154656783,3746067
2021-07-12,Indonesia,88053,2136,76658,154744836,3748203
2021-07-13,Indonesia,86467,2096,75277,154831303,3750299
2021-07-14,Indonesia,78948,1912,68731,154910251,3752211
2021-07-15,Indonesia,83170,2015,72407,154993421,3754226
2021-07-16,Indonesia,80252,1944,69867,155073673,3756170
2021-07-17,Indonesia,73733,1784,64191,155147406,3757954
2021-07-18,Indonesia,80130,1940,69760,155227536,3759894
2021-07-19,Indonesia,77966,1891,67876,155305502,3761785
2021-07-20,Indonesia,72015,1744,62695,155377517,3763529
2021-07-21,Indonesia,70630,1711,61490,155448147,3765240
2021-07-22,Indonesia,72155,1750,62817,155520302,3766990
2021-07-23,Indonesia,67253,1629,58550,155587555,3768619
2021-07-24,Indonesia,59867,1448,52119,155647422,3770067
2021-07-25,Indonesia,66195,1603,57629,155713617,3771670
2021-07-26,Indonesia,60437,1462,52616,155774054,3773132
2021-07-27,Indonesia,60204,1455,52413,155834258,3774587
2021-07-28,Indonesia,64190,1556,55883,155898448,3776143
2021-07-29,Indonesia,57887,1401,50396,155956335,3777544
2021-07-30,Indonesia,56757,1368,49412,156013092,3778912
2021-07-31,Indonesia,56659,1372,49327,156069751,3780284
2021-08-01,Indonesia,55134,1336,47999,156124885,3781620
2021-08-02,Indonesia,49917,1213,43457,156174802,3782833
2021-08-03,Indonesia,50743,1229,44176,156225545,3784062
2021-08-04,Indonesia,49585,1203,43168,156275130,3785265
2021-08-05,Indonesia,48774,1182,42462,156323904,3786447
2021-08-06,Indonesia,47445,1148,41305,156371349,3787595
2021-08-07,Indonesia,51325,1243,44683,156422674,3788838
2021-08-08,Indonesia,41546,1006,36169,156464220,3789844
2021-08-09,Indonesia,44970,1087,39150,156509190,3790931
2021-08-10,Indonesia,44082,1066,38377,156553272,3791997
2021-08-11,Indonesia,41390,1001,36033,156594662,3792998
2021-08-12,Indonesia,37920,918,33012,156632582,3793916
2021-08-13,Indonesia,41187,997,35857,156673769,3794913
2021-08-14,Indonesia,32828,794,28579,156706597,3795707
2021-08-15,Indonesia,34525,835,30057,156741122,3796542
2021-08-16,Indonesia,36678,884,31931,156777800,3797426
2021-08-17,Indonesia,32950,796,28686,156810750,3798222
2021-08-18,Indonesia,35118,850,30573,156845868,3799072
2021-08-19,Indonesia,29112,708,25344,156874980,3799780
2021-08-20,Indonesia,28794,698,25067,156903774,3800478
2021-08-21,Indonesia,28727,693,25009,156932501,3801171
2021-08-22,Indonesia,29152,709,25379,156961653,3801880
2021-08-23,Indonesia,27317,661,23782,156988970,3802541
2021-08-24,Indonesia,26059,628,22686,157015029,3803169
2021-08-25,Indonesia,27664,669,24084,157042693,3803838
2021-08-26,Indonesia,26854,652,23378,157069547,3804490
2021-08-27,Indonesia,23622,569,20565,157093169,3805059
2021-08-28,Indonesia,21308,514,18550,157114477,3805573
2021-08-29,Indonesia,20074,489,17476,157134551,3806062
2021-08-30,Indonesia,21987,533,19141,157156538,3806595
2021-08-31,Indonesia,21659,523,18856,157178197,3807118
2021-09-01,Indonesia,20299,491,17672,157198496,3807609
2021-09-02,Indonesia,19451,471,16933,157217947,3808080
2021-09-03,Indonesia,18067,437,15729,157236014,3808517
2021-09-04,Indonesia,18745,456,16319,157254759,3808973
2021-09-05,Indonesia,18964,459,16509,157273723,3809432
2021-09-06,Indonesia,14986,364,13046,157288709,3809796
2021-09-07,Indonesia,16176,392,14082,157304885,3810188
2021-09-08,Indonesia,14879,360,12953,157319764,3810548
2021-09-09,Indonesia,13934,339,12130,157333698,3810887
2021-09-10,Indonesia,13673,333,11903,157347371,3811220
2021-09-11,Indonesia,14211,340,12372,157361582,3811560
2021-09-12,Indonesia,13688,331,11916,157375270,3811891
2021-09-13,Indonesia,13846,339,12054,157389116,3812230
2021-09-14,Indonesia,12410,299,10804,157401526,3812529
2021-09-15,Indonesia,10874,264,9466,157412400,3812793
2021-09-16,Indonesia,11321,276,9856,157423721,3813069
2021-09-17,Indonesia,10242,245,8916,157433963,3813314
2021-09-18,Indonesia,9932,239,8646,157443895,3813553
2021-09-19,Indonesia,10444,249,9092,157454339,3813802
2021-09-20,Indonesia,9837,238,8564,157464176,3814040
2021-09-21,Indonesia,9623,233,8377,157473799,3814273
2021-09-22,Indonesia,8807,214,7667,157482606,3814487
2021-09-23,Indonesia,8941,219,7783,157491547,3814706
2021-09-24,Indonesia,8075,195,7030,157499622,3814901
2021-09-25,Indonesia,8347,199,7266,157507969,3815100
2021-09-26,Indonesia,7705,184,6707,157515674,3815284
2021-09-27,Indonesia,7181,172,6251,157522855,3815456
2021-09-28,Indonesia,7023,170,6114,157529878,3815626
2021-09-29,Indonesia,6648,165,5787,157536526,3815791
2021-09-30,Indonesia,6879,166,5988,157543405,3815957
2021-10-01,Indonesia,6169,152,5370,157549574,3816109
2021-10-02,Indonesia,5830,140,5075,157555404,3816249
2021-10-03,Indonesia,5509,131,4796,157560913,3816380
2021-10-04,Indonesia,5557,132,4837,157566470,3816512
2021-10-05,Indonesia,5277,126,4594,157571747,3816638
2021-10-06,Indonesia,4803,116,4181,157576550,3816754
2021-10-07,Indonesia,4382,106,3814,157580932,3816860
2021-10-08,Indonesia,4242,101,3693,157585174,3816961
2021-10-09,Indonesia,4203,103,3659,157589377,3817064
2021-10-10,Indonesia,4324,106,3764,157593701,3817170
2021-10-11,Indonesia,3816,91,3322,157597517,3817261
2021-10-12,Indonesia,3576,88,3113,157601093,3817349
2021-10-13,Indonesia,3205,73,2790,157604298,3817422
2021-10-14,Indonesia,3608,82,3141,157607906,3817504
2021-10-15,Indonesia,3287,81,2861,157611193,3817585
2021-10-16,Indonesia,3167,75,2757,157614360,3817660
2021-10-17,Indonesia,3041,78,2647,157617401,3817738
2021-10-18,Indonesia,2740,66,2385,157620141,3817804
2021-10-19,Indonesia,2642,61,2300,157622783,3817865
2021-10-20,Indonesia,2692,68,2343,157625475,3817933
2021-10-21,Indonesia,2405,59,2093,157627880,3817992
2021-10-22,Indonesia,2334,59,2031,157630214,3818051
2021-10-23,Indonesia,2251,53,1959,157632465,3818104
2021-10-24,Indonesia,2117,52,1843,157634582,3818156
2021-10-25,Indonesia,1936,45,1685,157636518,3818201
2021-10-26,Indonesia,1849,41,1609,157638367,3818242
2021-10-27,Indonesia,1829,45,1592,157640196,3818287
2021-10-28,Indonesia,1737,41,1512,157641933,3818328
2021-10-29,Indonesia,1680,38,1462,157643613,3818366
2021-10-30,Indonesia,1548,34,1347,157645161,3818400
2021-10-31,Indonesia,1472,36,1281,157646633,3818436
2021-11-01,Indonesia,1325,32,1153,157647958,3818468
2021-11-02,Indonesia,1248,29,1086,157649206,3818497
2021-11-03,Indonesia,1268,29,1103,157650474,3818526
2021-11-04,Indonesia,1122,28,976,157651596,3818554
2021-11-05,Indonesia,1094,21,952,157652690,3818575
2021-11-06,Indonesia,1111,28,967,157653801,3818603
2021-11-07,Indonesia,1044,26,908,157654845,3818629
2021-11-08,Indonesia,945,20,822,157655790,3818649
2021-11-09,Indonesia,867,17,754,157656657,3818666
2021-11-10,Indonesia,828,21,720,157657485,3818687
2021-11-11,Indonesia,824,17,717,157658309,3818704
2021-11-12,Indonesia,744,21,647,157659053,3818725
2021-11-13,Indonesia,685,20,596,157659738,3818745
2021-11-14,Indonesia,708,18,616,157660446,3818763
2021-11-15,Indonesia,636,15,553,157661082,3818778
2021-11-16,Indonesia,577,13,502,157661659,3818791
2021-11-17,Indonesia,576,10,501,157662235,3818801
2021-11-18,Indonesia,558,12,485,157662793,3818813
2021-11-19,Indonesia,475,10,413,157663268,3818823
2021-11-20,Indonesia,468,10,407,157663736,3818833
2021-11-21,Indonesia,440,11,383,157664176,3818844
2021-11-22,Indonesia,431,10,375,157664607,3818854
2021-11-23,Indonesia,410,11,356,157665017,3818865
2021-11-24,Indonesia,363,7,316,157665380,3818872
2021-11-25,Indonesia,324,9,282,157665704,3818881
2021-11-26,Indonesia,350,8,304,157666054,3818889
2021-11-27,Indonesia,294,8,255,157666348,3818897
2021-11-28,Indonesia,299,7,260,157666647,3818904
2021-11-29,Indonesia,275,10,239,157666922,3818914
2021-11-30,Indonesia,263,1,228,157667185,3818915
2021-12-01,Indonesia,267,7,232,157667452,3818922
2021-12-02,Indonesia,269,8,234,157667721,3818930
2021-12-03,Indonesia,197,2,171,157667918,3818932
2021-12-04,Indonesia,215,8,187,157668133,3818940
2021-12-05,Indonesia,190,4,165,157668323,3818944
2021-12-06,Indonesia,190,4,165,157668513,3818948
2021-12-07,Indonesia,178,5,154,157668691,3818953
2021-12-08,Indonesia,171,5,148,157668862,3818958
2021-12-09,Indonesia,151,3,131,157669013,3818961
2021-12-10,Indonesia,133,3,115,157669146,3818964
2021-12-11,Indonesia,138,5,120,157669284,3818969
2021-12-12,Indonesia,124,4,107,157669408,3818973
2021-12-13,Indonesia,114,3,99,157669522,3818976
2021-12-14,Indonesia,105,0,91,157669627,3818976
2021-12-15,Indonesia,107,0,93,157669734,3818976
2021-12-16,Indonesia,104,4,90,157669838,3818980
2021-12-17,Indonesia,82,1,71,157669920,3818981
2021-12-18,Indonesia,86,0,74,157670006,3818981
2021-12-19,Indonesia,76,2,66,157670082,3818983
2021-12-20,Indonesia,66,2,57,157670148,3818985
2021-12-21,Indonesia,69,1,60,157670217,3818986
2021-12-22,Indonesia,60,2,52,157670277,3818988
2021-12-23,Indonesia,53,0,46,157670330,3818988
2021-12-24,Indonesia,53,0,46,157670383,3818988
2021-12-25,Indonesia,48,4,41,157670431,3818992
2021-12-26,Indonesia,46,0,40,157670477,3818992
2021-12-27,Indonesia,41,0,35,157670518,3818992
2021-12-28,Indonesia,41,0,35,157670559,3818992
2021-12-29,Indonesia,37,0,32,157670596,3818992
2021-12-30,Indonesia,38,0,33,157670634,3818992
2020-01-01,South Africa,68844,1226,59439,68844,1226
2020-01-02,South Africa,73204,1300,63203,142048,2526
2020-01-03,South Africa,70019,1245,60453,212067,3771
2020-01-04,South Africa,70128,1247,60547,282195,5018
2020-01-05,South Africa,80535,1431,69533,362730,6449
2020-01-06,South Africa,71059,1265,61351,433789,7714
2020-01-07,South Africa,75161,1336,64893,508950,9050
2020-01-08,South Africa,78852,1405,68080,587802,10455
2020-01-09,South Africa,75116,1334,64854,662918,11789
2020-01-10,South Africa,82545,1468,71268,745463,13257
2020-01-11,South Africa,79832,1418,68926,825295,14675
2020-01-12,South Africa,84929,1513,73327,910224,16188
2020-01-13,South Africa,85759,1525,74043,995983,17713
2020-01-14,South Africa,83400,1482,72006,1079383,19195
2020-01-15,South Africa,92843,1651,80159,1172226,20846
2020-01-16,South Africa,83735,1489,72296,1255961,22335
2020-01-17,South Africa,93613,1666,80824,1349574,24001
2020-01-18,South Africa,93982,1673,81143,1443556,25674
2020-01-19,South Africa,97779,1739,84421,1541335,27413
2020-01-20,South Africa,91660,1630,79138,1632995,29043
2020-01-21,South Africa,88277,1564,76217,1721272,30607
2020-01-22,South Africa,102570,1824,88558,1823842,32431
2020-01-23,South Africa,92350,1646,79734,1916192,34077
2020-01-24,South Africa,91049,1620,78611,2007241,35697
2020-01-25,South Africa,94972,1687,81998,2102213,37384
2020-01-26,South Africa,92084,1637,79504,2194297,39021
2020-01-27,South Africa,100349,1784,86640,2294646,40805
2020-01-28,South Africa,95706,1705,82631,2390352,42510
2020-01-29,South Africa,98165,1748,84754,2488517,44258
2020-01-30,South Africa,105342,1872,90951,2593859,46130
2020-01-31,South Africa,104502,1859,90226,2698361,47989
2020-02-01,South Africa,102261,1817,88291,2800622,49806
2020-02-02,South Africa,103882,1847,89690,2904504,51653
2020-02-03,South Africa,103864,1846,89675,3008368,53499
2020-02-04,South Africa,102321,1819,88343,3110689,55318
2020-02-05,South Africa,105315,1874,90928,3216004,57192
2020-02-06,South Africa,108661,1936,93817,3324665,59128
2020-02-07,South Africa,106089,1887,91596,3430754,61015
2020-02-08,South Africa,109698,1949,94712,3540452,62964
2020-02-09,South Africa,103575,1843,89425,3644027,64807
2020-02-10,South Africa,105444,1876,91039,3749471,66683
2020-02-11,South Africa,105316,1873,90929,3854787,68556
2020-02-12,South Africa,106802,1904,92212,3961589,70460
2020-02-13,South Africa,117568,2092,101507,4079157,72552
2020-02-14,South Africa,115010,2047,99298,4194167,74599
2020-02-15,South Africa,105472,1872,91063,4299639,76471
2020-02-16,South Africa,114392,2033,98765,4414031,78504
2020-02-17,South Africa,110186,1961,95133,4524217,80465
2020-02-18,South Africa,108942,1939,94059,4633159,82404
2020-02-19,South Africa,104763,1863,90451,4737922,84267
2020-02-20,South Africa,119042,2119,102779,4856964,86386
2020-02-21,South Africa,106081,1889,91589,4963045,88275
2020-02-22,South Africa,113842,2024,98290,5076887,90299
2020-02-23,South Africa,108987,1938,94098,5185874,92237
2020-02-24,South Africa,119082,2118,102814,5304956,94355
2020-02-25,South Africa,112917,2010,97491,5417873,96365
2020-02-26,South Africa,114236,2031,98630,5532109,98396
2020-02-27,South Africa,114571,2040,98919,5646680,100436
2020-02-28,South Africa,117007,2081,101022,5763687,102517
2020-02-29,South Africa,115420,2052,99652,5879107,104569
2020-03-01,South Africa,115147,2053,99417,5994254,106622
2020-03-02,South Africa,112425,1997,97066,6106679,108619
2020-03-03,South Africa,106320,1893,91795,6212999,110512
2020-03-04,South Africa,108916,1934,94037,6321915,112446
2020-03-05,South Africa,119443,2126,103126,6441358,114572
2020-03-06,South Africa,113439,2023,97942,6554797,116595
2020-03-07,South Africa,111252,1981,96054,6666049,118576
2020-03-08,South Africa,106837,1903,92242,6772886,120479
2020-03-09,South Africa,104862,1865,90537,6877748,122344
2020-03-10,South Africa,110485,1967,95391,6988233,124311
2020-03-11,South Africa,119343,2124,103039,7107576,126435
2020-03-12,South Africa,110819,1975,95680,7218395,128410
2020-03-13,South Africa,115972,2061,100129,7334367,130471
2020-03-14,South Africa,109948,1958,94928,7444315,132429
2020-03-15,South Africa,116622,2075,100690,7560937,134504
2020-03-16,South Africa,110648,1967,95532,7671585,136471
2020-03-17,South Africa,105308,1873,90922,7776893,138344
2020-03-18,South Africa,110284,1959,95218,7887177,140303
2020-03-19,South Africa,121539,2156,104935,8008716,142459
2020-03-20,South Africa,120767,2146,104269,8129483,144605
2020-03-21,South Africa,113021,2010,97581,8242504,146615
2020-03-22,South Africa,109053,1940,94155,8351557,148555
2020-03-23,South Africa,110911,1970,95759,8462468,150525
2020-03-24,South Africa,110395,1963,95314,8572863,152488
2020-03-25,South Africa,107859,1919,93124,8680722,154407
2020-03-26,South Africa,109824,1953,94821,8790546,156360
2020-03-27,South Africa,107926,1918,93182,8898472,158278
2020-03-28,South Africa,104476,1857,90203,9002948,160135
2020-03-29,South Africa,99170,1767,85622,9102118,161902
2020-03-30,South Africa,102366,1818,88382,9204484,163720
2020-03-31,South Africa,108222,1927,93438,9312706,165647
2020-04-01,South Africa,103166,1838,89072,9415872,167485
2020-04-02,South Africa,104121,1851,89897,9519993,169336
2020-04-03,South Africa,100375,1786,86663,9620368,171122
2020-04-04,South Africa,95684,1701,82612,9716052,172823
2020-04-05,South Africa,99049,1762,85518,9815101,174585
2020-04-06,South Africa,94355,1683,81465,9909456,176268
2020-04-07,South Africa,93265,1662,80524,10002721,177930
2020-04-08,South Africa,103690,1844,89525,10106411,179774
2020-04-09,South Africa,94918,1686,81951,10201329,181460
2020-04-10,South Africa,92542,1646,79900,10293871,183106
2020-04-11,South Africa,102954,1832,88889,10396825,184938
2020-04-12,South Africa,98228,1749,84809,10495053,186687
2020-04-13,South Africa,91771,1632,79234,10586824,188319
2020-04-14,South Africa,94609,1687,81684,10681433,190006
2020-04-15,South Africa,90661,1613,78276,10772094,191619
2020-04-16,South Africa,87706,1559,75724,10859800,193178
2020-04-17,South Africa,92096,1639,79515,10951896,194817
2020-04-18,South Africa,87619,1560,75649,11039515,196377
2020-04-19,South Africa,88497,1573,76407,11128012,197950
2020-04-20,South Africa,91722,1630,79192,11219734,199580
2020-04-21,South Africa,90300,1603,77964,11310034,201183
2020-04-22,South Africa,83113,1478,71759,11393147,202661
2020-04-23,South Africa,86620,1543,74787,11479767,204204
2020-04-24,South Africa,78948,1406,68163,11558715,205610
2020-04-25,South Africa,84638,1508,73075,11643353,207118
2020-04-26,South Africa,82491,1466,71222,11725844,208584
2020-04-27,South Africa,82531,1468,71256,11808375,210052
2020-04-28,South Africa,78923,1400,68141,11887298,211452
2020-04-29,South Africa,87499,1558,75545,11974797,213010
2020-04-30,South Africa,74838,1334,64614,12049635,214344
2020-05-01,South Africa,81275,1444,70172,12130910,215788
2020-05-02,South Africa,72700,1296,62768,12203610,217084
2020-05-03,South Africa,77723,1382,67105,12281333,218466
2020-05-04,South Africa,77135,1370,66597,12358468,219836
2020-05-05,South Africa,74355,1322,64197,12432823,221158
2020-05-06,South Africa,71520,1273,61749,12504343,222431
2020-05-07,South Africa,73046,1299,63067,12577389,223730
2020-05-08,South Africa,72701,1292,62769,12650090,225022
2020-05-09,South Africa,77318,1376,66755,12727408,226398
2020-05-10,South Africa,67137,1195,57965,12794545,227593
2020-05-11,South Africa,67518,1201,58294,12862063,228794
2020-05-12,South Africa,69690,1239,60169,12931753,230033
2020-05-13,South Africa,67119,1193,57950,12998872,231226
2020-05-14,South Africa,66947,1192,57801,13065819,232418
2020-05-15,South Africa,70157,1245,60573,13135976,233663
2020-05-16,South Africa,56620,1005,48885,13192596,234668
2020-05-17,South Africa,63308,1126,54659,13255904,235794
2020-05-18,South Africa,58988,1048,50929,13314892,236842
2020-05-19,South Africa,60169,1071,51949,13375061,237913
2020-05-20,South Africa,71015,1263,61313,13446076,239176
2020-05-21,South Africa,64683,1155,55846,13510759,240331
2020-05-22,South Africa,65197,1158,56290,13575956,241489
2020-05-23,South Africa,61437,1093,53044,13637393,242582
2020-05-24,South Africa,63475,1127,54803,13700868,243709
2020-05-25,South Africa,55285,987,47732,13756153,244696
2020-05-26,South Africa,63275,1129,54631,13819428,245825
2020-05-27,South Africa,57232,1015,49413,13876660,246840
2020-05-28,South Africa,57653,1025,49777,13934313,247865
2020-05-29,South Africa,60280,1072,52045,13994593,248937
2020-05-30,South Africa,59307,1054,51205,14053900,249991
2020-05-31,South Africa,58236,1035,50280,14112136,251026
2020-06-01,South Africa,53691,956,46356,14165827,251982
2020-06-02,South Africa,57555,1027,49692,14223382,253009
2020-06-03,South Africa,59674,1063,51522,14283056,254072
2020-06-04,South Africa,55120,982,47590,14338176,255054
2020-06-05,South Africa,60044,1067,51841,14398220,256121
2020-06-06,South Africa,53621,956,46295,14451841,257077
2020-06-07,South Africa,55838,995,48210,14507679,258072
2020-06-08,South Africa,59860,1064,51682,14567539,259136
2020-06-09,South Africa,53494,951,46186,14621033,260087
2020-06-10,South Africa,58102,1030,50164,14679135,261117
2020-06-11,South Africa,60458,1073,52198,14739593,262190
2020-06-12,South Africa,55343,983,47782,14794936,263173
2020-06-13,South Africa,53300,946,46018,14848236,264119
2020-06-14,South Africa,52520,936,45345,14900756,265055
2020-06-15,South Africa,58098,1033,50161,14958854,266088
2020-06-16,South Africa,57944,1032,50028,15016798,267120
2020-06-17,South Africa,58354,1035,50382,15075152,268155
2020-06-18,South Africa,54283,968,46867,15129435,269123
2020-06-19,South Africa,57174,1018,49363,15186609,270141
2020-06-20,South Africa,54217,965,46810,15240826,271106
2020-06-21,South Africa,51963,926,44864,15292789,272032
2020-06-22,South Africa,57454,1022,49605,15350243,273054
2020-06-23,South Africa,58892,1045,50846,15409135,274099
2020-06-24,South Africa,51723,921,44657,15460858,275020
2020-06-25,South Africa,51746,919,44677,15512604,275939
2020-06-26,South Africa,54786,975,47301,15567390,276914
2020-06-27,South Africa,57404,1019,49562,15624794,277933
2020-06-28,South Africa,51792,924,44716,15676586,278857
2020-06-29,South Africa,55666,991,48061,15732252,279848
2020-06-30,South Africa,53559,955,46242,15785811,280803
2020-07-01,South Africa,57289,1017,49462,15843100,281820
2020-07-02,South Africa,53305,949,46023,15896405,282769
2020-07-03,South Africa,57855,1029,49951,15954260,283798
2020-07-04,South Africa,55456,986,47880,16009716,284784
2020-07-05,South Africa,53473,947,46168,16063189,285731
2020-07-06,South Africa,56497,1009,48779,16119686,286740
2020-07-07,South Africa,51060,908,44084,16170746,287648
2020-07-08,South Africa,55185,982,47646,16225931,288630
2020-07-09,South Africa,57974,1028,50054,16283905,289658
2020-07-10,South Africa,52185,931,45056,16336090,290589
2020-07-11,South Africa,50117,894,43270,16386207,291483
2020-07-12,South Africa,51013,909,44044,16437220,292392
2020-07-13,South Africa,61891,1101,53436,16499111,293493
2020-07-14,South Africa,58086,1038,50151,16557197,294531
2020-07-15,South Africa,57024,1016,49234,16614221,295547
2020-07-16,South Africa,61645,1094,53223,16675866,296641
2020-07-17,South Africa,57948,1031,50031,16733814,297672
2020-07-18,South Africa,60227,1072,51999,16794041,298744
2020-07-19,South Africa,59792,1064,51623,16853833,299808
2020-07-20,South Africa,58588,1043,50584,16912421,300851
2020-07-21,South Africa,61177,1091,52819,16973598,301942
2020-07-22,South Africa,62921,1119,54325,17036519,303061
2020-07-23,South Africa,60302,1072,52064,17096821,304133
2020-07-24,South Africa,59743,1060,51581,17156564,305193
2020-07-25,South Africa,60384,1070,52135,17216948,306263
2020-07-26,South Africa,54625,971,47162,17271573,307234
2020-07-27,South Africa,62875,1117,54285,17334448,308351
2020-07-28,South Africa,58507,1040,50514,17392955,309391
2020-07-29,South Africa,64515,1146,55701,17457470,310537
2020-07-30,South Africa,62528,1110,53986,17519998,311647
2020-07-31,South Africa,63406,1127,54744,17583404,312774
2020-08-01,South Africa,65549,1167,56594,17648953,313941
2020-08-02,South Africa,60634,1077,52350,17709587,315018
2020-08-03,South Africa,65003,1156,56123,17774590,316174
2020-08-04,South Africa,64918,1159,56049,17839508,317333
2020-08-05,South Africa,63694,1135,54992,17903202,318468
2020-08-06,South Africa,61514,1095,53110,17964716,319563
2020-08-07,South Africa,66647,1186,57542,18031363,320749
2020-08-08,South Africa,67206,1194,58025,18098569,321943
2020-08-09,South Africa,65484,1164,56538,18164053,323107
2020-08-10,South Africa,61801,1099,53358,18225854,324206
2020-08-11,South Africa,63742,1134,55034,18289596,325340
2020-08-12,South Africa,65432,1164,56493,18355028,326504
2020-08-13,South Africa,68045,1208,58749,18423073,327712
2020-08-14,South Africa,60698,1081,52406,18483771,328793
2020-08-15,South Africa,64182,1140,55414,18547953,329933
2020-08-16,South Africa,64826,1157,55970,18612779,331090
2020-08-17,South Africa,65984,1176,56970,18678763,332266
2020-08-18,South Africa,62030,1100,53556,18740793,333366
2020-08-19,South Africa,65701,1168,56725,18806494,334534
2020-08-20,South Africa,65453,1167,56511,18871947,335701
2020-08-21,South Africa,63080,1123,54462,18935027,336824
2020-08-22,South Africa,66174,1177,57134,19001201,338001
2020-08-23,South Africa,64784,1148,55934,19065985,339149
2020-08-24,South Africa,68242,1213,58919,19134227,340362
2020-08-25,South Africa,63634,1132,54941,19197861,341494
2020-08-26,South Africa,66857,1185,57723,19264718,342679
2020-08-27,South Africa,63830,1136,55110,19328548,343815
2020-08-28,South Africa,64472,1145,55664,19393020,344960
2020-08-29,South Africa,67384,1199,58178,19460404,346159
2020-08-30,South Africa,67090,1194,57925,19527494,347353
2020-08-31,South Africa,64831,1153,55974,19592325,348506
2020-09-01,South Africa,65207,1161,56299,19657532,349667
2020-09-02,South Africa,61171,1089,52814,19718703,350756
2020-09-03,South Africa,70439,1258,60816,19789142,352014
2020-09-04,South Africa,67918,1212,58639,19857060,353226
2020-09-05,South Africa,67617,1201,58380,19924677,354427
2020-09-06,South Africa,60083,1071,51875,19984760,355498
2020-09-07,South Africa,63146,1122,54519,20047906,356620
2020-09-08,South Africa,63777,1132,55064,20111683,357752
2020-09-09,South Africa,58383,1035,50407,20170066,358787
2020-09-10,South Africa,67237,1195,58051,20237303,359982
2020-09-11,South Africa,68766,1225,59372,20306069,361207
2020-09-12,South Africa,70404,1253,60786,20376473,362460
2020-09-13,South Africa,60203,1072,51978,20436676,363532
2020-09-14,South Africa,63585,1124,54898,20500261,364656
2020-09-15,South Africa,67050,1192,57890,20567311,365848
2020-09-16,South Africa,61756,1096,53319,20629067,366944
2020-09-17,South Africa,60433,1072,52177,20689500,368016
2020-09-18,South Africa,56059,995,48400,20745559,369011
2020-09-19,South Africa,64931,1155,56060,20810490,370166
2020-09-20,South Africa,60998,1086,52665,20871488,371252
2020-09-21,South Africa,58438,1038,50454,20929926,372290
2020-09-22,South Africa,61087,1088,52742,20991013,373378
2020-09-23,South Africa,60259,1073,52027,21051272,374451
2020-09-24,South Africa,59858,1065,51680,21111130,375516
2020-09-25,South Africa,58265,1035,50305,21169395,376551
2020-09-26,South Africa,63181,1123,54550,21232576,377674
2020-09-27,South Africa,57575,1025,49709,21290151,378699
2020-09-28,South Africa,62131,1104,53643,21352282,379803
2020-09-29,South Africa,58587,1043,50583,21410869,380846
2020-09-30,South Africa,57464,1020,49613,21468333,381866
2020-10-01,South Africa,55639,990,48038,21523972,382856
2020-10-02,South Africa,58131,1036,50189,21582103,383892
2020-10-03,South Africa,55207,982,47665,21637310,384874
2020-10-04,South Africa,51820,920,44741,21689130,385794
2020-10-05,South Africa,51206,907,44210,21740336,386701
2020-10-06,South Africa,54373,965,46945,21794709,387666
2020-10-07,South Africa,50292,895,43421,21845001,388561
2020-10-08,South Africa,51950,923,44853,21896951,389484
2020-10-09,South Africa,54260,964,46847,21951211,390448
2020-10-10,South Africa,51727,921,44660,22002938,391369
2020-10-11,South Africa,48545,859,41913,22051483,392228
2020-10-12,South Africa,53282,947,46003,22104765,393175
2020-10-13,South Africa,50523,896,43621,22155288,394071
2020-10-14,South Africa,51047,905,44073,22206335,394976
2020-10-15,South Africa,42529,755,36719,22248864,395731
2020-10-16,South Africa,48147,861,41569,22297011,396592
2020-10-17,South Africa,48723,868,42067,22345734,397460
2020-10-18,South Africa,50066,888,43226,22395800,398348
2020-10-19,South Africa,42195,753,36430,22437995,399101
2020-10-20,South Africa,47624,844,41118,22485619,399945
2020-10-21,South Africa,47943,856,41393,22533562,400801
2020-10-22,South Africa,39276,697,33910,22572838,401498
2020-10-23,South Africa,44100,784,38075,22616938,402282
2020-10-24,South Africa,43766,782,37787,22660704,403064
2020-10-25,South Africa,41157,731,35534,22701861,403795
2020-10-26,South Africa,40219,719,34724,22742080,404514
2020-10-27,South Africa,41978,746,36243,22784058,405260
2020-10-28,South Africa,38783,689,33484,22822841,405949
2020-10-29,South Africa,38982,691,33656,22861823,406640
2020-10-30,South Africa,40387,721,34869,22902210,407361
2020-10-31,South Africa,41566,738,35887,22943776,408099
2020-11-01,South Africa,38633,691,33355,22982409,408790
2020-11-02,South Africa,37280,662,32187,23019689,409452
2020-11-03,South Africa,35509,630,30658,23055198,410082
2020-11-04,South Africa,34060,608,29407,23089258,410690
2020-11-05,South Africa,37262,662,32171,23126520,411352
2020-11-06,South Africa,34471,613,29762,23160991,411965
2020-11-07,South Africa,36147,640,31209,23197138,412605
2020-11-08,South Africa,33074,588,28555,23230212,413193
2020-11-09,South Africa,32011,570,27638,23262223,413763
2020-11-10,South Africa,33236,594,28695,23295459,414357
2020-11-11,South Africa,31901,566,27543,23327360,414923
2020-11-12,South Africa,29605,527,25560,23356965,415450
2020-11-13,South Africa,33814,604,29194,23390779,416054
2020-11-14,South Africa,29540,525,25504,23420319,416579
2020-11-15,South Africa,31399,560,27109,23451718,417139
2020-11-16,South Africa,30770,552,26566,23482488,417691
2020-11-17,South Africa,27226,484,23506,23509714,418175
2020-11-18,South Africa,27164,485,23453,23536878,418660
2020-11-19,South Africa,27726,494,23938,23564604,419154
2020-11-20,South Africa,26514,473,22891,23591118,419627
2020-11-21,South Africa,29648,528,25597,23620766,420155
2020-11-22,South Africa,26609,475,22974,23647375,420630
2020-11-23,South Africa,27657,494,23878,23675032,421124
2020-11-24,South Africa,26762,476,23106,23701794,421600
2020-11-25,South Africa,26057,462,22497,23727851,422062
2020-11-26,South Africa,25407,452,21936,23753258,422514
2020-11-27,South Africa,26557,469,22929,23779815,422983
2020-11-28,South Africa,23656,422,20424,23803471,423405
2020-11-29,South Africa,26459,472,22844,23829930,423877
2020-11-30,South Africa,22501,400,19427,23852431,424277
2020-12-01,South Africa,24688,439,21315,23877119,424716
2020-12-02,South Africa,21831,390,18848,23898950,425106
2020-12-03,South Africa,22854,408,19731,23921804,425514
2020-12-04,South Africa,23082,412,19928,23944886,425926
2020-12-05,South Africa,22190,396,19158,23967076,426322
2020-12-06,South Africa,22324,397,19274,23989400,426719
2020-12-07,South Africa,20780,369,17941,24010180,427088
2020-12-08,South Africa,21052,375,18176,24031232,427463
2020-12-09,South Africa,22527,403,19449,24053759,427866
2020-12-10,South Africa,21861,389,18874,24075620,428255
2020-12-11,South Africa,20944,375,18082,24096564,428630
2020-12-12,South Africa,23006,405,19863,24119570,429035
2020-12-13,South Africa,20164,359,17409,24139734,429394
2020-12-14,South Africa,21004,373,18134,24160738,429767
2020-12-15,South Africa,20785,366,17945,24181523,430133
2020-12-16,South Africa,21930,387,18934,24203453,430520
2020-12-17,South Africa,21294,379,18385,24224747,430899
2020-12-18,South Africa,21113,375,18228,24245860,431274
2020-12-19,South Africa,19271,344,16638,24265131,431618
2020-12-20,South Africa,22171,389,19142,24287302,432007
2020-12-21,South Africa,21057,376,18180,24308359,432383
2020-12-22,South Africa,21468,384,18535,24329827,432767
2020-12-23,South Africa,20616,364,17799,24350443,433131
2020-12-24,South Africa,20535,368,17729,24370978,433499
2020-12-25,South Africa,23243,417,20067,24394221,433916
2020-12-26,South Africa,19818,349,17110,24414039,434265
2020-12-27,South Africa,20739,369,17905,24434778,434634
2020-12-28,South Africa,23693,421,20456,24458471,435055
2020-12-29,South Africa,22954,404,19818,24481425,435459
2020-12-30,South Africa,22076,392,19060,24503501,435851
2020-12-31,South Africa,24074,431,20785,24527575,436282
2021-01-01,South Africa,23410,414,20212,24550985,436696
2021-01-02,South Africa,23422,420,20222,24574407,437116
2021-01-03,South Africa,23691,422,20454,24598098,437538
2021-01-04,South Africa,24270,430,20954,24622368,437968
2021-01-05,South Africa,24636,438,21270,24647004,438406
2021-01-06,South Africa,27032,478,23339,24674036,438884
2021-01-07,South Africa,24460,436,21118,24698496,439320
2021-01-08,South Africa,24859,441,21463,24723355,439761
2021-01-09,South Africa,23871,423,20610,24747226,440184
2021-01-10,South Africa,25779,455,22257,24773005,440639
2021-01-11,South Africa,28711,510,24788,24801716,441149
2021-01-12,South Africa,28013,498,24186,24829729,441647
2021-01-13,South Africa,26411,467,22803,24856140,442114
2021-01-14,South Africa,27660,494,23881,24883800,442608
2021-01-15,South Africa,26282,468,22691,24910082,443076
2021-01-16,South Africa,27222,482,23503,24937304,443558
2021-01-17,South Africa,29348,522,25338,24966652,444080
2021-01-18,South Africa,28933,516,24980,24995585,444596
2021-01-19,South Africa,28641,512,24728,25024226,445108
2021-01-20,South Africa,31546,564,27236,25055772,445672
2021-01-21,South Africa,31248,559,26979,25087020,446231
2021-01-22,South Africa,29472,521,25445,25116492,446752
2021-01-23,South Africa,29213,518,25222,25145705,447270
2021-01-24,South Africa,32283,571,27872,25177988,447841
2021-01-25,South Africa,31188,557,26927,25209176,448398
2021-01-26,South Africa,31313,556,27035,25240489,448954
2021-01-27,South Africa,37211,664,32127,25277700,449618
2021-01-28,South Africa,35739,633,30856,25313439,450251
2021-01-29,South Africa,36135,641,31198,25349574,450892
2021-01-30,South Africa,36989,656,31936,25386563,451548
2021-01-31,South Africa,35908,641,31002,25422471,452189
2021-02-01,South Africa,39620,706,34207,25462091,452895
2021-02-02,South Africa,39323,695,33951,25501414,453590
2021-02-03,South Africa,38825,689,33521,25540239,454279
2021-02-04,South Africa,39888,711,34439,25580127,454990
2021-02-05,South Africa,39359,702,33982,25619486,455692
2021-02-06,South Africa,41873,745,36152,25661359,456437
2021-02-07,South Africa,43037,766,37157,25704396,457203
2021-02-08,South Africa,43428,770,37495,25747824,457973
2021-02-09,South Africa,45351,809,39155,25793175,458782
2021-02-10,South Africa,45893,814,39623,25839068,459596
2021-02-11,South Africa,47473,841,40987,25886541,460437
2021-02-12,South Africa,50051,891,43213,25936592,461328
2021-02-13,South Africa,50114,890,43268,25986706,462218
2021-02-14,South Africa,51918,925,44825,26038624,463143
2021-02-15,South Africa,48301,860,41702,26086925,464003
2021-02-16,South Africa,50029,893,43194,26136954,464896
2021-02-17,South Africa,53945,960,46575,26190899,465856
2021-02-18,South Africa,54929,979,47425,26245828,466835
2021-02-19,South Africa,52221,927,45087,26298049,467762
2021-02-20,South Africa,56654,1009,48914,26354703,468771
2021-02-21,South Africa,53255,947,45979,26407958,469718
2021-02-22,South Africa,58183,1034,50234,26466141,470752
2021-02-23,South Africa,57667,1024,49789,26523808,471776
2021-02-24,South Africa,54609,974,47149,26578417,472750
2021-02-25,South Africa,58308,1037,50342,26636725,473787
2021-02-26,South Africa,67140,1193,57968,26703865,474980
2021-02-27,South Africa,62088,1106,53606,26765953,476086
2021-02-28,South Africa,69575,1237,60070,26835528,477323
2021-03-01,South Africa,58753,1043,50726,26894281,478366
2021-03-02,South Africa,66669,1192,57561,26960950,479558
2021-03-03,South Africa,56921,1010,49145,27017871,480568
2021-03-04,South Africa,66107,1180,57076,27083978,481748
2021-03-05,South Africa,69145,1228,59699,27153123,482976
2021-03-06,South Africa,70793,1260,61122,27223916,484236
2021-03-07,South Africa,66105,1176,57074,27290021,485412
2021-03-08,South Africa,73391,1307,63365,27363412,486719
2021-03-09,South Africa,68780,1221,59384,27432192,487940
2021-03-10,South Africa,70974,1259,61278,27503166,489199
2021-03-11,South Africa,70878,1262,61195,27574044,490461
2021-03-12,South Africa,69160,1227,59712,27643204,491688
2021-03-13,South Africa,80024,1421,69092,27723228,493109
2021-03-14,South Africa,75241,1338,64962,27798469,494447
2021-03-15,South Africa,80041,1421,69106,27878510,495868
2021-03-16,South Africa,80764,1434,69731,27959274,497302
2021-03-17,South Africa,73828,1312,63742,28033102,498614
2021-03-18,South Africa,83172,1475,71810,28116274,500089
2021-03-19,South Africa,81203,1442,70110,28197477,501531
2021-03-20,South Africa,75838,1352,65477,28273315,502883
2021-03-21,South Africa,82596,1471,71312,28355911,504354
2021-03-22,South Africa,77376,1381,66805,28433287,505735
2021-03-23,South Africa,88910,1583,76764,28522197,507318
2021-03-24,South Africa,86413,1540,74608,28608610,508858
2021-03-25,South Africa,83455,1484,72054,28692065,510342
2021-03-26,South Africa,89798,1597,77530,28781863,511939
2021-03-27,South Africa,78405,1395,67694,28860268,513334
2021-03-28,South Africa,82594,1465,71311,28942862,514799
2021-03-29,South Africa,85368,1520,73706,29028230,516319
2021-03-30,South Africa,96828,1721,83600,29125058,518040
2021-03-31,South Africa,83007,1476,71667,29208065,519516
2021-04-01,South Africa,80755,1438,69723,29288820,520954
2021-04-02,South Africa,82446,1463,71183,29371266,522417
2021-04-03,South Africa,93469,1663,80700,29464735,524080
2021-04-04,South Africa,87274,1553,75351,29552009,525633
2021-04-05,South Africa,89735,1595,77476,29641744,527228
2021-04-06,South Africa,94411,1679,81513,29736155,528907
2021-04-07,South Africa,90682,1613,78294,29826837,530520
2021-04-08,South Africa,92784,1652,80109,29919621,532172
2021-04-09,South Africa,94733,1685,81791,30014354,533857
2021-04-10,South Africa,90662,1610,78276,30105016,535467
2021-04-11,South Africa,92254,1640,79651,30197270,537107
2021-04-12,South Africa,94504,1680,81594,30291774,538787
2021-04-13,South Africa,97763,1737,84407,30389537,540524
2021-04-14,South Africa,90267,1606,77935,30479804,542130
2021-04-15,South Africa,80024,1424,69092,30559828,543554
2021-04-16,South Africa,97722,1739,84372,30657550,545293
2021-04-17,South Africa,99126,1762,85584,30756676,547055
2021-04-18,South Africa,95876,1706,82778,30852552,548761
2021-04-19,South Africa,96371,1717,83206,30948923,550478
2021-04-20,South Africa,92551,1647,79907,31041474,552125
2021-04-21,South Africa,97741,1741,84388,31139215,553866
2021-04-22,South Africa,99519,1771,85923,31238734,555637
2021-04-23,South Africa,95781,1703,82696,31334515,557340
2021-04-24,South Africa,107454,1913,92774,31441969,559253
2021-04-25,South Africa,88088,1564,76054,31530057,560817
2021-04-26,South Africa,96325,1712,83166,31626382,562529
2021-04-27,South Africa,89896,1599,77615,31716278,564128
2021-04-28,South Africa,99637,1774,86025,31815915,565902
2021-04-29,South Africa,87803,1564,75808,31903718,567466
2021-04-30,South Africa,88872,1583,76731,31992590,569049
2021-05-01,South Africa,92067,1639,79489,32084657,570688
2021-05-02,South Africa,96167,1712,83029,32180824,572400
2021-05-03,South Africa,91886,1636,79333,32272710,574036
2021-05-04,South Africa,91716,1629,79186,32364426,575665
2021-05-05,South Africa,93380,1665,80623,32457806,577330
2021-05-06,South Africa,92819,1653,80139,32550625,578983
2021-05-07,South Africa,100624,1790,86878,32651249,580773
2021-05-08,South Africa,96534,1718,83346,32747783,582491
2021-05-09,South Africa,91473,1625,78977,32839256,584116
2021-05-10,South Africa,102320,1820,88342,32941576,585936
2021-05-11,South Africa,94477,1680,81570,33036053,587616
2021-05-12,South Africa,87339,1553,75407,33123392,589169
2021-05-13,South Africa,92514,1647,79875,33215906,590816
2021-05-14,South Africa,93307,1660,80560,33309213,592476
2021-05-15,South Africa,87274,1550,75351,33396487,594026
2021-05-16,South Africa,85138,1512,73507,33481625,595538
2021-05-17,South Africa,89719,1592,77462,33571344,597130
2021-05-18,South Africa,87177,1552,75267,33658521,598682
2021-05-19,South Africa,94722,1685,81782,33753243,600367
2021-05-20,South Africa,90847,1618,78436,33844090,601985
2021-05-21,South Africa,84194,1504,72692,33928284,603489
2021-05-22,South Africa,88182,1567,76135,34016466,605056
2021-05-23,South Africa,91116,1621,78668,34107582,606677
2021-05-24,South Africa,79084,1410,68280,34186666,608087
2021-05-25,South Africa,80003,1422,69073,34266669,609509
2021-05-26,South Africa,83558,1486,72143,34350227,610995
2021-05-27,South Africa,83023,1478,71681,34433250,612473
2021-05-28,South Africa,81916,1462,70725,34515166,613935
2021-05-29,South Africa,80105,1426,69162,34595271,615361
2021-05-30,South Africa,79280,1408,68449,34674551,616769
2021-05-31,South Africa,81337,1445,70225,34755888,618214
2021-06-01,South Africa,83478,1484,72074,34839366,619698
2021-06-02,South Africa,76298,1353,65875,34915664,621051
2021-06-03,South Africa,86780,1543,74925,35002444,622594
2021-06-04,South Africa,84005,1494,72529,35086449,624088
2021-06-05,South Africa,80676,1435,69655,35167125,625523
2021-06-06,South Africa,77108,1369,66574,35244233,626892
2021-06-07,South Africa,81324,1447,70214,35325557,628339
2021-06-08,South Africa,71955,1278,62125,35397512,629617
2021-06-09,South Africa,69115,1229,59673,35466627,630846
2021-06-10,South Africa,69339,1232,59866,35535966,632078
2021-06-11,South Africa,66772,1190,57650,35602738,633268
2021-06-12,South Africa,69799,1240,60263,35672537,634508
2021-06-13,South Africa,69474,1238,59983,35742011,635746
2021-06-14,South Africa,68191,1213,58875,35810202,636959
2021-06-15,South Africa,66531,1184,57442,35876733,638143
2021-06-16,South Africa,66064,1175,57039,35942797,639318
2021-06-17,South Africa,70294,1249,60691,36013091,640567
2021-06-18,South Africa,65699,1169,56724,36078790,641736
2021-06-19,South Africa,65661,1167,56691,36144451,642903
2021-06-20,South Africa,62395,1110,53871,36206846,644013
2021-06-21,South Africa,55926,996,48286,36262772,645009
2021-06-22,South Africa,54446,972,47008,36317218,645981
2021-06-23,South Africa,65051,1158,56164,36382269,647139
2021-06-24,South Africa,56406,1005,48700,36438675,648144
2021-06-25,South Africa,55224,983,47679,36493899,649127
2021-06-26,South Africa,56705,1008,48958,36550604,650135
2021-06-27,South Africa,56568,1007,48840,36607172,651142
2021-06-28,South Africa,55921,994,48281,36663093,652136
2021-06-29,South Africa,57845,1028,49942,36720938,653164
2021-06-30,South Africa,56088,995,48425,36777026,654159
2021-07-01,South Africa,49139,875,42426,36826165,655034
2021-07-02,South Africa,52701,936,45501,36878866,655970
2021-07-03,South Africa,48370,861,41762,36927236,656831
2021-07-04,South Africa,48042,854,41479,36975278,657685
2021-07-05,South Africa,44841,797,38715,37020119,658482
2021-07-06,South Africa,42565,755,36750,37062684,659237
2021-07-07,South Africa,45505,812,39288,37108189,660049
2021-07-08,South Africa,42520,755,36711,37150709,660804
2021-07-09,South Africa,45771,817,39518,37196480,661621
2021-07-10,South Africa,42231,749,36461,37238711,662370
2021-07-11,South Africa,42580,760,36763,37281291,663130
2021-07-12,South Africa,43847,780,37857,37325138,663910
2021-07-13,South Africa,37171,663,32093,37362309,664573
2021-07-14,South Africa,37853,670,32681,37400162,665243
2021-07-15,South Africa,38756,687,33461,37438918,665930
2021-07-16,South Africa,38136,679,32926,37477054,666609
2021-07-17,South Africa,38724,687,33434,37515778,667296
2021-07-18,South Africa,37412,668,32301,37553190,667964
2021-07-19,South Africa,35195,626,30387,37588385,668590
2021-07-20,South Africa,34722,616,29978,37623107,669206
2021-07-21,South Africa,33944,602,29306,37657051,669808
2021-07-22,South Africa,30193,536,26068,37687244,670344
2021-07-23,South Africa,31549,560,27239,37718793,670904
2021-07-24,South Africa,31402,559,27112,37750195,671463
2021-07-25,South Africa,30941,550,26714,37781136,672013
2021-07-26,South Africa,28124,502,24282,37809260,672515
2021-07-27,South Africa,26915,480,23238,37836175,672995
2021-07-28,South Africa,27674,490,23893,37863849,673485
2021-07-29,South Africa,29963,532,25869,37893812,674017
2021-07-30,South Africa,25474,451,21994,37919286,674468
2021-07-31,South Africa,27380,485,23639,37946666,674953
2021-08-01,South Africa,27166,479,23454,37973832,675432
2021-08-02,South Africa,24546,438,21192,37998378,675870
2021-08-03,South Africa,23012,412,19868,38021390,676282
2021-08-04,South Africa,23761,420,20515,38045151,676702
2021-08-05,South Africa,22742,402,19635,38067893,677104
2021-08-06,South Africa,20949,373,18087,38088842,677477
2021-08-07,South Africa,20569,364,17759,38109411,677841
2021-08-08,South Africa,21131,378,18244,38130542,678219
2021-08-09,South Africa,21002,372,18132,38151544,678591
2021-08-10,South Africa,19165,336,16546,38170709,678927
2021-08-11,South Africa,18841,334,16267,38189550,679261
2021-08-12,South Africa,18959,336,16369,38208509,679597
2021-08-13,South Africa,17642,314,15231,38226151,679911
2021-08-14,South Africa,16999,301,14676,38243150,680212
2021-08-15,South Africa,16099,287,13899,38259249,680499
2021-08-16,South Africa,15589,278,13459,38274838,680777
2021-08-17,South Africa,17813,317,15379,38292651,681094
2021-08-18,South Africa,15072,268,13013,38307723,681362
2021-08-19,South Africa,15748,280,13596,38323471,681642
2021-08-20,South Africa,15475,272,13361,38338946,681914
2021-08-21,South Africa,13686,244,11816,38352632,682158
2021-08-22,South Africa,13612,243,11752,38366244,682401
2021-08-23,South Africa,12996,231,11220,38379240,682632
2021-08-24,South Africa,11494,204,9923,38390734,682836
2021-08-25,South Africa,11149,199,9625,38401883,683035
2021-08-26,South Africa,11713,208,10112,38413596,683243
2021-08-27,South Africa,11050,198,9540,38424646,683441
2021-08-28,South Africa,11940,212,10308,38436586,683653
2021-08-29,South Africa,10408,182,8986,38446994,683835
2021-08-30,South Africa,11163,198,9638,38458157,684033
2021-08-31,South Africa,9581,168,8272,38467738,684201
2021-09-01,South Africa,10379,183,8961,38478117,684384
2021-09-02,South Africa,9368,166,8088,38487485,684550
2021-09-03,South Africa,9060,163,7822,38496545,684713
2021-09-04,South Africa,8277,148,7146,38504822,684861
2021-09-05,South Africa,8425,150,7274,38513247,685011
2021-09-06,South Africa,8559,154,7389,38521806,685165
2021-09-07,South Africa,7545,134,6514,38529351,685299
2021-09-08,South Africa,7195,128,6212,38536546,685427
2021-09-09,South Africa,6960,123,6009,38543506,685550
2021-09-10,South Africa,7335,128,6332,38550841,685678
2021-09-11,South Africa,6807,122,5877,38557648,685800
2021-09-12,South Africa,6735,116,5814,38564383,685916
2021-09-13,South Africa,6134,107,5296,38570517,686023
2021-09-14,South Africa,5818,103,5023,38576335,686126
2021-09-15,South Africa,5699,99,4920,38582034,686225
2021-09-16,South Africa,5651,100,4879,38587685,686325
2021-09-17,South Africa,5088,90,4392,38592773,686415
2021-09-18,South Africa,5288,92,4565,38598061,686507
2021-09-19,South Africa,4837,86,4176,38602898,686593
2021-09-20,South Africa,4008,71,3460,38606906,686664
2021-09-21,South Africa,4569,79,3944,38611475,686743
2021-09-22,South Africa,3929,71,3392,38615404,686814
2021-09-23,South Africa,4199,70,3625,38619603,686884
2021-09-24,South Africa,4034,75,3482,38623637,686959
2021-09-25,South Africa,3761,67,3247,38627398,687026
2021-09-26,South Africa,3642,66,3144,38631040,687092
2021-09-27,South Africa,3584,65,3094,38634624,687157
2021-09-28,South Africa,3171,56,2737,38637795,687213
2021-09-29,South Africa,3238,56,2795,38641033,687269
2021-09-30,South Africa,3155,56,2724,38644188,687325
2021-10-01,South Africa,3105,56,2680,38647293,687381
2021-10-02,South Africa,2577,44,2224,38649870,687425
2021-10-03,South Africa,2663,47,2299,38652533,687472
2021-10-04,South Africa,2374,38,2049,38654907,687510
2021-10-05,South Africa,2264,38,1954,38657171,687548
2021-10-06,South Africa,2320,39,2003,38659491,687587
2021-10-07,South Africa,2186,42,1887,38661677,687629
2021-10-08,South Africa,2200,36,1899,38663877,687665
2021-10-09,South Africa,1951,35,1684,38665828,687700
2021-10-10,South Africa,1882,36,1624,38667710,687736
2021-10-11,South Africa,1828,34,1578,38669538,687770
2021-10-12,South Africa,1650,32,1424,38671188,687802
2021-10-13,South Africa,1585,31,1368,38672773,687833
2021-10-14,South Africa,1658,29,1431,38674431,687862
2021-10-15,South Africa,1454,26,1255,38675885,687888
2021-10-16,South Africa,1510,27,1303,38677395,687915
2021-10-17,South Africa,1399,25,1207,38678794,687940
2021-10-18,South Africa,1191,22,1028,38679985,687962
2021-10-19,South Africa,1264,25,1091,38681249,687987
2021-10-20,South Africa,1203,21,1038,38682452,688008
2021-10-21,South Africa,1139,18,983,38683591,688026
2021-10-22,South Africa,1053,19,909,38684644,688045
2021-10-23,South Africa,961,18,829,38685605,688063
2021-10-24,South Africa,1025,16,884,38686630,688079
2021-10-25,South Africa,907,14,783,38687537,688093
2021-10-26,South Africa,827,16,714,38688364,688109
2021-10-27,South Africa,843,13,727,38689207,688122
2021-10-28,South Africa,752,12,649,38689959,688134
2021-10-29,South Africa,706,11,609,38690665,688145
2021-10-30,South Africa,691,12,596,38691356,688157
2021-10-31,South Africa,646,13,557,38692002,688170
2021-11-01,South Africa,604,12,521,38692606,688182
2021-11-02,South Africa,627,10,541,38693233,688192
2021-11-03,South Africa,567,12,489,38693800,688204
2021-11-04,South Africa,576,11,497,38694376,688215
2021-11-05,South Africa,490,10,423,38694866,688225
2021-11-06,South Africa,442,9,381,38695308,688234
2021-11-07,South Africa,463,7,399,38695771,688241
2021-11-08,South Africa,478,6,412,38696249,688247
2021-11-09,South Africa,424,6,366,38696673,688253
2021-11-10,South Africa,456,10,393,38697129,688263
2021-11-11,South Africa,375,4,323,38697504,688267
2021-11-12,South Africa,353,3,304,38697857,688270
2021-11-13,South Africa,292,1,252,38698149,688271
2021-11-14,South Africa,319,3,275,38698468,688274
2021-11-15,South Africa,297,3,256,38698765,688277
2021-11-16,South Africa,272,5,234,38699037,688282
2021-11-17,South Africa,261,2,225,38699298,688284
2021-11-18,South Africa,247,5,213,38699545,688289
2021-11-19,South Africa,232,4,200,38699777,688293
2021-11-20,South Africa,246,0,212,38700023,688293
2021-11-21,South Africa,204,3,176,38700227,688296
2021-11-22,South Africa,198,3,170,38700425,688299
2021-11-23,South Africa,181,7,156,38700606,688306
2021-11-24,South Africa,182,3,157,38700788,688309
2021-11-25,South Africa,166,0,143,38700954,688309
2021-11-26,South Africa,153,3,132,38701107,688312
2021-11-27,South Africa,130,2,112,38701237,688314
2021-11-28,South Africa,139,3,120,38701376,688317
2021-11-29,South Africa,127,7,109,38701503,688324
2021-11-30,South Africa,121,1,104,38701624,688325
2021-12-01,South Africa,107,0,92,38701731,688325
2021-12-02,South Africa,117,3,101,38701848,688328
2021-12-03,South Africa,106,5,91,38701954,688333
2021-12-04,South Africa,103,3,88,38702057,688336
2021-12-05,South Africa,96,1,82,38702153,688337
2021-12-06,South Africa,87,3,75,38702240,688340
2021-12-07,South Africa,73,4,63,38702313,688344
2021-12-08,South Africa,83,0,71,38702396,688344
2021-12-09,South Africa,65,0,56,38702461,688344
2021-12-10,South Africa,64,1,55,38702525,688345
2021-12-11,South Africa,64,1,55,38702589,688346
2021-12-12,South Africa,60,3,51,38702649,688349
2021-12-13,South Africa,56,0,48,38702705,688349
2021-12-14,South Africa,49,1,42,38702754,688350
2021-12-15,South Africa,45,3,38,38702799,688353
2021-12-16,South Africa,52,1,44,38702851,688354
2021-12-17,South Africa,41,0,35,38702892,688354
2021-12-18,South Africa,38,1,32,38702930,688355
2021-12-19,South Africa,34,0,29,38702964,688355
2021-12-20,South Africa,34,1,29,38702998,688356
2021-12-21,South Africa,32,0,27,38703030,688356
2021-12-22,South Africa,29,0,25,38703059,688356
2021-12-23,South Africa,28,0,24,38703087,688356
2021-12-24,South Africa,30,0,25,38703117,688356
2021-12-25,South Africa,23,2,19,38703140,688358
2021-12-26,South Africa,22,0,18,38703162,688358
2021-12-27,South Africa,20,2,17,38703182,688360
2021-12-28,South Africa,20,0,17,38703202,688360
2021-12-29,South Africa,17,0,14,38703219,688360
2021-12-30,South Africa,16,0,13,38703235,688360
2020-01-01,Egypt,98944,2304,86188,98944,2304
2020-01-02,Egypt,97579,2272,84999,196523,4576
2020-01-03,Egypt,108979,2539,94929,305502,7115
2020-01-04,Egypt,105694,2462,92067,411196,9577
2020-01-05,Egypt,106685,2486,92931,517881,12063
2020-01-06,Egypt,110702,2580,96430,628583,14643
2020-01-07,Egypt,110830,2584,96541,739413,17227
2020-01-08,Egypt,102109,2382,88945,841522,19609
2020-01-09,Egypt,112307,2615,97828,953829,22224
2020-01-10,Egypt,122029,2844,106297,1075858,25068
2020-01-11,Egypt,109531,2551,95410,1185389,27619
2020-01-12,Egypt,113556,2645,98916,1298945,30264
2020-01-13,Egypt,119141,2774,103781,1418086,33038
2020-01-14,Egypt,118888,2768,103560,1536974,35806
2020-01-15,Egypt,124803,2908,108713,1661777,38714
2020-01-16,Egypt,119657,2790,104230,1781434,41504
2020-01-17,Egypt,125674,2930,109472,1907108,44434
2020-01-18,Egypt,129417,3015,112732,2036525,47449
2020-01-19,Egypt,135541,3157,118067,2172066,50606
2020-01-20,Egypt,141082,3289,122893,2313148,53895
2020-01-21,Egypt,132573,3089,115481,2445721,56984
2020-01-22,Egypt,148650,3467,129486,2594371,60451
2020-01-23,Egypt,136037,3169,118499,2730408,63620
2020-01-24,Egypt,144504,3365,125874,2874912,66985
2020-01-25,Egypt,153723,3585,133905,3028635,70570
2020-01-26,Egypt,142576,3320,124195,3171211,73890
2020-01-27,Egypt,133151,3101,115985,3304362,76991
2020-01-28,Egypt,144983,3378,126291,3449345,80369
2020-01-29,Egypt,141201,3291,122997,3590546,83660
2020-01-30,Egypt,144941,3380,126255,3735487,87040
2020-01-31,Egypt,162945,3796,141938,3898432,90836
2020-02-01,Egypt,140335,3274,122243,4038767,94110
2020-02-02,Egypt,152953,3562,133234,4191720,97672
2020-02-03,Egypt,145206,3384,126486,4336926,101056
2020-02-04,Egypt,150669,3514,131244,4487595,104570
2020-02-05,Egypt,159883,3729,139270,4647478,108299
2020-02-06,Egypt,157696,3670,137365,4805174,111969
2020-02-07,Egypt,154519,3607,134598,4959693,115576
2020-02-08,Egypt,152183,3547,132563,5111876,119123
2020-02-09,Egypt,160776,3748,140048,5272652,122871
2020-02-10,Egypt,172816,4028,150536,5445468,126899
2020-02-11,Egypt,152909,3569,133196,5598377,130468
2020-02-12,Egypt,176388,4114,153648,5774765,134582
2020-02-13,Egypt,171537,4003,149422,5946302,138585
2020-02-14,Egypt,173760,4051,151358,6120062,142636
2020-02-15,Egypt,165899,3869,144511,6285961,146505
2020-02-16,Egypt,173705,4047,151310,6459666,150552
2020-02-17,Egypt,156459,3647,136288,6616125,154199
2020-02-18,Egypt,159881,3729,139269,6776006,157928
2020-02-19,Egypt,172360,4019,150139,6948366,161947
2020-02-20,Egypt,169021,3940,147230,7117387,165887
2020-02-21,Egypt,165831,3864,144452,7283218,169751
2020-02-22,Egypt,146576,3419,127679,7429794,173170
2020-02-23,Egypt,164317,3833,143133,7594111,177003
2020-02-24,Egypt,158480,3696,138048,7752591,180699
2020-02-25,Egypt,172876,4030,150588,7925467,184729
2020-02-26,Egypt,167403,3902,145821,8092870,188631
2020-02-27,Egypt,163965,3824,142826,8256835,192455
2020-02-28,Egypt,191909,4476,167168,8448744,196931
2020-02-29,Egypt,178498,4159,155486,8627242,201090
2020-03-01,Egypt,178796,4169,155745,8806038,205259
2020-03-02,Egypt,188642,4399,164322,8994680,209658
2020-03-03,Egypt,176806,4120,154012,9171486,213778
2020-03-04,Egypt,163450,3812,142378,9334936,217590
2020-03-05,Egypt,162434,3788,141493,9497370,221378
2020-03-06,Egypt,178118,4151,155155,9675488,225529
2020-03-07,Egypt,152329,3548,132690,9827817,229077
2020-03-08,Egypt,169015,3941,147225,9996832,233018
2020-03-09,Egypt,151092,3526,131613,10147924,236544
2020-03-10,Egypt,170112,3966,148181,10318036,240510
2020-03-11,Egypt,176238,4110,153517,10494274,244620
2020-03-12,Egypt,171084,3986,149027,10665358,248606
2020-03-13,Egypt,176297,4110,153568,10841655,252716
2020-03-14,Egypt,184542,4302,160750,11026197,257018
2020-03-15,Egypt,166429,3878,144973,11192626,260896
2020-03-16,Egypt,190673,4446,166091,11383299,265342
2020-03-17,Egypt,168504,3929,146780,11551803,269271
2020-03-18,Egypt,174121,4058,151673,11725924,273329
2020-03-19,Egypt,160636,3745,139926,11886560,277074
2020-03-20,Egypt,178510,4165,155496,12065070,281239
2020-03-21,Egypt,173117,4034,150798,12238187,285273
2020-03-22,Egypt,175987,4100,153298,12414174,289373
2020-03-23,Egypt,163723,3814,142615,12577897,293187
2020-03-24,Egypt,152395,3553,132748,12730292,296740
2020-03-25,Egypt,165631,3856,144277,12895923,300596
2020-03-26,Egypt,147501,3437,128485,13043424,304033
2020-03-27,Egypt,157735,3675,137399,13201159,307708
2020-03-28,Egypt,161188,3757,140407,13362347,311465
2020-03-29,Egypt,177759,4144,154842,13540106,315609
2020-03-30,Egypt,160581,3744,139878,13700687,319353
2020-03-31,Egypt,158332,3692,137919,13859019,323045
2020-04-01,Egypt,155897,3636,135798,14014916,326681
2020-04-02,Egypt,145092,3381,126386,14160008,330062
2020-04-03,Egypt,155319,3619,135295,14315327,333681
2020-04-04,Egypt,154558,3605,134632,14469885,337286
2020-04-05,Egypt,145464,3388,126710,14615349,340674
2020-04-06,Egypt,142940,3333,124512,14758289,344007
2020-04-07,Egypt,147403,3436,128399,14905692,347443
2020-04-08,Egypt,150601,3511,131185,15056293,350954
2020-04-09,Egypt,145769,3399,126976,15202062,354353
2020-04-10,Egypt,140455,3274,122347,15342517,357627
2020-04-11,Egypt,149437,3484,130171,15491954,361111
2020-04-12,Egypt,150308,3502,130930,15642262,364613
2020-04-13,Egypt,146304,3409,127442,15788566,368022
2020-04-14,Egypt,140414,3277,122311,15928980,371299
2020-04-15,Egypt,147813,3447,128756,16076793,374746
2020-04-16,Egypt,141250,3295,123040,16218043,378041
2020-04-17,Egypt,133256,3106,116076,16351299,381147
2020-04-18,Egypt,148053,3451,128966,16499352,384598
2020-04-19,Egypt,142317,3319,123969,16641669,387917
2020-04-20,Egypt,138113,3222,120307,16779782,391139
2020-04-21,Egypt,127203,2965,110804,16906985,394104
2020-04-22,Egypt,132059,3079,115033,17039044,397183
2020-04-23,Egypt,150061,3499,130715,17189105,400682
2020-04-24,Egypt,125234,2921,109088,17314339,403603
2020-04-25,Egypt,132925,3098,115788,17447264,406701
2020-04-26,Egypt,133691,3119,116455,17580955,409820
2020-04-27,Egypt,135135,3147,117713,17716090,412967
2020-04-28,Egypt,122327,2849,106556,17838417,415816
2020-04-29,Egypt,132617,3092,115520,17971034,418908
2020-04-30,Egypt,119716,2791,104282,18090750,421699
2020-05-01,Egypt,130667,3045,113821,18221417,424744
2020-05-02,Egypt,125131,2916,108999,18346548,427660
2020-05-03,Egypt,123124,2869,107250,18469672,430529
2020-05-04,Egypt,133415,3108,116215,18603087,433637
2020-05-05,Egypt,125969,2936,109729,18729056,436573
2020-05-06,Egypt,129908,3025,113160,18858964,439598
2020-05-07,Egypt,129568,3022,112864,18988532,442620
2020-05-08,Egypt,133853,3121,116596,19122385,445741
2020-05-09,Egypt,117811,2749,102622,19240196,448490
2020-05-10,Egypt,130692,3047,113843,19370888,451537
2020-05-11,Egypt,124648,2905,108578,19495536,454442
2020-05-12,Egypt,121830,2840,106123,19617366,457282
2020-05-13,Egypt,116729,2720,101680,19734095,460002
2020-05-14,Egypt,127301,2965,110889,19861396,462967
2020-05-15,Egypt,117611,2739,102448,19979007,465706
2020-05-16,Egypt,126267,2942,109988,20105274,468648
2020-05-17,Egypt,134751,3139,117378,20240025,471787
2020-05-18,Egypt,128780,3005,112177,20368805,474792
2020-05-19,Egypt,131202,3057,114287,20500007,477849
2020-05-20,Egypt,118201,2756,102962,20618208,480605
2020-05-21,Egypt,127271,2968,110863,20745479,483573
2020-05-22,Egypt,115605,2697,100701,20861084,486270
2020-05-23,Egypt,121258,2828,105625,20982342,489098
2020-05-24,Egypt,133495,3111,116284,21115837,492209
2020-05-25,Egypt,119219,2782,103849,21235056,494991
2020-05-26,Egypt,129998,3028,113238,21365054,498019
2020-05-27,Egypt,129661,3021,112945,21494715,501040
2020-05-28,Egypt,130324,3038,113522,21625039,504078
2020-05-29,Egypt,116146,2707,101172,21741185,506785
2020-05-30,Egypt,127640,2977,111184,21868825,509762
2020-05-31,Egypt,123809,2886,107847,21992634,512648
2020-06-01,Egypt,132060,3079,115034,22124694,515727
2020-06-02,Egypt,115335,2690,100466,22240029,518417
2020-06-03,Egypt,128606,2998,112026,22368635,521415
2020-06-04,Egypt,128303,2992,111762,22496938,524407
2020-06-05,Egypt,114805,2675,100004,22611743,527082
2020-06-06,Egypt,122487,2854,106695,22734230,529936
2020-06-07,Egypt,117076,2731,101982,22851306,532667
2020-06-08,Egypt,124913,2912,108809,22976219,535579
2020-06-09,Egypt,133993,3124,116718,23110212,538703
2020-06-10,Egypt,132524,3088,115439,23242736,541791
2020-06-11,Egypt,133231,3105,116054,23375967,544896
2020-06-12,Egypt,126103,2940,109845,23502070,547836
2020-06-13,Egypt,141471,3297,123232,23643541,551133
2020-06-14,Egypt,134821,3141,117439,23778362,554274
2020-06-15,Egypt,136196,3173,118637,23914558,557447
2020-06-16,Egypt,143465,3343,124969,24058023,560790
2020-06-17,Egypt,131263,3059,114340,24189286,563849
2020-06-18,Egypt,140823,3282,122668,24330109,567131
2020-06-19,Egypt,143359,3345,124877,24473468,570476
2020-06-20,Egypt,137709,3212,119955,24611177,573688
2020-06-21,Egypt,147446,3438,128437,24758623,577126
2020-06-22,Egypt,147470,3441,128458,24906093,580567
2020-06-23,Egypt,144572,3370,125933,25050665,583937
2020-06-24,Egypt,145638,3396,126862,25196303,587333
2020-06-25,Egypt,151806,3539,132235,25348109,590872
2020-06-26,Egypt,155169,3618,135164,25503278,594490
2020-06-27,Egypt,151130,3521,131646,25654408,598011
2020-06-28,Egypt,160569,3742,139868,25814977,601753
2020-06-29,Egypt,158520,3694,138083,25973497,605447
2020-06-30,Egypt,141047,3289,122863,26114544,608736
2020-07-01,Egypt,145367,3389,126626,26259911,612125
2020-07-02,Egypt,167149,3893,145600,26427060,616018
2020-07-03,Egypt,157335,3669,137051,26584395,619687
2020-07-04,Egypt,162116,3779,141216,26746511,623466
2020-07-05,Egypt,171549,4002,149432,26918060,627468
2020-07-06,Egypt,163766,3819,142653,27081826,631287
2020-07-07,Egypt,165651,3864,144295,27247477,635151
2020-07-08,Egypt,159625,3719,139046,27407102,638870
2020-07-09,Egypt,171527,4001,149413,27578629,642871
2020-07-10,Egypt,174935,4078,152382,27753564,646949
2020-07-11,Egypt,166537,3881,145067,27920101,650830
2020-07-12,Egypt,165057,3843,143777,28085158,654673
2020-07-13,Egypt,197502,4607,172040,28282660,659280
2020-07-14,Egypt,175295,4086,152696,28457955,663366
2020-07-15,Egypt,171572,3999,149452,28629527,667365
2020-07-16,Egypt,185503,4325,161587,28815030,671690
2020-07-17,Egypt,180231,4205,156995,28995261,675895
2020-07-18,Egypt,172306,4016,150092,29167567,679911
2020-07-19,Egypt,188133,4386,163878,29355700,684297
2020-07-20,Egypt,177280,4135,154425,29532980,688432
2020-07-21,Egypt,201363,4693,175403,29734343,693125
2020-07-22,Egypt,192754,4492,167904,29927097,697617
2020-07-23,Egypt,186913,4353,162816,30114010,701970
2020-07-24,Egypt,191997,4478,167244,30306007,706448
2020-07-25,Egypt,201035,4687,175117,30507042,711135
2020-07-26,Egypt,195520,4559,170313,30702562,715694
2020-07-27,Egypt,215766,5029,187949,30918328,720723
2020-07-28,Egypt,207542,4839,180785,31125870,725562
2020-07-29,Egypt,202501,4719,176394,31328371,730281
2020-07-30,Egypt,189625,4421,165178,31517996,734702
2020-07-31,Egypt,198710,4632,173092,31716706,739334
2020-08-01,Egypt,206206,4809,179621,31922912,744143
2020-08-02,Egypt,194218,4529,169179,32117130,748672
2020-08-03,Egypt,216862,5054,188904,32333992,753726
2020-08-04,Egypt,194811,4542,169696,32528803,758268
2020-08-05,Egypt,199289,4645,173596,32728092,762913
2020-08-06,Egypt,201055,4685,175135,32929147,767598
2020-08-07,Egypt,215586,5027,187792,33144733,772625
2020-08-08,Egypt,200392,4672,174557,33345125,777297
2020-08-09,Egypt,190822,4446,166221,33535947,781743
2020-08-10,Egypt,222008,5174,193386,33757955,786917
2020-08-11,Egypt,206668,4819,180024,33964623,791736
2020-08-12,Egypt,200797,4682,174910,34165420,796418
2020-08-13,Egypt,204817,4775,178412,34370237,801193
2020-08-14,Egypt,231855,5409,201964,34602092,806602
2020-08-15,Egypt,207113,4830,180412,34809205,811432
2020-08-16,Egypt,213399,4974,185887,35022604,816406
2020-08-17,Egypt,210438,4905,183308,35233042,821311
2020-08-18,Egypt,202426,4717,176329,35435468,826028
2020-08-19,Egypt,208118,4851,181287,35643586,830879
2020-08-20,Egypt,202430,4716,176332,35846016,835595
2020-08-21,Egypt,227199,5294,197908,36073215,840889
2020-08-22,Egypt,218194,5088,190064,36291409,845977
2020-08-23,Egypt,244288,5698,212794,36535697,851675
2020-08-24,Egypt,209757,4890,182715,36745454,856565
2020-08-25,Egypt,208224,4853,181379,36953678,861418
2020-08-26,Egypt,234305,5455,204098,37187983,866873
2020-08-27,Egypt,229119,5345,199581,37417102,872218
2020-08-28,Egypt,221728,5166,193142,37638830,877384
2020-08-29,Egypt,205315,4783,178845,37844145,882167
2020-08-30,Egypt,236204,5506,205752,38080349,887673
2020-08-31,Egypt,216234,5041,188357,38296583,892714
2020-09-01,Egypt,212062,4944,184723,38508645,897658
2020-09-02,Egypt,228754,5331,199263,38737399,902989
2020-09-03,Egypt,215747,5030,187932,38953146,908019
2020-09-04,Egypt,202970,4730,176803,39156116,912749
2020-09-05,Egypt,215457,5022,187680,39371573,917771
2020-09-06,Egypt,206079,4803,179511,39577652,922574
2020-09-07,Egypt,181660,4233,158240,39759312,926807
2020-09-08,Egypt,203766,4748,177496,39963078,931555
2020-09-09,Egypt,206830,4819,180165,40169908,936374
2020-09-10,Egypt,199423,4647,173713,40369331,941021
2020-09-11,Egypt,216883,5057,188922,40586214,946078
2020-09-12,Egypt,201769,4704,175756,40787983,950782
2020-09-13,Egypt,213991,4988,186403,41001974,955770
2020-09-14,Egypt,195172,4549,170010,41197146,960319
2020-09-15,Egypt,216367,5046,188473,41413513,965365
2020-09-16,Egypt,192726,4494,167879,41606239,969859
2020-09-17,Egypt,180754,4217,157451,41786993,974076
2020-09-18,Egypt,216129,5037,188265,42003122,979113
2020-09-19,Egypt,193641,4512,168676,42196763,983625
2020-09-20,Egypt,218677,5100,190485,42415440,988725
2020-09-21,Egypt,205325,4786,178854,42620765,993511
2020-09-22,Egypt,206151,4804,179574,42826916,998315
2020-09-23,Egypt,207191,4831,180479,43034107,1003146
2020-09-24,Egypt,196539,4580,171201,43230646,1007726
2020-09-25,Egypt,195140,4550,169982,43425786,1012276
2020-09-26,Egypt,204722,4773,178329,43630508,1017049
2020-09-27,Egypt,191877,4472,167140,43822385,1021521
2020-09-28,Egypt,182306,4246,158803,44004691,1025767
2020-09-29,Egypt,193033,4498,168147,44197724,1030265
2020-09-30,Egypt,166205,3877,144777,44363929,1034142
2020-10-01,Egypt,196271,4579,170967,44560200,1038721
2020-10-02,Egypt,194586,4541,169500,44754786,1043262
2020-10-03,Egypt,191390,4462,166716,44946176,1047724
2020-10-04,Egypt,189116,4406,164735,45135292,1052130
2020-10-05,Egypt,176154,4109,153444,45311446,1056239
2020-10-06,Egypt,174085,4058,151641,45485531,1060297
2020-10-07,Egypt,162469,3786,141523,45648000,1064083
2020-10-08,Egypt,186145,4340,162147,45834145,1068423
2020-10-09,Egypt,165122,3853,143834,45999267,1072276
2020-10-10,Egypt,170092,3965,148163,46169359,1076241
2020-10-11,Egypt,167349,3901,145774,46336708,1080142
2020-10-12,Egypt,152290,3547,132656,46488998,1083689
2020-10-13,Egypt,147130,3430,128162,46636128,1087119
2020-10-14,Egypt,159184,3712,138662,46795312,1090831
2020-10-15,Egypt,153505,3578,133715,46948817,1094409
2020-10-16,Egypt,154292,3597,134400,47103109,1098006
2020-10-17,Egypt,161033,3754,140272,47264142,1101760
2020-10-18,Egypt,152474,3552,132817,47416616,1105312
2020-10-19,Egypt,154298,3592,134405,47570914,1108904
2020-10-20,Egypt,149794,3492,130482,47720708,1112396
2020-10-21,Egypt,142112,3312,123790,47862820,1115708
2020-10-22,Egypt,135128,3151,117707,47997948,1118859
2020-10-23,Egypt,141962,3314,123660,48139910,1122173
2020-10-24,Egypt,138537,3232,120676,48278447,1125405
2020-10-25,Egypt,142021,3306,123711,48420468,1128711
2020-10-26,Egypt,132644,3097,115543,48553112,1131808
2020-10-27,Egypt,129545,3021,112844,48682657,1134829
2020-10-28,Egypt,127865,2980,111380,48810522,1137809
2020-10-29,Egypt,121357,2832,105711,48931879,1140641
2020-10-30,Egypt,134106,3121,116817,49065985,1143762
2020-10-31,Egypt,129924,3027,113174,49195909,1146789
2020-11-01,Egypt,113459,2645,98831,49309368,1149434
2020-11-02,Egypt,123433,2877,107520,49432801,1152311
2020-11-03,Egypt,105793,2469,92154,49538594,1154780
2020-11-04,Egypt,120079,2801,104598,49658673,1157581
2020-11-05,Egypt,108433,2529,94453,49767106,1160110
2020-11-06,Egypt,112248,2616,97777,49879354,1162726
2020-11-07,Egypt,97753,2280,85150,49977107,1165006
2020-11-08,Egypt,99775,2324,86912,50076882,1167330
2020-11-09,Egypt,106538,2485,92803,50183420,1169815
2020-11-10,Egypt,98495,2294,85797,50281915,1172109
2020-11-11,Egypt,95863,2235,83504,50377778,1174344
2020-11-12,Egypt,104923,2443,91396,50482701,1176787
2020-11-13,Egypt,106733,2490,92973,50589434,1179277
2020-11-14,Egypt,98567,2297,85859,50688001,1181574
2020-11-15,Egypt,87188,2029,75947,50775189,1183603
2020-11-16,Egypt,98281,2289,85610,50873470,1185892
2020-11-17,Egypt,81523,1900,71013,50954993,1187792
2020-11-18,Egypt,85245,1985,74255,51040238,1189777
2020-11-19,Egypt,84954,1982,74001,51125192,1191759
2020-11-20,Egypt,90883,2118,79166,51216075,1193877
2020-11-21,Egypt,84815,1979,73880,51300890,1195856
2020-11-22,Egypt,77506,1806,67513,51378396,1197662
2020-11-23,Egypt,73938,1725,64405,51452334,1199387
2020-11-24,Egypt,79695,1858,69420,51532029,1201245
2020-11-25,Egypt,72224,1683,62912,51604253,1202928
2020-11-26,Egypt,73330,1707,63876,51677583,1204635
2020-11-27,Egypt,66054,1540,57538,51743637,1206175
2020-11-28,Egypt,71282,1663,62092,51814919,1207838
2020-11-29,Egypt,69390,1616,60444,51884309,1209454
2020-11-30,Egypt,62079,1447,54075,51946388,1210901
2020-12-01,Egypt,68011,1584,59243,52014399,1212485
2020-12-02,Egypt,64941,1517,56568,52079340,1214002
2020-12-03,Egypt,64018,1493,55764,52143358,1215495
2020-12-04,Egypt,59166,1379,51538,52202524,1216874
2020-12-05,Egypt,59442,1384,51778,52261966,1218258
2020-12-06,Egypt,57734,1347,50290,52319700,1219605
2020-12-07,Egypt,55803,1300,48608,52375503,1220905
2020-12-08,Egypt,55388,1291,48247,52430891,1222196
2020-12-09,Egypt,57023,1329,49671,52487914,1223525
2020-12-10,Egypt,55232,1285,48111,52543146,1224810
2020-12-11,Egypt,48181,1126,41969,52591327,1225936
2020-12-12,Egypt,52501,1225,45732,52643828,1227161
2020-12-13,Egypt,51807,1207,45128,52695635,1228368
2020-12-14,Egypt,47423,1105,41309,52743058,1229473
2020-12-15,Egypt,47895,1114,41720,52790953,1230587
2020-12-16,Egypt,46790,1087,40757,52837743,1231674
2020-12-17,Egypt,42750,994,37238,52880493,1232668
2020-12-18,Egypt,42833,1000,37310,52923326,1233668
2020-12-19,Egypt,44322,1032,38608,52967648,1234700
2020-12-20,Egypt,40763,952,35507,53008411,1235652
2020-12-21,Egypt,42910,1000,37378,53051321,1236652
2020-12-22,Egypt,42674,993,37172,53093995,1237645
2020-12-23,Egypt,41481,965,36133,53135476,1238610
2020-12-24,Egypt,42252,985,36804,53177728,1239595
2020-12-25,Egypt,37513,871,32676,53215241,1240466
2020-12-26,Egypt,37282,867,32475,53252523,1241333
2020-12-27,Egypt,36838,857,32088,53289361,1242190
2020-12-28,Egypt,35480,828,30905,53324841,1243018
2020-12-29,Egypt,35898,837,31270,53360739,1243855
2020-12-30,Egypt,31403,732,27354,53392142,1244587
2020-12-31,Egypt,34111,796,29713,53426253,1245383
2021-01-01,Egypt,30928,723,26940,53457181,1246106
2021-01-02,Egypt,31124,725,27111,53488305,1246831
2021-01-03,Egypt,33390,776,29085,53521695,1247607
2021-01-04,Egypt,31432,733,27379,53553127,1248340
2021-01-05,Egypt,32409,753,28230,53585536,1249093
2021-01-06,Egypt,30570,708,26628,53616106,1249801
2021-01-07,Egypt,32226,751,28071,53648332,1250552
2021-01-08,Egypt,29825,696,25979,53678157,1251248
2021-01-09,Egypt,26944,628,23470,53705101,1251876
2021-01-10,Egypt,29904,698,26048,53735005,1252574
2021-01-11,Egypt,26122,611,22754,53761127,1253185
2021-01-12,Egypt,26948,626,23473,53788075,1253811
2021-01-13,Egypt,27569,641,24014,53815644,1254452
2021-01-14,Egypt,27208,631,23700,53842852,1255083
2021-01-15,Egypt,27710,646,24137,53870562,1255729
2021-01-16,Egypt,26867,628,23403,53897429,1256357
2021-01-17,Egypt,26242,610,22858,53923671,1256967
2021-01-18,Egypt,30305,707,26398,53953976,1257674
2021-01-19,Egypt,27112,630,23616,53981088,1258304
2021-01-20,Egypt,24889,581,21680,54005977,1258885
2021-01-21,Egypt,27486,636,23942,54033463,1259521
2021-01-22,Egypt,26414,618,23008,54059877,1260139
2021-01-23,Egypt,26768,621,23317,54086645,1260760
2021-01-24,Egypt,29045,677,25300,54115690,1261437
2021-01-25,Egypt,27478,643,23935,54143168,1262080
2021-01-26,Egypt,26564,616,23139,54169732,1262696
2021-01-27,Egypt,28922,677,25193,54198654,1263373
2021-01-28,Egypt,30046,704,26172,54228700,1264077
2021-01-29,Egypt,29317,684,25537,54258017,1264761
2021-01-30,Egypt,25183,587,21936,54283200,1265348
2021-01-31,Egypt,27272,635,23756,54310472,1265983
2021-02-01,Egypt,29145,680,25387,54339617,1266663
2021-02-02,Egypt,28929,675,25199,54368546,1267338
2021-02-03,Egypt,29030,672,25287,54397576,1268010
2021-02-04,Egypt,28293,659,24645,54425869,1268669
2021-02-05,Egypt,27903,649,24305,54453772,1269318
2021-02-06,Egypt,33330,775,29033,54487102,1270093
2021-02-07,Egypt,30617,712,26669,54517719,1270805
2021-02-08,Egypt,31869,740,27760,54549588,1271545
2021-02-09,Egypt,31202,730,27179,54580790,1272275
2021-02-10,Egypt,31594,735,27520,54612384,1273010
2021-02-11,Egypt,31763,740,27668,54644147,1273750
2021-02-12,Egypt,30410,708,26489,54674557,1274458
2021-02-13,Egypt,30112,700,26229,54704669,1275158
2021-02-14,Egypt,33593,784,29262,54738262,1275942
2021-02-15,Egypt,33656,784,29317,54771918,1276726
2021-02-16,Egypt,35323,824,30769,54807241,1277550
2021-02-17,Egypt,35401,828,30837,54842642,1278378
2021-02-18,Egypt,33161,770,28885,54875803,1279148
2021-02-19,Egypt,36965,862,32199,54912768,1280010
2021-02-20,Egypt,36769,857,32028,54949537,1280867
2021-02-21,Egypt,37091,862,32309,54986628,1281729
2021-02-22,Egypt,40382,942,35175,55027010,1282671
2021-02-23,Egypt,40507,943,35284,55067517,1283614
2021-02-24,Egypt,38491,900,33528,55106008,1284514
2021-02-25,Egypt,38735,905,33741,55144743,1285419
2021-02-26,Egypt,40202,937,35019,55184945,1286356
2021-02-27,Egypt,37482,873,32649,55222427,1287229
2021-02-28,Egypt,37972,888,33076,55260399,1288117
2021-03-01,Egypt,40898,952,35625,55301297,1289069
2021-03-02,Egypt,38331,894,33389,55339628,1289963
2021-03-03,Egypt,41733,972,36352,55381361,1290935
2021-03-04,Egypt,41338,966,36008,55422699,1291901
2021-03-05,Egypt,39726,928,34604,55462425,1292829
2021-03-06,Egypt,42045,981,36624,55504470,1293810
2021-03-07,Egypt,45252,1053,39418,55549722,1294863
2021-03-08,Egypt,43143,1005,37581,55592865,1295868
2021-03-09,Egypt,43640,1014,38013,55636505,1296882
2021-03-10,Egypt,44660,1041,38902,55681165,1297923
2021-03-11,Egypt,45441,1057,39582,55726606,1298980
2021-03-12,Egypt,44158,1033,38465,55770764,1300013
2021-03-13,Egypt,46174,1075,40221,55816938,1301088
2021-03-14,Egypt,43448,1014,37846,55860386,1302102
2021-03-15,Egypt,44473,1039,38739,55904859,1303141
2021-03-16,Egypt,45221,1055,39391,55950080,1304196
2021-03-17,Egypt,48364,1126,42128,55998444,1305322
2021-03-18,Egypt,48093,1120,41892,56046537,1306442
2021-03-19,Egypt,47837,1121,41669,56094374,1307563
2021-03-20,Egypt,50285,1176,43802,56144659,1308739
2021-03-21,Egypt,49974,1165,43531,56194633,1309904
2021-03-22,Egypt,48758,1136,42472,56243391,1311040
2021-03-23,Egypt,47315,1101,41215,56290706,1312141
2021-03-24,Egypt,48252,1123,42031,56338958,1313264
2021-03-25,Egypt,47002,1097,40942,56385960,1314361
2021-03-26,Egypt,51482,1204,44844,56437442,1315565
2021-03-27,Egypt,49291,1148,42936,56486733,1316713
2021-03-28,Egypt,50607,1182,44082,56537340,1317895
2021-03-29,Egypt,51930,1212,45235,56589270,1319107
2021-03-30,Egypt,55372,1290,48233,56644642,1320397
2021-03-31,Egypt,55435,1294,48288,56700077,1321691
2021-04-01,Egypt,53167,1241,46312,56753244,1322932
2021-04-02,Egypt,57036,1331,49682,56810280,1324263
2021-04-03,Egypt,48525,1130,42269,56858805,1325393
2021-04-04,Egypt,59355,1385,51702,56918160,1326778
2021-04-05,Egypt,56442,1318,49165,56974602,1328096
2021-04-06,Egypt,55114,1286,48008,57029716,1329382
2021-04-07,Egypt,52642,1229,45855,57082358,1330611
2021-04-08,Egypt,54139,1261,47159,57136497,1331872
2021-04-09,Egypt,57287,1337,49901,57193784,1333209
2021-04-10,Egypt,57584,1345,50160,57251368,1334554
2021-04-11,Egypt,57905,1349,50439,57309273,1335903
2021-04-12,Egypt,54182,1260,47196,57363455,1337163
2021-04-13,Egypt,53792,1257,46857,57417247,1338420
2021-04-14,Egypt,57139,1331,49772,57474386,1339751
2021-04-15,Egypt,58927,1372,51330,57533313,1341123
2021-04-16,Egypt,56892,1326,49557,57590205,1342449
2021-04-17,Egypt,61233,1427,53338,57651438,1343876
2021-04-18,Egypt,57214,1330,49837,57708652,1345206
2021-04-19,Egypt,57214,1335,49837,57765866,1346541
2021-04-20,Egypt,59218,1382,51583,57825084,1347923
2021-04-21,Egypt,60859,1416,53013,57885943,1349339
2021-04-22,Egypt,53537,1248,46635,57939480,1350587
2021-04-23,Egypt,54233,1262,47241,57993713,1351849
2021-04-24,Egypt,56563,1316,49270,58050276,1353165
2021-04-25,Egypt,66547,1550,57967,58116823,1354715
2021-04-26,Egypt,56703,1323,49392,58173526,1356038
2021-04-27,Egypt,57076,1334,49717,58230602,1357372
2021-04-28,Egypt,59157,1378,51530,58289759,1358750
2021-04-29,Egypt,60123,1403,52371,58349882,1360153
2021-04-30,Egypt,57733,1347,50290,58407615,1361500
2021-05-01,Egypt,60485,1405,52687,58468100,1362905
2021-05-02,Egypt,53643,1247,46727,58521743,1364152
2021-05-03,Egypt,54747,1280,47689,58576490,1365432
2021-05-04,Egypt,60094,1400,52346,58636584,1366832
2021-05-05,Egypt,56670,1322,49364,58693254,1368154
2021-05-06,Egypt,52906,1234,46085,58746160,1369388
2021-05-07,Egypt,52566,1221,45789,58798726,1370609
2021-05-08,Egypt,53817,1253,46878,58852543,1371862
2021-05-09,Egypt,55887,1304,48682,58908430,1373166
2021-05-10,Egypt,56956,1325,49613,58965386,1374491
2021-05-11,Egypt,54502,1269,47475,59019888,1375760
2021-05-12,Egypt,56221,1308,48972,59076109,1377068
2021-05-13,Egypt,53690,1250,46768,59129799,1378318
2021-05-14,Egypt,57950,1349,50479,59187749,1379667
2021-05-15,Egypt,61243,1424,53347,59248992,1381091
2021-05-16,Egypt,52941,1236,46115,59301933,1382327
2021-05-17,Egypt,54967,1278,47880,59356900,1383605
2021-05-18,Egypt,54406,1268,47391,59411306,1384873
2021-05-19,Egypt,53363,1242,46483,59464669,1386115
2021-05-20,Egypt,54355,1269,47347,59519024,1387384
2021-05-21,Egypt,53514,1245,46614,59572538,1388629
2021-05-22,Egypt,50656,1179,44125,59623194,1389808
2021-05-23,Egypt,54873,1276,47798,59678067,1391084
2021-05-24,Egypt,51592,1197,44940,59729659,1392281
2021-05-25,Egypt,49684,1159,43278,59779343,1393440
2021-05-26,Egypt,56370,1314,49102,59835713,1394754
2021-05-27,Egypt,49504,1154,43121,59885217,1395908
2021-05-28,Egypt,49974,1166,43531,59935191,1397074
2021-05-29,Egypt,49317,1149,42959,59984508,1398223
2021-05-30,Egypt,48106,1120,41904,60032614,1399343
2021-05-31,Egypt,49021,1143,42701,60081635,1400486
2021-06-01,Egypt,45455,1058,39594,60127090,1401544
2021-06-02,Egypt,48371,1129,42135,60175461,1402673
2021-06-03,Egypt,42382,987,36918,60217843,1403660
2021-06-04,Egypt,42977,1001,37436,60260820,1404661
2021-06-05,Egypt,49598,1157,43203,60310418,1405818
2021-06-06,Egypt,42103,986,36675,60352521,1406804
2021-06-07,Egypt,40046,931,34883,60392567,1407735
2021-06-08,Egypt,41163,957,35856,60433730,1408692
2021-06-09,Egypt,47098,1097,41026,60480828,1409789
2021-06-10,Egypt,38947,906,33925,60519775,1410695
2021-06-11,Egypt,40213,938,35028,60559988,1411633
2021-06-12,Egypt,38639,901,33657,60598627,1412534
2021-06-13,Egypt,40557,943,35328,60639184,1413477
2021-06-14,Egypt,39675,926,34560,60678859,1414403
2021-06-15,Egypt,39032,913,34000,60717891,1415316
2021-06-16,Egypt,43087,1002,37532,60760978,1416318
2021-06-17,Egypt,36524,852,31815,60797502,1417170
2021-06-18,Egypt,38086,883,33175,60835588,1418053
2021-06-19,Egypt,38345,893,33401,60873933,1418946
2021-06-20,Egypt,35309,823,30756,60909242,1419769
2021-06-21,Egypt,37441,872,32614,60946683,1420641
2021-06-22,Egypt,35253,822,30708,60981936,1421463
2021-06-23,Egypt,36055,839,31406,61017991,1422302
2021-06-24,Egypt,34624,809,30160,61052615,1423111
2021-06-25,Egypt,30720,715,26759,61083335,1423826
2021-06-26,Egypt,35851,833,31229,61119186,1424659
2021-06-27,Egypt,36499,850,31793,61155685,1425509
2021-06-28,Egypt,32207,752,28054,61187892,1426261
2021-06-29,Egypt,30484,711,26554,61218376,1426972
2021-06-30,Egypt,33704,784,29358,61252080,1427756
2021-07-01,Egypt,33678,788,29336,61285758,1428544
2021-07-02,Egypt,29942,697,26081,61315700,1429241
2021-07-03,Egypt,29303,679,25525,61345003,1429920
2021-07-04,Egypt,28945,676,25213,61373948,1430596
2021-07-05,Egypt,26110,608,22743,61400058,1431204
2021-07-06,Egypt,27530,641,23980,61427588,1431845
2021-07-07,Egypt,29729,694,25896,61457317,1432539
2021-07-08,Egypt,26600,619,23170,61483917,1433158
2021-07-09,Egypt,24910,580,21698,61508827,1433738
2021-07-10,Egypt,26371,612,22971,61535198,1434350
2021-07-11,Egypt,24350,566,21210,61559548,1434916
2021-07-12,Egypt,24572,573,21404,61584120,1435489
2021-07-13,Egypt,22591,525,19678,61606711,1436014
2021-07-14,Egypt,22371,518,19486,61629082,1436532
2021-07-15,Egypt,23925,559,20840,61653007,1437091
2021-07-16,Egypt,22688,530,19763,61675695,1437621
2021-07-17,Egypt,21190,495,18458,61696885,1438116
2021-07-18,Egypt,21669,503,18875,61718554,1438619
2021-07-19,Egypt,20401,475,17770,61738955,1439094
2021-07-20,Egypt,19741,460,17195,61758696,1439554
2021-07-21,Egypt,21228,496,18491,61779924,1440050
2021-07-22,Egypt,20345,475,17722,61800269,1440525
2021-07-23,Egypt,19082,442,16621,61819351,1440967
2021-07-24,Egypt,18768,440,16348,61838119,1441407
2021-07-25,Egypt,18163,421,15821,61856282,1441828
2021-07-26,Egypt,18146,419,15806,61874428,1442247
2021-07-27,Egypt,16574,380,14437,61891002,1442627
2021-07-28,Egypt,17549,410,15286,61908551,1443037
2021-07-29,Egypt,16677,391,14527,61925228,1443428
2021-07-30,Egypt,15747,365,13716,61940975,1443793
2021-07-31,Egypt,15156,349,13202,61956131,1444142
2021-08-01,Egypt,15757,369,13725,61971888,1444511
2021-08-02,Egypt,14601,337,12718,61986489,1444848
2021-08-03,Egypt,13810,323,12029,62000299,1445171
2021-08-04,Egypt,13649,316,11889,62013948,1445487
2021-08-05,Egypt,14051,326,12239,62027999,1445813
2021-08-06,Egypt,12090,282,10531,62040089,1446095
2021-08-07,Egypt,12550,293,10932,62052639,1446388
2021-08-08,Egypt,13078,305,11391,62065717,1446693
2021-08-09,Egypt,11952,281,10411,62077669,1446974
2021-08-10,Egypt,11862,279,10332,62089531,1447253
2021-08-11,Egypt,11976,282,10432,62101507,1447535
2021-08-12,Egypt,11513,268,10028,62113020,1447803
2021-08-13,Egypt,10455,243,9107,62123475,1448046
2021-08-14,Egypt,10300,242,8972,62133775,1448288
2021-08-15,Egypt,10507,243,9152,62144282,1448531
2021-08-16,Egypt,10200,236,8885,62154482,1448767
2021-08-17,Egypt,9398,219,8186,62163880,1448986
2021-08-18,Egypt,9119,212,7943,62172999,1449198
2021-08-19,Egypt,8974,208,7817,62181973,1449406
2021-08-20,Egypt,9161,211,7979,62191134,1449617
2021-08-21,Egypt,8742,205,7614,62199876,1449822
2021-08-22,Egypt,8308,192,7236,62208184,1450014
2021-08-23,Egypt,7347,171,6399,62215531,1450185
2021-08-24,Egypt,7408,172,6452,62222939,1450357
2021-08-25,Egypt,7181,168,6255,62230120,1450525
2021-08-26,Egypt,7518,176,6548,62237638,1450701
2021-08-27,Egypt,6701,155,5837,62244339,1450856
2021-08-28,Egypt,6964,161,6066,62251303,1451017
2021-08-29,Egypt,6146,143,5353,62257449,1451160
2021-08-30,Egypt,5958,136,5189,62263407,1451296
2021-08-31,Egypt,6039,139,5260,62269446,1451435
2021-09-01,Egypt,6137,144,5345,62275583,1451579
2021-09-02,Egypt,5430,127,4729,62281013,1451706
2021-09-03,Egypt,4612,105,4017,62285625,1451811
2021-09-04,Egypt,4702,109,4095,62290327,1451920
2021-09-05,Egypt,4992,113,4348,62295319,1452033
2021-09-06,Egypt,4389,102,3823,62299708,1452135
2021-09-07,Egypt,4367,101,3804,62304075,1452236
2021-09-08,Egypt,4400,106,3832,62308475,1452342
2021-09-09,Egypt,3713,87,3234,62312188,1452429
2021-09-10,Egypt,3997,91,3481,62316185,1452520
2021-09-11,Egypt,3691,84,3215,62319876,1452604
2021-09-12,Egypt,3488,82,3038,62323364,1452686
2021-09-13,Egypt,3481,82,3032,62326845,1452768
2021-09-14,Egypt,3300,80,2874,62330145,1452848
2021-09-15,Egypt,3432,82,2989,62333577,1452930
2021-09-16,Egypt,3415,80,2974,62336992,1453010
2021-09-17,Egypt,3038,73,2646,62340030,1453083
2021-09-18,Egypt,2883,67,2511,62342913,1453150
2021-09-19,Egypt,2794,65,2433,62345707,1453215
2021-09-20,Egypt,2586,57,2252,62348293,1453272
2021-09-21,Egypt,2458,60,2141,62350751,1453332
2021-09-22,Egypt,2312,54,2013,62353063,1453386
2021-09-23,Egypt,2256,52,1965,62355319,1453438
2021-09-24,Egypt,2509,56,2185,62357828,1453494
2021-09-25,Egypt,2145,52,1868,62359973,1453546
2021-09-26,Egypt,1813,44,1579,62361786,1453590
2021-09-27,Egypt,1979,44,1723,62363765,1453634
2021-09-28,Egypt,1797,42,1565,62365562,1453676
2021-09-29,Egypt,1876,45,1634,62367438,1453721
2021-09-30,Egypt,1786,39,1555,62369224,1453760
2021-10-01,Egypt,1718,41,1496,62370942,1453801
2021-10-02,Egypt,1636,39,1425,62372578,1453840
2021-10-03,Egypt,1538,37,1339,62374116,1453877
2021-10-04,Egypt,1388,36,1209,62375504,1453913
2021-10-05,Egypt,1427,39,1243,62376931,1453952
2021-10-06,Egypt,1440,36,1254,62378371,1453988
2021-10-07,Egypt,1428,33,1243,62379799,1454021
2021-10-08,Egypt,1234,30,1074,62381033,1454051
2021-10-09,Egypt,1185,28,1032,62382218,1454079
2021-10-10,Egypt,1167,31,1016,62383385,1454110
2021-10-11,Egypt,1169,27,1018,62384554,1454137
2021-10-12,Egypt,1011,22,880,62385565,1454159
2021-10-13,Egypt,1023,24,891,62386588,1454183
2021-10-14,Egypt,903,25,786,62387491,1454208
2021-10-15,Egypt,913,19,795,62388404,1454227
2021-10-16,Egypt,898,19,782,62389302,1454246
2021-10-17,Egypt,761,16,662,62390063,1454262
2021-10-18,Egypt,756,15,658,62390819,1454277
2021-10-19,Egypt,776,16,675,62391595,1454293
2021-10-20,Egypt,726,18,632,62392321,1454311
2021-10-21,Egypt,705,16,614,62393026,1454327
2021-10-22,Egypt,665,12,579,62393691,1454339
2021-10-23,Egypt,595,15,518,62394286,1454354
2021-10-24,Egypt,642,15,559,62394928,1454369
2021-10-25,Egypt,551,14,479,62395479,1454383
2021-10-26,Egypt,438,9,381,62395917,1454392
2021-10-27,Egypt,487,8,424,62396404,1454400
2021-10-28,Egypt,458,12,398,62396862,1454412
2021-10-29,Egypt,464,12,404,62397326,1454424
2021-10-30,Egypt,413,7,359,62397739,1454431
2021-10-31,Egypt,425,10,370,62398164,1454441
2021-11-01,Egypt,392,7,341,62398556,1454448
2021-11-02,Egypt,342,9,297,62398898,1454457
2021-11-03,Egypt,340,9,296,62399238,1454466
2021-11-04,Egypt,311,9,270,62399549,1454475
2021-11-05,Egypt,311,5,270,62399860,1454480
2021-11-06,Egypt,279,5,243,62400139,1454485
2021-11-07,Egypt,277,5,241,62400416,1454490
2021-11-08,Egypt,257,4,223,62400673,1454494
2021-11-09,Egypt,245,6,213,62400918,1454500
2021-11-10,Egypt,260,3,226,62401178,1454503
2021-11-11,Egypt,217,8,189,62401395,1454511
2021-11-12,Egypt,187,7,162,62401582,1454518
2021-11-13,Egypt,209,7,182,62401791,1454525
2021-11-14,Egypt,198,5,172,62401989,1454530
2021-11-15,Egypt,157,3,136,62402146,1454533
2021-11-16,Egypt,160,4,139,62402306,1454537
2021-11-17,Egypt,162,2,141,62402468,1454539
2021-11-18,Egypt,153,3,133,62402621,1454542
2021-11-19,Egypt,140,3,121,62402761,1454545
2021-11-20,Egypt,133,1,115,62402894,1454546
2021-11-21,Egypt,118,5,102,62403012,1454551
2021-11-22,Egypt,101,2,87,62403113,1454553
2021-11-23,Egypt,125,0,108,62403238,1454553
2021-11-24,Egypt,99,1,86,62403337,1454554
2021-11-25,Egypt,100,1,87,62403437,1454555
2021-11-26,Egypt,92,0,80,62403529,1454555
2021-11-27,Egypt,92,5,80,62403621,1454560
2021-11-28,Egypt,83,1,72,62403704,1454561
2021-11-29,Egypt,78,3,67,62403782,1454564
2021-11-30,Egypt,61,2,53,62403843,1454566
2021-12-01,Egypt,65,2,56,62403908,1454568
2021-12-02,Egypt,68,1,59,62403976,1454569
2021-12-03,Egypt,63,0,54,62404039,1454569
2021-12-04,Egypt,53,3,46,62404092,1454572
2021-12-05,Egypt,48,2,41,62404140,1454574
2021-12-06,Egypt,51,0,44,62404191,1454574
2021-12-07,Egypt,37,2,32,62404228,1454576
2021-12-08,Egypt,41,3,35,62404269,1454579
2021-12-09,Egypt,47,1,40,62404316,1454580
2021-12-10,Egypt,43,4,37,62404359,1454584
2021-12-11,Egypt,38,0,33,62404397,1454584
2021-12-12,Egypt,35,0,30,62404432,1454584
2021-12-13,Egypt,27,0,23,62404459,1454584
2021-12-14,Egypt,28,0,24,62404487,1454584
2021-12-15,Egypt,27,3,23,62404514,1454587
2021-12-16,Egypt,25,0,21,62404539,1454587
2021-12-17,Egypt,24,1,20,62404563,1454588
2021-12-18,Egypt,26,2,22,62404589,1454590
2021-12-19,Egypt,20,1,17,62404609,1454591
2021-12-20,Egypt,19,0,16,62404628,1454591
2021-12-21,Egypt,20,0,17,62404648,1454591
2021-12-22,Egypt,15,2,13,62404663,1454593
2021-12-23,Egypt,15,0,13,62404678,1454593
2021-12-24,Egypt,14,0,12,62404692,1454593
2021-12-25,Egypt,14,0,12,62404706,1454593
2021-12-26,Egypt,13,2,11,62404719,1454595
2021-12-27,Egypt,12,2,10,62404731,1454597
2021-12-28,Egypt,10,0,8,62404741,1454597
2021-12-29,Egypt,9,2,7,62404750,1454599
2021-12-30,Egypt,11,3,9,62404761,1454602
2020-01-01,Nigeria,132675,2285,117404,132675,2285
2020-01-02,Nigeria,139879,2409,123779,272554,4694
2020-01-03,Nigeria,152368,2624,134830,424922,7318
2020-01-04,Nigeria,158416,2729,140182,583338,10047
2020-01-05,Nigeria,135210,2328,119647,718548,12375
2020-01-06,Nigeria,150304,2586,133004,868852,14961
2020-01-07,Nigeria,154451,2658,136674,1023303,17619
2020-01-08,Nigeria,142999,2465,126540,1166302,20084
2020-01-09,Nigeria,163234,2810,144446,1329536,22894
2020-01-10,Nigeria,160129,2755,141698,1489665,25649
2020-01-11,Nigeria,163026,2804,144262,1652691,28453
2020-01-12,Nigeria,156189,2686,138211,1808880,31139
2020-01-13,Nigeria,169354,2917,149861,1978234,34056
2020-01-14,Nigeria,175188,3017,155024,2153422,37073
2020-01-15,Nigeria,171418,2955,151688,2324840,40028
2020-01-16,Nigeria,168076,2895,148730,2492916,42923
2020-01-17,Nigeria,170855,2943,151189,2663771,45866
2020-01-18,Nigeria,178746,3081,158172,2842517,48947
2020-01-19,Nigeria,179344,3086,158701,3021861,52033
2020-01-20,Nigeria,189182,3254,167407,3211043,55287
2020-01-21,Nigeria,178657,3077,158093,3389700,58364
2020-01-22,Nigeria,173809,2992,153803,3563509,61356
2020-01-23,Nigeria,190451,3279,168530,3753960,64635
2020-01-24,Nigeria,184547,3180,163306,3938507,67815
2020-01-25,Nigeria,198489,3419,175643,4136996,71234
2020-01-26,Nigeria,192985,3326,170772,4329981,74560
2020-01-27,Nigeria,201166,3462,178012,4531147,78022
2020-01-28,Nigeria,186654,3215,165170,4717801,81237
2020-01-29,Nigeria,199852,3439,176849,4917653,84676
2020-01-30,Nigeria,193193,3329,170956,5110846,88005
2020-01-31,Nigeria,189596,3265,167773,5300442,91270
2020-02-01,Nigeria,194836,3355,172410,5495278,94625
2020-02-02,Nigeria,199657,3436,176676,5694935,98061
2020-02-03,Nigeria,219719,3782,194429,5914654,101843
2020-02-04,Nigeria,202451,3486,179149,6117105,105329
2020-02-05,Nigeria,196564,3388,173939,6313669,108717
2020-02-06,Nigeria,212765,3666,188276,6526434,112383
2020-02-07,Nigeria,213103,3670,188575,6739537,116053
2020-02-08,Nigeria,208891,3596,184848,6948428,119649
2020-02-09,Nigeria,213742,3681,189140,7162170,123330
2020-02-10,Nigeria,227329,3916,201163,7389499,127246
2020-02-11,Nigeria,225277,3879,199348,7614776,131125
2020-02-12,Nigeria,225534,3882,199575,7840310,135007
2020-02-13,Nigeria,207209,3569,183359,8047519,138576
2020-02-14,Nigeria,253248,4360,224099,8300767,142936
2020-02-15,Nigeria,233996,4028,207063,8534763,146964
2020-02-16,Nigeria,229033,3943,202671,8763796,150907
2020-02-17,Nigeria,211105,3636,186807,8974901,154543
2020-02-18,Nigeria,235657,4057,208533,9210558,158600
2020-02-19,Nigeria,220119,3790,194783,9430677,162390
2020-02-20,Nigeria,224302,3862,198485,9654979,166252
2020-02-21,Nigeria,208077,3582,184127,9863056,169834
2020-02-22,Nigeria,213640,3681,189050,10076696,173515
2020-02-23,Nigeria,233340,4021,206483,10310036,177536
2020-02-24,Nigeria,240340,4137,212677,10550376,181673
2020-02-25,Nigeria,237114,4081,209822,10787490,185754
2020-02-26,Nigeria,237112,4081,209820,11024602,189835
2020-02-27,Nigeria,229212,3947,202830,11253814,193782
2020-02-28,Nigeria,225534,3883,199575,11479348,197665
2020-02-29,Nigeria,233746,4022,206842,11713094,201687
2020-03-01,Nigeria,240029,4132,212402,11953123,205819
2020-03-02,Nigeria,230699,3973,204146,12183822,209792
2020-03-03,Nigeria,244628,4214,216471,12428450,214006
2020-03-04,Nigeria,228156,3932,201895,12656606,217938
2020-03-05,Nigeria,219246,3774,194011,12875852,221712
2020-03-06,Nigeria,230280,3963,203775,13106132,225675
2020-03-07,Nigeria,231416,3984,204780,13337548,229659
2020-03-08,Nigeria,228993,3941,202636,13566541,233600
2020-03-09,Nigeria,244325,4205,216203,13810866,237805
2020-03-10,Nigeria,238482,4105,211033,14049348,241910
2020-03-11,Nigeria,212452,3658,187999,14261800,245568
2020-03-12,Nigeria,245866,4231,217567,14507666,249799
2020-03-13,Nigeria,196585,3386,173958,14704251,253185
2020-03-14,Nigeria,251673,4335,222705,14955924,257520
2020-03-15,Nigeria,223342,3843,197635,15179266,261363
2020-03-16,Nigeria,223771,3850,198015,15403037,265213
2020-03-17,Nigeria,224503,3864,198663,15627540,269077
2020-03-18,Nigeria,228719,3937,202393,15856259,273014
2020-03-19,Nigeria,223565,3852,197833,16079824,276866
2020-03-20,Nigeria,221207,3808,195746,16301031,280674
2020-03-21,Nigeria,236288,4069,209091,16537319,284743
2020-03-22,Nigeria,227055,3910,200921,16764374,288653
2020-03-23,Nigeria,209266,3601,185179,16973640,292254
2020-03-24,Nigeria,226861,3905,200749,17200501,296159
2020-03-25,Nigeria,223378,3846,197667,17423879,300005
2020-03-26,Nigeria,210645,3627,186400,17634524,303632
2020-03-27,Nigeria,223921,3852,198148,17858445,307484
2020-03-28,Nigeria,212506,3657,188047,18070951,311141
2020-03-29,Nigeria,210604,3626,186363,18281555,314767
2020-03-30,Nigeria,209068,3599,185004,18490623,318366
2020-03-31,Nigeria,184864,3180,163586,18675487,321546
2020-04-01,Nigeria,203584,3504,180151,18879071,325050
2020-04-02,Nigeria,215151,3701,190387,19094222,328751
2020-04-03,Nigeria,206138,3552,182411,19300360,332303
2020-04-04,Nigeria,191799,3301,169723,19492159,335604
2020-04-05,Nigeria,213370,3673,188811,19705529,339277
2020-04-06,Nigeria,199093,3426,176177,19904622,342703
2020-04-07,Nigeria,188395,3244,166711,20093017,345947
2020-04-08,Nigeria,221147,3809,195693,20314164,349756
2020-04-09,Nigeria,187273,3222,165718,20501437,352978
2020-04-10,Nigeria,204807,3524,181234,20706244,356502
2020-04-11,Nigeria,187173,3221,165629,20893417,359723
2020-04-12,Nigeria,194447,3345,172066,21087864,363068
2020-04-13,Nigeria,182957,3151,161899,21270821,366219
2020-04-14,Nigeria,178281,3071,157761,21449102,369290
2020-04-15,Nigeria,193437,3327,171172,21642539,372617
2020-04-16,Nigeria,190755,3286,168799,21833294,375903
2020-04-17,Nigeria,196030,3377,173467,22029324,379280
2020-04-18,Nigeria,183552,3154,162425,22212876,382434
2020-04-19,Nigeria,202566,3485,179251,22415442,385919
2020-04-20,Nigeria,183208,3153,162121,22598650,389072
2020-04-21,Nigeria,184327,3175,163111,22782977,392247
2020-04-22,Nigeria,165648,2853,146582,22948625,395100
2020-04-23,Nigeria,170793,2939,151135,23119418,398039
2020-04-24,Nigeria,179238,3089,158608,23298656,401128
2020-04-25,Nigeria,172476,2968,152624,23471132,404096
2020-04-26,Nigeria,173340,2983,153388,23644472,407079
2020-04-27,Nigeria,163316,2809,144518,23807788,409888
2020-04-28,Nigeria,169855,2924,150305,23977643,412812
2020-04-29,Nigeria,168395,2901,149013,24146038,415713
2020-04-30,Nigeria,156202,2687,138223,24302240,418400
2020-05-01,Nigeria,169912,2926,150355,24472152,421326
2020-05-02,Nigeria,149389,2572,132194,24621541,423898
2020-05-03,Nigeria,163433,2814,144622,24784974,426712
2020-05-04,Nigeria,174823,3010,154701,24959797,429722
2020-05-05,Nigeria,164792,2839,145824,25124589,432561
2020-05-06,Nigeria,163459,2815,144645,25288048,435376
2020-05-07,Nigeria,149875,2582,132624,25437923,437958
2020-05-08,Nigeria,169517,2916,150005,25607440,440874
2020-05-09,Nigeria,165239,2844,146220,25772679,443718
2020-05-10,Nigeria,147013,2529,130092,25919692,446247
2020-05-11,Nigeria,148798,2563,131671,26068490,448810
2020-05-12,Nigeria,160881,2772,142363,26229371,451582
2020-05-13,Nigeria,163895,2821,145031,26393266,454403
2020-05-14,Nigeria,139981,2410,123869,26533247,456813
2020-05-15,Nigeria,141062,2425,124826,26674309,459238
2020-05-16,Nigeria,146582,2524,129710,26820891,461762
2020-05-17,Nigeria,130873,2250,115809,26951764,464012
2020-05-18,Nigeria,146163,2516,129339,27097927,466528
2020-05-19,Nigeria,153895,2646,136182,27251822,469174
2020-05-20,Nigeria,134180,2313,118736,27386002,471487
2020-05-21,Nigeria,144842,2493,128170,27530844,473980
2020-05-22,Nigeria,139150,2395,123134,27669994,476375
2020-05-23,Nigeria,154465,2663,136686,27824459,479038
2020-05-24,Nigeria,138190,2379,122284,27962649,481417
2020-05-25,Nigeria,152545,2623,134987,28115194,484040
2020-05-26,Nigeria,137133,2360,121349,28252327,486400
2020-05-27,Nigeria,146422,2525,129569,28398749,488925
2020-05-28,Nigeria,142434,2450,126040,28541183,491375
2020-05-29,Nigeria,139416,2399,123369,28680599,493774
2020-05-30,Nigeria,134620,2321,119125,28815219,496095
2020-05-31,Nigeria,142245,2447,125872,28957464,498542
2020-06-01,Nigeria,136773,2354,121030,29094237,500896
2020-06-02,Nigeria,134953,2326,119420,29229190,503222
2020-06-03,Nigeria,150034,2582,132765,29379224,505804
2020-06-04,Nigeria,143585,2470,127058,29522809,508274
2020-06-05,Nigeria,144324,2481,127712,29667133,510755
2020-06-06,Nigeria,137196,2360,121405,29804329,513115
2020-06-07,Nigeria,138793,2388,122818,29943122,515503
2020-06-08,Nigeria,138560,2385,122612,30081682,517888
2020-06-09,Nigeria,142928,2461,126477,30224610,520349
2020-06-10,Nigeria,145379,2503,128646,30369989,522852
2020-06-11,Nigeria,140990,2425,124762,30510979,525277
2020-06-12,Nigeria,135982,2344,120330,30646961,527621
2020-06-13,Nigeria,147432,2536,130462,30794393,530157
2020-06-14,Nigeria,142746,2461,126316,30937139,532618
2020-06-15,Nigeria,132724,2285,117447,31069863,534903
2020-06-16,Nigeria,128261,2210,113498,31198124,537113
2020-06-17,Nigeria,146346,2521,129501,31344470,539634
2020-06-18,Nigeria,138835,2393,122855,31483305,542027
2020-06-19,Nigeria,148664,2559,131553,31631969,544586
2020-06-20,Nigeria,140577,2420,124396,31772546,547006
2020-06-21,Nigeria,147988,2548,130954,31920534,549554
2020-06-22,Nigeria,145008,2496,128317,32065542,552050
2020-06-23,Nigeria,161657,2784,143050,32227199,554834
2020-06-24,Nigeria,156604,2699,138579,32383803,557533
2020-06-25,Nigeria,160529,2760,142052,32544332,560293
2020-06-26,Nigeria,151506,2608,134067,32695838,562901
2020-06-27,Nigeria,158544,2734,140295,32854382,565635
2020-06-28,Nigeria,153971,2650,136249,33008353,568285
2020-06-29,Nigeria,165620,2853,146557,33173973,571138
2020-06-30,Nigeria,154757,2666,136944,33328730,573804
2020-07-01,Nigeria,145456,2501,128714,33474186,576305
2020-07-02,Nigeria,141733,2441,125419,33615919,578746
2020-07-03,Nigeria,171808,2958,152033,33787727,581704
2020-07-04,Nigeria,163528,2822,144706,33951255,584526
2020-07-05,Nigeria,165230,2839,146212,34116485,587365
2020-07-06,Nigeria,174083,2994,154046,34290568,590359
2020-07-07,Nigeria,149713,2577,132481,34440281,592936
2020-07-08,Nigeria,161435,2779,142854,34601716,595715
2020-07-09,Nigeria,163631,2815,144797,34765347,598530
2020-07-10,Nigeria,172990,2977,153079,34938337,601507
2020-07-11,Nigeria,162201,2794,143532,35100538,604301
2020-07-12,Nigeria,159081,2737,140771,35259619,607038
2020-07-13,Nigeria,160165,2756,141730,35419784,609794
2020-07-14,Nigeria,181591,3128,160690,35601375,612922
2020-07-15,Nigeria,166537,2869,147368,35767912,615791
2020-07-16,Nigeria,169390,2915,149893,35937302,618706
2020-07-17,Nigeria,181003,3113,160169,36118305,621819
2020-07-18,Nigeria,170497,2937,150873,36288802,624756
2020-07-19,Nigeria,162734,2800,144003,36451536,627556
2020-07-20,Nigeria,164957,2843,145970,36616493,630399
2020-07-21,Nigeria,179827,3097,159129,36796320,633496
2020-07-22,Nigeria,186059,3203,164643,36982379,636699
2020-07-23,Nigeria,180890,3115,160069,37163269,639814
2020-07-24,Nigeria,187877,3231,166252,37351146,643045
2020-07-25,Nigeria,170156,2932,150571,37521302,645977
2020-07-26,Nigeria,171841,2958,152062,37693143,648935
2020-07-27,Nigeria,208481,3590,184485,37901624,652525
2020-07-28,Nigeria,200093,3444,177062,38101717,655969
2020-07-29,Nigeria,196853,3389,174195,38298570,659358
2020-07-30,Nigeria,184343,3177,163125,38482913,662535
2020-07-31,Nigeria,189393,3260,167594,38672306,665795
2020-08-01,Nigeria,192676,3316,170499,38864982,669111
2020-08-02,Nigeria,206412,3555,182654,39071394,672666
2020-08-03,Nigeria,198564,3419,175709,39269958,676085
2020-08-04,Nigeria,200719,3459,177616,39470677,679544
2020-08-05,Nigeria,194829,3350,172404,39665506,682894
2020-08-06,Nigeria,205166,3531,181551,39870672,686425
2020-08-07,Nigeria,201174,3461,178019,40071846,689886
2020-08-08,Nigeria,199415,3436,176462,40271261,693322
2020-08-09,Nigeria,192317,3308,170181,40463578,696630
2020-08-10,Nigeria,199326,3432,176383,40662904,700062
2020-08-11,Nigeria,190292,3274,168389,40853196,703336
2020-08-12,Nigeria,201393,3466,178213,41054589,706802
2020-08-13,Nigeria,203304,3498,179904,41257893,710300
2020-08-14,Nigeria,178564,3074,158011,41436457,713374
2020-08-15,Nigeria,201146,3467,177994,41637603,716841
2020-08-16,Nigeria,191975,3302,169879,41829578,720143
2020-08-17,Nigeria,209498,3605,185385,42039076,723748
2020-08-18,Nigeria,211315,3639,186993,42250391,727387
2020-08-19,Nigeria,200760,3456,177652,42451151,730843
2020-08-20,Nigeria,211069,3631,186775,42662220,734474
2020-08-21,Nigeria,211757,3645,187384,42873977,738119
2020-08-22,Nigeria,203514,3501,180089,43077491,741620
2020-08-23,Nigeria,221839,3818,196305,43299330,745438
2020-08-24,Nigeria,198662,3418,175796,43497992,748856
2020-08-25,Nigeria,221361,3812,195882,43719353,752668
2020-08-26,Nigeria,203873,3511,180407,43923226,756179
2020-08-27,Nigeria,197456,3394,174729,44120682,759573
2020-08-28,Nigeria,202432,3485,179132,44323114,763058
2020-08-29,Nigeria,194589,3346,172192,44517703,766404
2020-08-30,Nigeria,213782,3681,189176,44731485,770085
2020-08-31,Nigeria,188997,3257,167243,44920482,773342
2020-09-01,Nigeria,219423,3777,194167,45139905,777119
2020-09-02,Nigeria,195232,3362,172761,45335137,780481
2020-09-03,Nigeria,212970,3668,188457,45548107,784149
2020-09-04,Nigeria,204215,3517,180710,45752322,787666
2020-09-05,Nigeria,206222,3552,182486,45958544,791218
2020-09-06,Nigeria,196929,3391,174262,46155473,794609
2020-09-07,Nigeria,205884,3543,182187,46361357,798152
2020-09-08,Nigeria,203025,3497,179657,46564382,801649
2020-09-09,Nigeria,186313,3211,164868,46750695,804860
2020-09-10,Nigeria,190578,3282,168642,46941273,808142
2020-09-11,Nigeria,194023,3341,171691,47135296,811483
2020-09-12,Nigeria,191075,3286,169082,47326371,814769
2020-09-13,Nigeria,210063,3614,185885,47536434,818383
2020-09-14,Nigeria,196809,3387,174156,47733243,821770
2020-09-15,Nigeria,188132,3237,166478,47921375,825007
2020-09-16,Nigeria,189944,3270,168081,48111319,828277
2020-09-17,Nigeria,188762,3248,167035,48300081,831525
2020-09-18,Nigeria,189754,3269,167913,48489835,834794
2020-09-19,Nigeria,181075,3117,160233,48670910,837911
2020-09-20,Nigeria,182420,3138,161423,48853330,841049
2020-09-21,Nigeria,196156,3375,173578,49049486,844424
2020-09-22,Nigeria,189367,3260,167571,49238853,847684
2020-09-23,Nigeria,184883,3182,163603,49423736,850866
2020-09-24,Nigeria,184962,3184,163673,49608698,854050
2020-09-25,Nigeria,183118,3152,162041,49791816,857202
2020-09-26,Nigeria,180194,3106,159454,49972010,860308
2020-09-27,Nigeria,185296,3192,163968,50157306,863500
2020-09-28,Nigeria,183088,3150,162014,50340394,866650
2020-09-29,Nigeria,163622,2813,144789,50504016,869463
2020-09-30,Nigeria,174851,3010,154726,50678867,872473
2020-10-01,Nigeria,161274,2774,142711,50840141,875247
2020-10-02,Nigeria,178268,3066,157749,51018409,878313
2020-10-03,Nigeria,177687,3060,157235,51196096,881373
2020-10-04,Nigeria,164258,2828,145352,51360354,884201
2020-10-05,Nigeria,166744,2873,147552,51527098,887074
2020-10-06,Nigeria,148463,2556,131375,51675561,889630
2020-10-07,Nigeria,172222,2965,152399,51847783,892595
2020-10-08,Nigeria,168220,2894,148858,52016003,895489
2020-10-09,Nigeria,169897,2924,150342,52185900,898413
2020-10-10,Nigeria,170649,2934,151007,52356549,901347
2020-10-11,Nigeria,147397,2540,130431,52503946,903887
2020-10-12,Nigeria,162050,2787,143398,52665996,906674
2020-10-13,Nigeria,164637,2835,145687,52830633,909509
2020-10-14,Nigeria,140104,2411,123978,52970737,911920
2020-10-15,Nigeria,148254,2553,131190,53118991,914473
2020-10-16,Nigeria,144954,2496,128270,53263945,916969
2020-10-17,Nigeria,151966,2614,134475,53415911,919583
2020-10-18,Nigeria,126602,2179,112030,53542513,921762
2020-10-19,Nigeria,154788,2667,136972,53697301,924429
2020-10-20,Nigeria,139192,2395,123171,53836493,926824
2020-10-21,Nigeria,144379,2488,127761,53980872,929312
2020-10-22,Nigeria,135718,2338,120097,54116590,931650
2020-10-23,Nigeria,137505,2367,121678,54254095,934017
2020-10-24,Nigeria,116922,2011,103464,54371017,936028
2020-10-25,Nigeria,127847,2201,113132,54498864,938229
2020-10-26,Nigeria,133884,2304,118474,54632748,940533
2020-10-27,Nigeria,128355,2212,113581,54761103,942745
2020-10-28,Nigeria,114422,1967,101252,54875525,944712
2020-10-29,Nigeria,123105,2120,108935,54998630,946832
2020-10-30,Nigeria,115894,1995,102554,55114524,948827
2020-10-31,Nigeria,113580,1956,100507,55228104,950783
2020-11-01,Nigeria,108199,1864,95745,55336303,952647
2020-11-02,Nigeria,118822,2044,105145,55455125,954691
2020-11-03,Nigeria,119736,2059,105954,55574861,956750
2020-11-04,Nigeria,123440,2125,109232,55698301,958875
2020-11-05,Nigeria,101713,1753,90006,55800014,960628
2020-11-06,Nigeria,112173,1931,99262,55912187,962559
2020-11-07,Nigeria,110696,1908,97955,56022883,964467
2020-11-08,Nigeria,101495,1747,89813,56124378,966214
2020-11-09,Nigeria,98096,1687,86805,56222474,967901
2020-11-10,Nigeria,95632,1647,84624,56318106,969548
2020-11-11,Nigeria,96833,1666,85687,56414939,971214
2020-11-12,Nigeria,98807,1700,87434,56513746,972914
2020-11-13,Nigeria,102746,1769,90920,56616492,974683
2020-11-14,Nigeria,99848,1721,88355,56716340,976404
2020-11-15,Nigeria,85544,1473,75698,56801884,977877
2020-11-16,Nigeria,87926,1514,77805,56889810,979391
2020-11-17,Nigeria,95896,1655,84858,56985706,981046
2020-11-18,Nigeria,85344,1470,75521,57071050,982516
2020-11-19,Nigeria,86908,1495,76905,57157958,984011
2020-11-20,Nigeria,78449,1353,69419,57236407,985364
2020-11-21,Nigeria,89273,1536,78997,57325680,986900
2020-11-22,Nigeria,75137,1295,66488,57400817,988195
2020-11-23,Nigeria,75081,1293,66439,57475898,989488
2020-11-24,Nigeria,84790,1460,75030,57560688,990948
2020-11-25,Nigeria,86970,1496,76959,57647658,992444
2020-11-26,Nigeria,77047,1326,68179,57724705,993770
2020-11-27,Nigeria,76877,1322,68028,57801582,995092
2020-11-28,Nigeria,79425,1368,70283,57881007,996460
2020-11-29,Nigeria,76016,1309,67266,57957023,997769
2020-11-30,Nigeria,72552,1245,64201,58029575,999014
2020-12-01,Nigeria,71205,1226,63009,58100780,1000240
2020-12-02,Nigeria,66418,1149,58773,58167198,1001389
2020-12-03,Nigeria,72029,1239,63738,58239227,1002628
2020-12-04,Nigeria,70056,1208,61992,58309283,1003836
2020-12-05,Nigeria,68081,1173,60245,58377364,1005009
2020-12-06,Nigeria,65427,1123,57896,58442791,1006132
2020-12-07,Nigeria,65127,1122,57631,58507918,1007254
2020-12-08,Nigeria,69656,1197,61638,58577574,1008451
2020-12-09,Nigeria,69937,1203,61887,58647511,1009654
2020-12-10,Nigeria,65362,1122,57838,58712873,1010776
2020-12-11,Nigeria,64538,1112,57109,58777411,1011888
2020-12-12,Nigeria,62733,1079,55512,58840144,1012967
2020-12-13,Nigeria,68199,1177,60349,58908343,1014144
2020-12-14,Nigeria,64914,1115,57442,58973257,1015259
2020-12-15,Nigeria,65719,1133,58154,59038976,1016392
2020-12-16,Nigeria,65454,1127,57920,59104430,1017519
2020-12-17,Nigeria,63136,1085,55869,59167566,1018604
2020-12-18,Nigeria,60266,1034,53329,59227832,1019638
2020-12-19,Nigeria,60738,1045,53747,59288570,1020683
2020-12-20,Nigeria,67507,1162,59737,59356077,1021845
2020-12-21,Nigeria,61614,1058,54522,59417691,1022903
2020-12-22,Nigeria,62707,1077,55489,59480398,1023980
2020-12-23,Nigeria,60520,1044,53554,59540918,1025024
2020-12-24,Nigeria,60439,1039,53482,59601357,1026063
2020-12-25,Nigeria,62115,1070,54965,59663472,1027133
2020-12-26,Nigeria,70381,1214,62280,59733853,1028347
2020-12-27,Nigeria,67403,1159,59645,59801256,1029506
2020-12-28,Nigeria,63935,1098,56576,59865191,1030604
2020-12-29,Nigeria,69710,1202,61686,59934901,1031806
2020-12-30,Nigeria,66138,1138,58525,60001039,1032944
2020-12-31,Nigeria,71771,1234,63510,60072810,1034178
2021-01-01,Nigeria,75349,1300,66676,60148159,1035478
2021-01-02,Nigeria,72048,1240,63755,60220207,1036718
2021-01-03,Nigeria,69586,1198,61576,60289793,1037916
2021-01-04,Nigeria,72496,1245,64151,60362289,1039161
2021-01-05,Nigeria,70942,1221,62776,60433231,1040382
2021-01-06,Nigeria,65193,1120,57689,60498424,1041502
2021-01-07,Nigeria,70353,1210,62255,60568777,1042712
2021-01-08,Nigeria,70227,1208,62144,60639004,1043920
2021-01-09,Nigeria,72261,1246,63943,60711265,1045166
2021-01-10,Nigeria,82710,1422,73190,60793975,1046588
2021-01-11,Nigeria,81387,1400,72019,60875362,1047988
2021-01-12,Nigeria,80001,1380,70793,60955363,1049368
2021-01-13,Nigeria,82771,1424,73244,61038134,1050792
2021-01-14,Nigeria,73205,1259,64779,61111339,1052051
2021-01-15,Nigeria,85218,1469,75409,61196557,1053520
2021-01-16,Nigeria,87572,1507,77492,61284129,1055027
2021-01-17,Nigeria,75576,1301,66877,61359705,1056328
2021-01-18,Nigeria,89942,1549,79589,61449647,1057877
2021-01-19,Nigeria,81911,1413,72483,61531558,1059290
2021-01-20,Nigeria,80959,1391,71640,61612517,1060681
2021-01-21,Nigeria,97537,1681,86310,61710054,1062362
2021-01-22,Nigeria,88486,1520,78301,61798540,1063882
2021-01-23,Nigeria,91536,1574,81000,61890076,1065456
2021-01-24,Nigeria,101524,1746,89838,61991600,1067202
2021-01-25,Nigeria,97078,1671,85904,62088678,1068873
2021-01-26,Nigeria,99568,1712,88107,62188246,1070585
2021-01-27,Nigeria,101372,1748,89704,62289618,1072333
2021-01-28,Nigeria,106198,1829,93974,62395816,1074162
2021-01-29,Nigeria,105198,1811,93089,62501014,1075973
2021-01-30,Nigeria,109080,1876,96525,62610094,1077849
2021-01-31,Nigeria,107775,1858,95370,62717869,1079707
2021-02-01,Nigeria,114679,1974,101479,62832548,1081681
2021-02-02,Nigeria,116674,2008,103245,62949222,1083689
2021-02-03,Nigeria,128195,2207,113440,63077417,1085896
2021-02-04,Nigeria,117055,2015,103582,63194472,1087911
2021-02-05,Nigeria,120491,2076,106622,63314963,1089987
2021-02-06,Nigeria,125406,2161,110972,63440369,1092148
2021-02-07,Nigeria,132362,2277,117127,63572731,1094425
2021-02-08,Nigeria,121627,2093,107627,63694358,1096518
2021-02-09,Nigeria,131735,2267,116572,63826093,1098785
2021-02-10,Nigeria,116750,2010,103312,63942843,1100795
2021-02-11,Nigeria,134108,2311,118672,64076951,1103106
2021-02-12,Nigeria,145868,2508,129078,64222819,1105614
2021-02-13,Nigeria,135834,2336,120199,64358653,1107950
2021-02-14,Nigeria,144756,2491,128094,64503409,1110441
2021-02-15,Nigeria,142180,2449,125815,64645589,1112890
2021-02-16,Nigeria,142230,2447,125859,64787819,1115337
2021-02-17,Nigeria,158557,2729,140307,64946376,1118066
2021-02-18,Nigeria,145780,2508,129001,65092156,1120574
2021-02-19,Nigeria,158738,2734,140467,65250894,1123308
2021-02-20,Nigeria,161537,2781,142944,65412431,1126089
2021-02-21,Nigeria,154845,2664,137022,65567276,1128753
2021-02-22,Nigeria,165674,2850,146605,65732950,1131603
2021-02-23,Nigeria,159253,2741,140923,65892203,1134344
2021-02-24,Nigeria,174168,2998,154121,66066371,1137342
2021-02-25,Nigeria,161082,2775,142541,66227453,1140117
2021-02-26,Nigeria,172130,2965,152318,66399583,1143082
2021-02-27,Nigeria,175541,3020,155336,66575124,1146102
2021-02-28,Nigeria,190518,3282,168589,66765642,1149384
2021-03-01,Nigeria,184439,3177,163210,66950081,1152561
2021-03-02,Nigeria,194710,3351,172299,67144791,1155912
2021-03-03,Nigeria,193738,3337,171439,67338529,1159249
2021-03-04,Nigeria,196416,3380,173808,67534945,1162629
2021-03-05,Nigeria,190614,3283,168674,67725559,1165912
2021-03-06,Nigeria,206506,3560,182737,67932065,1169472
2021-03-07,Nigeria,195562,3367,173053,68127627,1172839
2021-03-08,Nigeria,184275,3172,163065,68311902,1176011
2021-03-09,Nigeria,202130,3477,178865,68514032,1179488
2021-03-10,Nigeria,211597,3643,187242,68725629,1183131
2021-03-11,Nigeria,192637,3319,170464,68918266,1186450
2021-03-12,Nigeria,202620,3487,179298,69120886,1189937
2021-03-13,Nigeria,201316,3467,178144,69322202,1193404
2021-03-14,Nigeria,225541,3883,199581,69547743,1197287
2021-03-15,Nigeria,237821,4094,210448,69785564,1201381
2021-03-16,Nigeria,219564,3781,194292,70005128,1205162
2021-03-17,Nigeria,230249,3960,203747,70235377,1209122
2021-03-18,Nigeria,232380,4001,205633,70467757,1213123
2021-03-19,Nigeria,246769,4251,218366,70714526,1217374
2021-03-20,Nigeria,223722,3851,197972,70938248,1221225
2021-03-21,Nigeria,230952,3976,204369,71169200,1225201
2021-03-22,Nigeria,231713,3989,205043,71400913,1229190
2021-03-23,Nigeria,238793,4115,211308,71639706,1233305
2021-03-24,Nigeria,270077,4651,238991,71909783,1237956
2021-03-25,Nigeria,242470,4172,214562,72152253,1242128
2021-03-26,Nigeria,233692,4022,206794,72385945,1246150
2021-03-27,Nigeria,231898,3993,205207,72617843,1250143
2021-03-28,Nigeria,263570,4540,233233,72881413,1254683
2021-03-29,Nigeria,239173,4119,211644,73120586,1258802
2021-03-30,Nigeria,260086,4480,230150,73380672,1263282
2021-03-31,Nigeria,244884,4214,216698,73625556,1267496
2021-04-01,Nigeria,239044,4117,211530,73864600,1271613
2021-04-02,Nigeria,264633,4555,234174,74129233,1276168
2021-04-03,Nigeria,250300,4309,221490,74379533,1280477
2021-04-04,Nigeria,265512,4573,234952,74645045,1285050
2021-04-05,Nigeria,267977,4613,237133,74913022,1289663
2021-04-06,Nigeria,270033,4646,238952,75183055,1294309
2021-04-07,Nigeria,260650,4487,230649,75443705,1298796
2021-04-08,Nigeria,274575,4728,242971,75718280,1303524
2021-04-09,Nigeria,254371,4381,225093,75972651,1307905
2021-04-10,Nigeria,234947,4043,207905,76207598,1311948
2021-04-11,Nigeria,278384,4792,246342,76485982,1316740
2021-04-12,Nigeria,272114,4686,240794,76758096,1321426
2021-04-13,Nigeria,262546,4521,232327,77020642,1325947
2021-04-14,Nigeria,251680,4334,222712,77272322,1330281
2021-04-15,Nigeria,244704,4213,216539,77517026,1334494
2021-04-16,Nigeria,273867,4714,242345,77790893,1339208
2021-04-17,Nigeria,296372,5105,262260,78087265,1344313
2021-04-18,Nigeria,272461,4693,241101,78359726,1349006
2021-04-19,Nigeria,269885,4646,238821,78629611,1353652
2021-04-20,Nigeria,274929,4733,243285,78904540,1358385
2021-04-21,Nigeria,305634,5264,270456,79210174,1363649
2021-04-22,Nigeria,286237,4929,253291,79496411,1368578
2021-04-23,Nigeria,263164,4532,232874,79759575,1373110
2021-04-24,Nigeria,276549,4762,244718,80036124,1377872
2021-04-25,Nigeria,280786,4835,248468,80316910,1382707
2021-04-26,Nigeria,261565,4503,231459,80578475,1387210
2021-04-27,Nigeria,286511,4929,253534,80864986,1392139
2021-04-28,Nigeria,264557,4555,234107,81129543,1396694
2021-04-29,Nigeria,254746,4387,225425,81384289,1401081
2021-04-30,Nigeria,276266,4757,244468,81660555,1405838
2021-05-01,Nigeria,273666,4710,242167,81934221,1410548
2021-05-02,Nigeria,274282,4721,242712,82208503,1415269
2021-05-03,Nigeria,263257,4537,232956,82471760,1419806
2021-05-04,Nigeria,264539,4555,234091,82736299,1424361
2021-05-05,Nigeria,287720,4949,254604,83024019,1429310
2021-05-06,Nigeria,277546,4777,245601,83301565,1434087
2021-05-07,Nigeria,257739,4437,228073,83559304,1438524
2021-05-08,Nigeria,243437,4189,215417,83802741,1442713
2021-05-09,Nigeria,256449,4415,226932,84059190,1447128
2021-05-10,Nigeria,269761,4644,238712,84328951,1451772
2021-05-11,Nigeria,258083,4444,228378,84587034,1456216
2021-05-12,Nigeria,255870,4405,226419,84842904,1460621
2021-05-13,Nigeria,256218,4410,226727,85099122,1465031
2021-05-14,Nigeria,261687,4505,231567,85360809,1469536
2021-05-15,Nigeria,271470,4676,240224,85632279,1474212
2021-05-16,Nigeria,259732,4472,229837,85892011,1478684
2021-05-17,Nigeria,258989,4459,229179,86151000,1483143
2021-05-18,Nigeria,253695,4369,224495,86404695,1487512
2021-05-19,Nigeria,248545,4279,219937,86653240,1491791
2021-05-20,Nigeria,264501,4552,234057,86917741,1496343
2021-05-21,Nigeria,260725,4490,230716,87178466,1500833
2021-05-22,Nigeria,275069,4735,243409,87453535,1505568
2021-05-23,Nigeria,255209,4393,225834,87708744,1509961
2021-05-24,Nigeria,239571,4122,211996,87948315,1514083
2021-05-25,Nigeria,232665,4007,205885,88180980,1518090
2021-05-26,Nigeria,253147,4359,224010,88434127,1522449
2021-05-27,Nigeria,229766,3956,203320,88663893,1526405
2021-05-28,Nigeria,246985,4254,218557,88910878,1530659
2021-05-29,Nigeria,226238,3897,200198,89137116,1534556
2021-05-30,Nigeria,236998,4079,209720,89374114,1538635
2021-05-31,Nigeria,218423,3761,193282,89592537,1542396
2021-06-01,Nigeria,237222,4084,209918,89829759,1546480
2021-06-02,Nigeria,212013,3650,187610,90041772,1550130
2021-06-03,Nigeria,226599,3900,200517,90268371,1554030
2021-06-04,Nigeria,218921,3772,193723,90487292,1557802
2021-06-05,Nigeria,219748,3785,194455,90707040,1561587
2021-06-06,Nigeria,211851,3648,187467,90918891,1565235
2021-06-07,Nigeria,209114,3603,185045,91128005,1568838
2021-06-08,Nigeria,212660,3662,188183,91340665,1572500
2021-06-09,Nigeria,197989,3408,175200,91538654,1575908
2021-06-10,Nigeria,195441,3364,172946,91734095,1579272
2021-06-11,Nigeria,199531,3436,176565,91933626,1582708
2021-06-12,Nigeria,196526,3381,173906,92130152,1586089
2021-06-13,Nigeria,187882,3236,166257,92318034,1589325
2021-06-14,Nigeria,204144,3511,180647,92522178,1592836
2021-06-15,Nigeria,189190,3259,167414,92711368,1596095
2021-06-16,Nigeria,187525,3230,165941,92898893,1599325
2021-06-17,Nigeria,174520,3008,154433,93073413,1602333
2021-06-18,Nigeria,203250,3500,179856,93276663,1605833
2021-06-19,Nigeria,203420,3504,180006,93480083,1609337
2021-06-20,Nigeria,171658,2957,151900,93651741,1612294
2021-06-21,Nigeria,186628,3211,165147,93838369,1615505
2021-06-22,Nigeria,172266,2964,152438,94010635,1618469
2021-06-23,Nigeria,183926,3165,162756,94194561,1621634
2021-06-24,Nigeria,170296,2932,150695,94364857,1624566
2021-06-25,Nigeria,165510,2849,146460,94530367,1627415
2021-06-26,Nigeria,141665,2439,125359,94672032,1629854
2021-06-27,Nigeria,152122,2620,134613,94824154,1632474
2021-06-28,Nigeria,156491,2693,138479,94980645,1635167
2021-06-29,Nigeria,155080,2672,137230,95135725,1637839
2021-06-30,Nigeria,141626,2439,125325,95277351,1640278
2021-07-01,Nigeria,142631,2459,126214,95419982,1642737
2021-07-02,Nigeria,149297,2571,132113,95569279,1645308
2021-07-03,Nigeria,132679,2284,117407,95701958,1647592
2021-07-04,Nigeria,140748,2427,124548,95842706,1650019
2021-07-05,Nigeria,145589,2506,128832,95988295,1652525
2021-07-06,Nigeria,136996,2359,121228,96125291,1654884
2021-07-07,Nigeria,133935,2307,118519,96259226,1657191
2021-07-08,Nigeria,116025,1999,102670,96375251,1659190
2021-07-09,Nigeria,121224,2087,107271,96496475,1661277
2021-07-10,Nigeria,136513,2356,120800,96632988,1663633
2021-07-11,Nigeria,117562,2023,104030,96750550,1665656
2021-07-12,Nigeria,126112,2174,111596,96876662,1667830
2021-07-13,Nigeria,112508,1934,99558,96989170,1669764
2021-07-14,Nigeria,111942,1925,99057,97101112,1671689
2021-07-15,Nigeria,113871,1957,100764,97214983,1673646
2021-07-16,Nigeria,109070,1876,96516,97324053,1675522
2021-07-17,Nigeria,108089,1857,95648,97432142,1677379
2021-07-18,Nigeria,99392,1711,87952,97531534,1679090
2021-07-19,Nigeria,95477,1642,84487,97627011,1680732
2021-07-20,Nigeria,94474,1629,83600,97721485,1682361
2021-07-21,Nigeria,93937,1618,83125,97815422,1683979
2021-07-22,Nigeria,93109,1603,82392,97908531,1685582
2021-07-23,Nigeria,96669,1665,85542,98005200,1687247
2021-07-24,Nigeria,90036,1551,79673,98095236,1688798
2021-07-25,Nigeria,89538,1544,79232,98184774,1690342
2021-07-26,Nigeria,85829,1476,75950,98270603,1691818
2021-07-27,Nigeria,78430,1349,69402,98349033,1693167
2021-07-28,Nigeria,81004,1395,71680,98430037,1694562
2021-07-29,Nigeria,79353,1369,70219,98509390,1695931
2021-07-30,Nigeria,79691,1369,70518,98589081,1697300
2021-07-31,Nigeria,70748,1219,62605,98659829,1698519
2021-08-01,Nigeria,65322,1127,57803,98725151,1699646
2021-08-02,Nigeria,71406,1230,63187,98796557,1700876
2021-08-03,Nigeria,70071,1207,62005,98866628,1702083
2021-08-04,Nigeria,66356,1143,58718,98932984,1703226
2021-08-05,Nigeria,65187,1126,57684,98998171,1704352
2021-08-06,Nigeria,66049,1138,58446,99064220,1705490
2021-08-07,Nigeria,60064,1031,53150,99124284,1706521
2021-08-08,Nigeria,58884,1013,52106,99183168,1707534
2021-08-09,Nigeria,58221,1002,51519,99241389,1708536
2021-08-10,Nigeria,52866,912,46781,99294255,1709448
2021-08-11,Nigeria,54230,933,47988,99348485,1710381
2021-08-12,Nigeria,52853,910,46769,99401338,1711291
2021-08-13,Nigeria,55645,958,49240,99456983,1712249
2021-08-14,Nigeria,49135,846,43479,99506118,1713095
2021-08-15,Nigeria,48842,840,43220,99554960,1713935
2021-08-16,Nigeria,49024,843,43381,99603984,1714778
2021-08-17,Nigeria,43513,748,38504,99647497,1715526
2021-08-18,Nigeria,47021,810,41608,99694518,1716336
2021-08-19,Nigeria,46364,799,41027,99740882,1717135
2021-08-20,Nigeria,41188,714,36447,99782070,1717849
2021-08-21,Nigeria,38846,666,34374,99820916,1718515
2021-08-22,Nigeria,41775,720,36966,99862691,1719235
2021-08-23,Nigeria,38857,672,34384,99901548,1719907
2021-08-24,Nigeria,36287,623,32110,99937835,1720530
2021-08-25,Nigeria,37434,645,33125,99975269,1721175
2021-08-26,Nigeria,36003,619,31859,100011272,1721794
2021-08-27,Nigeria,32083,551,28390,100043355,1722345
2021-08-28,Nigeria,31915,548,28241,100075270,1722893
2021-08-29,Nigeria,31321,539,27716,100106591,1723432
2021-08-30,Nigeria,29434,506,26046,100136025,1723938
2021-08-31,Nigeria,26394,455,23356,100162419,1724393
2021-09-01,Nigeria,26089,446,23086,100188508,1724839
2021-09-02,Nigeria,24612,425,21779,100213120,1725264
2021-09-03,Nigeria,26095,450,23091,100239215,1725714
2021-09-04,Nigeria,23098,398,20439,100262313,1726112
2021-09-05,Nigeria,23894,416,21143,100286207,1726528
2021-09-06,Nigeria,24895,431,22029,100311102,1726959
2021-09-07,Nigeria,23538,404,20828,100334640,1727363
2021-09-08,Nigeria,19211,328,16999,100353851,1727691
2021-09-09,Nigeria,19066,326,16871,100372917,1728017
2021-09-10,Nigeria,18844,323,16675,100391761,1728340
2021-09-11,Nigeria,17762,302,15717,100409523,1728642
2021-09-12,Nigeria,16646,287,14730,100426169,1728929
2021-09-13,Nigeria,17445,297,15437,100443614,1729226
2021-09-14,Nigeria,17374,299,15374,100460988,1729525
2021-09-15,Nigeria,16901,292,14955,100477889,1729817
2021-09-16,Nigeria,15132,263,13390,100493021,1730080
2021-09-17,Nigeria,14687,252,12996,100507708,1730332
2021-09-18,Nigeria,14555,249,12879,100522263,1730581
2021-09-19,Nigeria,13655,237,12083,100535918,1730818
2021-09-20,Nigeria,13714,239,12135,100549632,1731057
2021-09-21,Nigeria,12919,223,11432,100562551,1731280
2021-09-22,Nigeria,11903,203,10532,100574454,1731483
2021-09-23,Nigeria,10553,179,9338,100585007,1731662
2021-09-24,Nigeria,11993,208,10612,100597000,1731870
2021-09-25,Nigeria,10325,177,9136,100607325,1732047
2021-09-26,Nigeria,10430,182,9229,100617755,1732229
2021-09-27,Nigeria,8873,151,7851,100626628,1732380
2021-09-28,Nigeria,9396,164,8314,100636024,1732544
2021-09-29,Nigeria,9046,158,8004,100645070,1732702
2021-09-30,Nigeria,8680,148,7680,100653750,1732850
2021-10-01,Nigeria,9490,164,8397,100663240,1733014
2021-10-02,Nigeria,7638,129,6758,100670878,1733143
2021-10-03,Nigeria,7854,132,6950,100678732,1733275
2021-10-04,Nigeria,7402,128,6550,100686134,1733403
2021-10-05,Nigeria,6659,113,5892,100692793,1733516
2021-10-06,Nigeria,6854,118,6065,100699647,1733634
2021-10-07,Nigeria,6242,107,5523,100705889,1733741
2021-10-08,Nigeria,6275,109,5552,100712164,1733850
2021-10-09,Nigeria,6304,109,5578,100718468,1733959
2021-10-10,Nigeria,5520,96,4884,100723988,1734055
2021-10-11,Nigeria,5154,89,4560,100729142,1734144
2021-10-12,Nigeria,5250,91,4645,100734392,1734235
2021-10-13,Nigeria,5090,87,4504,100739482,1734322
2021-10-14,Nigeria,4334,76,3835,100743816,1734398
2021-10-15,Nigeria,4225,76,3738,100748041,1734474
2021-10-16,Nigeria,4259,74,3768,100752300,1734548
2021-10-17,Nigeria,3899,68,3450,100756199,1734616
2021-10-18,Nigeria,3558,60,3148,100759757,1734676
2021-10-19,Nigeria,3656,63,3235,100763413,1734739
2021-10-20,Nigeria,3502,59,3098,100766915,1734798
2021-10-21,Nigeria,3170,53,2805,100770085,1734851
2021-10-22,Nigeria,3076,52,2721,100773161,1734903
2021-10-23,Nigeria,2832,52,2506,100775993,1734955
2021-10-24,Nigeria,2621,44,2319,100778614,1734999
2021-10-25,Nigeria,2570,47,2274,100781184,1735046
2021-10-26,Nigeria,2515,41,2225,100783699,1735087
2021-10-27,Nigeria,2203,38,1949,100785902,1735125
2021-10-28,Nigeria,2212,39,1957,100788114,1735164
2021-10-29,Nigeria,2156,38,1907,100790270,1735202
2021-10-30,Nigeria,2160,35,1911,100792430,1735237
2021-10-31,Nigeria,1903,30,1683,100794333,1735267
2021-11-01,Nigeria,1719,30,1521,100796052,1735297
2021-11-02,Nigeria,1721,28,1522,100797773,1735325
2021-11-03,Nigeria,1602,28,1417,100799375,1735353
2021-11-04,Nigeria,1607,30,1422,100800982,1735383
2021-11-05,Nigeria,1456,23,1288,100802438,1735406
2021-11-06,Nigeria,1211,19,1071,100803649,1735425
2021-11-07,Nigeria,1579,23,1397,100805228,1735448
2021-11-08,Nigeria,1268,23,1122,100806496,1735471
2021-11-09,Nigeria,1197,24,1059,100807693,1735495
2021-11-10,Nigeria,1039,15,919,100808732,1735510
2021-11-11,Nigeria,987,19,873,100809719,1735529
2021-11-12,Nigeria,1004,19,888,100810723,1735548
2021-11-13,Nigeria,971,18,859,100811694,1735566
2021-11-14,Nigeria,934,14,826,100812628,1735580
2021-11-15,Nigeria,863,14,763,100813491,1735594
2021-11-16,Nigeria,756,14,668,100814247,1735608
2021-11-17,Nigeria,663,12,586,100814910,1735620
2021-11-18,Nigeria,714,11,631,100815624,1735631
2021-11-19,Nigeria,659,12,583,100816283,1735643
2021-11-20,Nigeria,598,9,529,100816881,1735652
2021-11-21,Nigeria,629,10,556,100817510,1735662
2021-11-22,Nigeria,523,8,462,100818033,1735670
2021-11-23,Nigeria,554,11,490,100818587,1735681
2021-11-24,Nigeria,469,5,415,100819056,1735686
2021-11-25,Nigeria,480,9,424,100819536,1735695
2021-11-26,Nigeria,471,8,416,100820007,1735703
2021-11-27,Nigeria,416,2,368,100820423,1735705
2021-11-28,Nigeria,434,9,384,100820857,1735714
2021-11-29,Nigeria,413,9,365,100821270,1735723
2021-11-30,Nigeria,357,5,315,100821627,1735728
2021-12-01,Nigeria,341,6,301,100821968,1735734
2021-12-02,Nigeria,330,6,292,100822298,1735740
2021-12-03,Nigeria,302,9,267,100822600,1735749
2021-12-04,Nigeria,282,5,249,100822882,1735754
2021-12-05,Nigeria,252,4,222,100823134,1735758
2021-12-06,Nigeria,221,5,195,100823355,1735763
2021-12-07,Nigeria,211,6,186,100823566,1735769
2021-12-08,Nigeria,243,8,215,100823809,1735777
2021-12-09,Nigeria,205,2,181,100824014,1735779
2021-12-10,Nigeria,187,4,165,100824201,1735783
2021-12-11,Nigeria,190,2,168,100824391,1735785
2021-12-12,Nigeria,159,7,140,100824550,1735792
2021-12-13,Nigeria,161,2,142,100824711,1735794
2021-12-14,Nigeria,147,4,130,100824858,1735798
2021-12-15,Nigeria,141,2,124,100824999,1735800
2021-12-16,Nigeria,126,3,111,100825125,1735803
2021-12-17,Nigeria,113,0,99,100825238,1735803
2021-12-18,Nigeria,107,3,94,100825345,1735806
2021-12-19,Nigeria,100,4,88,100825445,1735810
2021-12-20,Nigeria,98,0,86,100825543,1735810
2021-12-21,Nigeria,83,0,73,100825626,1735810
2021-12-22,Nigeria,79,4,69,100825705,1735814
2021-12-23,Nigeria,81,4,71,100825786,1735818
2021-12-24,Nigeria,75,2,66,100825861,1735820
2021-12-25,Nigeria,71,0,62,100825932,1735820
2021-12-26,Nigeria,65,0,57,100825997,1735820
2021-12-27,Nigeria,72,3,63,100826069,1735823
2021-12-28,Nigeria,58,0,51,100826127,1735823
2021-12-29,Nigeria,52,1,46,100826179,1735824
2021-12-30,Nigeria,50,0,44,100826229,1735824
